employee_id,name,age,gender,salary,dept_id,performance_rating,attrition,years_at_company,hire_date
E00001,Arjun Jain,37,Male,68500,D02,3,Yes,3,2021-11-24
E00002,Aakash Reddy,36,Male,97000,D05,3,No,0,2024-09-07
E00003,Reena Jain,22,Female,47000,D07,2,Yes,0,2024-12-14
E00004,Nisha Patel,46,Female,109500,D01,4,No,11,2013-10-09
E00005,Pooja Shenoy,40,Female,76000,D07,4,Yes,11,2013-10-07
E00006,Pooja Rao,28,Female,38000,D04,2,Yes,7,2017-11-27
E00007,Aparna Kumar,32,Female,89000,D05,2,No,3,2021-03-15
E00008,Rakesh Tiwari,25,Male,56500,D02,2,Yes,0,2024-06-13
E00009,Megha Pawar,47,Female,73500,D06,3,No,4,2020-05-05
E00010,Reena Bhat,45,Female,84000,D02,4,No,16,2008-08-03
E00011,Rakesh Bhatt,26,Male,37500,D04,2,No,4,2020-08-17
E00012,Rakesh Roy,39,Male,74500,D07,4,No,10,2014-02-10
E00013,Deepika Iyer,54,Female,137000,D01,5,No,9,2015-11-17
E00014,Amol Tiwari,53,Male,122000,D01,3,No,11,2013-05-08
E00015,Shailesh Pawar,26,Male,49500,D07,2,No,1,2023-03-22
E00016,Megha Roy,34,Female,52500,D06,2,No,6,2018-11-21
E00017,Vivek Kumar,43,Male,,D01,2,No,7,2017-10-08
E00018,Vikram Pandey,26,Male,66000,D05,2,Yes,2,2022-11-16
E00019,Neha Chauhan,48,Female,89000,D02,4,No,3,2021-11-14
E00020,Rakesh Shah,25,Male,42500,D04,1,No,2,2022-02-08
E00021,Mohit Bhosale,37,Male,,D07,5,No,2,2022-08-26
E00022,Aakash Patil,32,Male,46000,D04,2,Yes,7,2017-04-28
E00023,Sunita Bhosale,40,Female,58500,D04,3,No,15,2009-03-07
E00024,Amit Tiwari,25,Male,63500,D01,2,Yes,3,2021-09-28
E00025,Rohit Dubey,26,Male,50000,D06,4,No,1,2023-07-04
E00026,Pratik Patel,48,Male,77000,D06,3,No,16,2008-06-09
E00027,Ritu Saxena,51,Female,,D03,5,No,2,2022-01-15
E00028,Sudhir Desai,30,Male,60000,D03,2,No,1,2023-04-12
E00029,Archana Kulkarni,22,Female,,D06,4,Yes,1,2023-11-04
E00030,Amit Shenoy,31,Male,51500,D03,2,No,9,2015-04-23
E00031,Sunita Singh,27,Female,44000,D06,1,No,6,2018-05-02
E00032,Divya Malhotra,57,Female,87500,D06,5,No,0,2024-02-03
E00033,Ashwin Kaur,57,Male,112000,D02,4,No,4,2020-01-10
E00034,Siddharth Reddy,37,Male,53500,D06,2,No,11,2013-09-28
E00035,Pranav Iyer,48,Male,111500,D01,4,No,10,2014-07-26
E00036,Ajit Shah,46,Male,76500,D07,4,No,15,2009-04-07
E00037,Vivek Verma,34,Male,45500,D04,2,No,4,2020-02-25
E00038,Sneha Mehta,38,Female,77500,D02,4,No,8,2016-01-04
E00039,Nandita Das,29,Female,49500,D04,3,Yes,3,2021-05-02
E00040,Ashwin Bhatt,26,Male,51000,D06,3,Yes,2,2022-10-11
E00041,Trupti Nambiar,42,Female,60500,D04,3,No,9,2015-09-05
E00042,Pratik Yadav,41,Male,57000,D04,3,No,0,2024-05-10
E00043,Leena Malhotra,50,Female,74000,D06,5,No,16,2008-08-26
E00044,Bharat Das,43,Male,,D01,3,No,7,2017-11-10
E00045,Tushar Shukla,26,Male,38000,D04,3,No,5,2019-10-07
E00046,Devendra Sharma,28,Male,,D07,4,No,3,2021-03-26
E00047,Manish Bhosale,30,Male,55500,D07,2,No,8,2016-09-20
E00048,Jyoti Malhotra,32,Female,58500,D06,3,No,7,2017-08-09
E00049,Bharati Patil,39,Female,,D04,2,No,9,2015-04-09
E00050,Vivek Ghosh,31,Male,,D06,2,No,1,2023-07-14
E00051,Gayatri Kaur,23,Female,50000,D07,1,No,2,2022-07-16
E00052,Rupali Roy,36,Female,46000,D04,1,Yes,8,2016-07-16
E00053,Sonal Menon,51,Female,103500,D02,5,Yes,0,2024-07-19
E00054,Abhijit Iyer,25,Male,43000,D03,2,No,2,2022-04-15
E00055,Sunita Patel,52,Female,130000,D01,5,No,1,2023-06-08
E00056,Ajay Pillai,23,Male,60000,D05,3,No,0,2024-03-16
E00057,Riddhi Thakur,32,Female,87000,D05,3,No,11,2013-12-04
E00058,Dinesh Yadav,46,Male,,D04,5,No,6,2018-02-19
E00059,Chetana Dubey,29,Female,55500,D07,2,No,0,2024-06-18
E00060,Priya Nambiar,53,Female,127500,D01,4,No,11,2013-11-27
E00061,Archana Roy,52,Female,67500,D04,4,No,8,2016-06-28
E00062,Neha Bhosale,58,Female,150000,D05,4,No,12,2012-06-01
E00063,Sunita Pandey,39,Female,106000,D05,4,No,8,2016-09-01
E00064,Vrinda Shenoy,37,Female,59500,D06,1,Yes,15,2009-08-26
E00065,Dinesh Kaur,45,Male,61500,D04,5,No,16,2008-06-14
E00066,Anita Saxena,38,Female,70000,D02,3,No,6,2018-06-04
E00067,Tejas Chauhan,39,Male,64000,D06,5,No,16,2008-10-10
E00068,Lakshmi Saxena,22,Female,39000,D06,4,No,0,2024-05-02
E00069,Sameer Pawar,28,Male,,D07,2,Yes,4,2020-08-16
E00070,Kavya Kumar,47,Female,,D04,4,No,1,2023-03-05
E00071,Manish Shenoy,48,Male,127000,D05,4,No,7,2017-09-13
E00072,Pallavi Yadav,25,Female,75000,D05,2,No,0,2024-04-21
E00073,Chetan Kumar,32,Male,77500,D01,2,Yes,7,2017-12-20
E00074,Aparna Bhosale,26,Female,39500,D06,3,No,2,2022-11-19
E00075,Devendra Nair,39,Male,66000,D07,3,No,2,2022-01-06
E00076,Padmaja Mehta,51,Female,77000,D06,4,No,12,2012-05-17
E00077,Komal Tiwari,38,Female,,D01,3,No,7,2017-11-27
E00078,Sudha Gupta,33,Female,47500,D04,1,No,10,2014-08-09
E00079,Pooja Chauhan,44,Female,57000,D04,5,No,10,2014-11-04
E00080,Trupti Bhat,57,Female,137000,D01,4,No,2,2022-06-09
E00081,Hemant Roy,51,Male,60000,D04,4,No,6,2018-09-12
E00082,Tejas Jain,57,Male,115000,D02,4,Yes,9,2015-08-23
E00083,Nilesh Menon,41,Male,99500,D05,4,No,13,2011-02-08
E00084,Devendra Nair,53,Male,79500,D06,4,No,16,2008-12-09
E00085,Jyoti Nair,46,Female,99000,D02,5,No,16,2008-12-05
E00086,Ruchika Das,39,Female,64000,D07,3,No,9,2015-12-10
E00087,Saurabh Roy,52,Male,87500,D03,5,No,12,2012-08-11
E00088,Shweta Nambiar,24,Female,47500,D03,2,No,3,2021-12-26
E00089,Girish Gupta,30,Male,,D05,1,No,9,2015-06-28
E00090,Priya Nair,48,Female,90000,D07,5,No,4,2020-02-16
E00091,Poonam Patel,43,Female,82000,D07,4,No,12,2012-06-21
E00092,Pratik Kumar,37,Male,63000,D06,3,No,9,2015-04-24
E00093,Saurabh Menon,41,Male,92500,D01,2,No,10,2014-01-10
E00094,Sudha Iyer,32,Female,57500,D02,3,No,9,2015-07-20
E00095,Abhijit Desai,51,Male,91500,D03,5,No,0,2024-08-10
E00096,Reena Saxena,49,Female,,D06,5,No,14,2010-05-07
E00097,Sudha Mishra,58,Female,100000,D03,5,No,9,2015-01-27
E00098,Amol Pawar,40,Male,78500,D07,4,No,7,2017-10-26
E00099,Sameer Shah,24,Male,48500,D03,2,Yes,3,2021-01-19
E00100,Komal Nambiar,33,Female,60500,D02,2,No,12,2012-09-12
E00101,Poornima Agarwal,43,Female,72500,D07,4,No,14,2010-02-05
E00102,Jyoti Thakur,27,Female,49000,D07,1,No,0,2024-05-18
E00103,Reena Ghosh,45,Female,112500,D01,4,No,7,2017-08-01
E00104,Devendra Kumar,51,Male,77000,D06,2,Yes,13,2011-02-05
E00105,Suresh Patil,56,Male,109500,D02,5,No,14,2010-06-22
E00106,Nitin Shah,53,Male,136000,D05,4,No,8,2016-01-23
E00107,Nisha Thakur,56,Female,85000,D06,4,Yes,1,2023-07-09
E00108,Pooja Reddy,23,Female,62500,D01,3,No,1,2023-04-05
E00109,Kartik Reddy,36,Male,68000,D03,3,No,4,2020-10-01
E00110,Lakshmi Mehta,23,Female,,D02,2,Yes,1,2023-04-19
E00111,Madhuri Mehta,26,Female,39000,D04,1,No,2,2022-09-19
E00112,Shailesh Kulkarni,41,Male,,D04,4,No,0,2024-01-16
E00113,Meera Patel,42,Female,104500,D05,4,No,2,2022-03-09
E00114,Nandita Kulkarni,40,Female,55500,D04,4,No,13,2011-02-26
E00115,Anil Malhotra,36,Male,48000,D04,3,No,14,2010-07-14
E00116,Smita Nair,52,Female,119500,D01,3,No,2,2022-02-14
E00117,Kartik Shenoy,57,Male,100000,D03,5,No,3,2021-07-12
E00118,Bharat Dubey,41,Male,,D03,3,No,16,2008-04-05
E00119,Kavya Jain,58,Female,115000,D02,5,No,13,2011-09-25
E00120,Amol Jain,23,Male,45000,D02,2,Yes,2,2022-05-11
E00121,Meera Nair,23,Female,61500,D01,2,No,2,2022-04-13
E00122,Riddhi Yadav,27,Female,61500,D01,3,No,1,2023-10-02
E00123,Nandita Malhotra,48,Female,79000,D03,4,No,16,2008-02-12
E00124,Madhuri Saxena,24,Female,47500,D02,2,Yes,0,2024-01-07
E00125,Sheetal Tiwari,29,Female,71500,D01,2,No,6,2018-03-05
E00126,Meera Bhat,24,Female,35000,D04,2,Yes,3,2021-02-28
E00127,Sheetal Mehta,47,Female,122000,D01,5,No,10,2014-03-26
E00128,Pooja Bhatt,28,Female,56000,D02,2,Yes,6,2018-09-03
E00129,Riddhi Menon,26,Female,72500,D05,1,No,0,2024-09-17
E00130,Ajay Shah,31,Male,50000,D03,3,No,2,2022-10-05
E00131,Leena Yadav,50,Female,85500,D06,4,Yes,10,2014-11-11
E00132,Anita Kaur,25,Female,45500,D03,2,Yes,0,2024-05-15
E00133,Devendra Patel,54,Male,70000,D04,5,Yes,1,2023-08-26
E00134,Karan Malhotra,28,Male,59000,D07,2,Yes,5,2019-12-03
E00135,Padmaja Kulkarni,55,Female,137000,D05,4,No,11,2013-06-10
E00136,Sameer Pandey,26,Male,40000,D03,2,No,4,2020-11-13
E00137,Varun Patel,31,Male,52000,D03,2,No,10,2014-12-22
E00138,Jyoti Ghosh,43,Female,,D07,4,No,16,2008-02-21
E00139,Lakshmi Reddy,43,Female,78500,D07,3,No,6,2018-04-05
E00140,Hemant Pandey,30,Male,78000,D05,3,No,2,2022-03-06
E00141,Shailesh Malhotra,24,Male,35000,D04,2,No,1,2023-08-20
E00142,Dinesh Chauhan,34,Male,63000,D03,3,No,9,2015-08-15
E00143,Divya Pillai,30,Female,,D07,3,No,0,2024-11-16
E00144,Bharat Patel,32,Male,56000,D03,2,No,8,2016-03-27
E00145,Namita Verma,48,Female,115000,D01,4,Yes,16,2008-06-08
E00146,Nisha Pandey,31,Female,55000,D02,3,No,4,2020-08-23
E00147,Aakash Verma,38,Male,82000,D02,4,No,4,2020-09-24
E00148,Dinesh Mehta,25,Male,49500,D02,1,No,4,2020-08-03
E00149,Sameer Das,58,Male,115000,D02,3,No,4,2020-05-14
E00150,Hemant Patel,55,Male,,D03,5,No,16,2008-09-17
E00151,Ananya Ghosh,45,Female,82500,D03,3,No,0,2024-06-26
E00152,Ramesh Kaur,43,Male,78500,D02,4,Yes,11,2013-09-11
E00153,Aparna Chauhan,33,Female,55500,D07,4,Yes,1,2023-12-25
E00154,Vikram Tiwari,41,Male,106000,D05,4,No,15,2009-05-02
E00155,Devendra Pandey,39,Male,100000,D01,4,No,11,2013-07-13
E00156,Girish Pawar,45,Male,83000,D07,4,No,8,2016-02-24
E00157,Sanket Agarwal,42,Male,95500,D01,3,No,10,2014-11-10
E00158,Namita Malhotra,24,Female,47000,D06,2,No,2,2022-10-14
E00159,Hemant Bhat,45,Male,122500,D05,4,No,5,2019-01-05
E00160,Rohit Patil,45,Male,76500,D03,4,No,1,2023-10-05
E00161,Vinay Joshi,55,Male,93500,D03,4,Yes,10,2014-11-09
E00162,Madhuri Ghosh,57,Female,134000,D01,4,No,8,2016-12-15
E00163,Preeti Mehta,30,Female,49000,D07,2,Yes,7,2017-03-23
E00164,Trupti Mishra,26,Female,71000,D05,1,No,2,2022-05-28
E00165,Ashwin Das,36,Male,83500,D01,2,No,4,2020-04-26
E00166,Jyoti Joshi,27,Female,64000,D01,2,No,3,2021-12-24
E00167,Nikhil Tiwari,26,Male,39000,D04,1,No,5,2019-09-12
E00168,Ramesh Joshi,49,Male,134500,D05,4,No,1,2023-02-17
E00169,Siddharth Kulkarni,40,Male,67000,D07,4,No,8,2016-04-21
E00170,Sudhir Menon,31,Male,,D02,2,No,9,2015-12-20
E00171,Aakash Gupta,58,Male,100000,D03,5,Yes,6,2018-10-14
E00172,Poonam Saxena,52,Female,108500,D02,3,Yes,12,2012-05-15
E00173,Leena Reddy,43,Female,107000,D05,4,No,10,2014-12-11
E00174,Deepak Thakur,54,Male,133500,D05,4,No,10,2014-04-15
E00175,Bharat Ghosh,48,Male,103500,D02,5,No,5,2019-06-19
E00176,Vrinda Saxena,53,Female,121500,D01,5,No,12,2012-09-15
E00177,Bharat Pawar,52,Male,91000,D03,4,No,0,2024-02-14
E00178,Smita Gupta,47,Female,115500,D01,3,No,6,2018-06-18
E00179,Archana Shukla,29,Female,66500,D02,3,No,1,2023-07-12
E00180,Sanjay Dubey,54,Male,70500,D04,4,No,1,2023-01-02
E00181,Swati Dubey,54,Female,104500,D02,5,No,10,2014-03-13
E00182,Deepika Das,56,Female,,D04,3,No,9,2015-08-27
E00183,Reena Saxena,23,Female,62500,D05,4,No,1,2023-11-26
E00184,Kartik Chauhan,32,Male,87500,D05,3,No,11,2013-10-25
E00185,Vinay Mehta,34,Male,82500,D01,2,Yes,5,2019-07-05
E00186,Komal Singh,30,Female,75500,D05,2,No,8,2016-06-22
E00187,Rupali Pandey,56,Female,99500,D03,4,No,8,2016-10-16
E00188,Dinesh Agarwal,35,Male,60500,D06,2,No,7,2017-06-16
E00189,Sheetal Mehta,58,Female,90000,D06,4,No,12,2012-07-27
E00190,Bharat Patel,44,Male,62000,D04,3,No,8,2016-12-16
E00191,Ritu Shah,37,Female,67000,D02,2,Yes,16,2008-04-21
E00192,Nisha Joshi,22,Female,67000,D05,4,No,0,2024-07-21
E00193,Deepak Agarwal,42,Male,76000,D03,4,No,1,2023-02-21
E00194,Gaurav Nambiar,33,Male,86500,D01,4,No,6,2018-08-06
E00195,Rahul Saxena,58,Male,144000,D05,5,No,10,2014-05-15
E00196,Sudhir Bhosale,39,Male,83500,D02,4,No,3,2021-06-06
E00197,Amit Pandey,40,Male,108000,D05,5,No,6,2018-03-20
E00198,Pooja Bhat,28,Female,51000,D02,1,No,7,2017-06-08
E00199,Ruchika Saxena,58,Female,136500,D01,3,No,11,2013-12-08
E00200,Chetana Das,41,Female,59500,D06,2,No,9,2015-06-20
E00201,Komal Dubey,45,Female,64000,D04,4,Yes,15,2009-09-26
E00202,Manoj Malhotra,55,Male,83500,D06,3,No,2,2022-10-04
E00203,Pranav Tiwari,55,Male,65500,D04,4,No,6,2018-12-19
E00204,Abhijit Joshi,54,Male,,D04,5,No,1,2023-09-15
E00205,Priya Reddy,26,Female,63500,D01,2,Yes,2,2022-12-03
E00206,Ananya Agarwal,48,Female,100000,D02,5,No,4,2020-11-24
E00207,Padmaja Ghosh,46,Female,115000,D01,3,No,4,2020-11-28
E00208,Shailesh Rao,22,Male,42000,D07,3,No,1,2023-08-22
E00209,Ajay Bhosale,44,Male,84500,D02,3,No,6,2018-12-25
E00210,Ajay Reddy,26,Male,66000,D01,3,No,0,2024-08-20
E00211,Piyush Malhotra,36,Male,90500,D05,4,No,1,2023-03-17
E00212,Sudha Dubey,42,Female,,D02,3,No,4,2020-11-17
E00213,Sameer Bhatt,57,Male,66500,D04,4,No,11,2013-11-22
E00214,Swati Saxena,46,Female,96000,D02,3,No,15,2009-04-28
E00215,Deepa Shenoy,48,Female,65000,D04,3,Yes,16,2008-03-13
E00216,Smita Patel,56,Female,,D06,4,No,6,2018-01-09
E00217,Sanjay Kaur,57,Male,113000,D02,5,Yes,6,2018-06-10
E00218,Amit Chauhan,37,Male,61500,D06,4,No,6,2018-07-08
E00219,Pallavi Desai,45,Female,124000,D05,4,No,15,2009-08-04
E00220,Megha Thakur,42,Female,50000,D04,1,No,7,2017-12-05
E00221,Sheetal Nair,34,Female,56000,D03,2,No,6,2018-10-27
E00222,Sunita Pawar,53,Female,64000,D04,4,No,11,2013-03-05
E00223,Manoj Gupta,26,Male,,D07,1,No,0,2024-01-14
E00224,Rahul Reddy,54,Male,68500,D04,5,No,1,2023-10-21
E00225,Sneha Sharma,56,Female,143500,D05,5,No,0,2024-01-17
E00226,Lakshmi Shah,28,Female,69500,D05,2,No,3,2021-04-20
E00227,Pooja Thakur,47,Female,,D04,3,No,7,2017-12-08
E00228,Aakash Bhat,46,Male,62500,D04,2,Yes,15,2009-01-21
E00229,Poonam Pandey,58,Female,105000,D07,4,No,3,2021-09-02
E00230,Anita Gupta,26,Female,51000,D06,3,Yes,2,2022-09-19
E00231,Tejas Kaur,31,Male,63000,D07,1,Yes,6,2018-02-10
E00232,Chetana Roy,43,Female,62500,D04,3,No,4,2020-12-24
E00233,Anil Rao,26,Male,48500,D03,4,No,4,2020-10-13
E00234,Vrinda Rao,44,Female,,D05,4,No,12,2012-07-06
E00235,Neha Kumar,27,Female,43000,D03,3,No,3,2021-12-26
E00236,Aakash Sharma,41,Male,54000,D04,3,No,8,2016-02-05
E00237,Nisha Verma,27,Female,,D03,3,No,0,2024-10-20
E00238,Gayatri Patel,57,Female,114500,D02,4,Yes,16,2008-03-22
E00239,Swati Kumar,32,Female,42500,D04,3,No,6,2018-05-16
E00240,Nandita Shukla,34,Female,42000,D04,4,No,2,2022-05-01
E00241,Padmaja Pandey,49,Female,94500,D07,5,No,4,2020-05-11
E00242,Piyush Tiwari,40,Male,67500,D06,3,No,15,2009-10-26
E00243,Smita Mehta,58,Female,115000,D02,5,No,5,2019-11-25
E00244,Saurabh Agarwal,26,Male,55000,D07,1,Yes,3,2021-11-16
E00245,Nilesh Bhatt,46,Male,111000,D01,4,No,15,2009-10-13
E00246,Rupali Gupta,45,Female,78000,D06,4,No,2,2022-02-25
E00247,Vinay Bhat,43,Male,78000,D07,3,No,3,2021-01-04
E00248,Saurabh Thakur,47,Male,67500,D04,5,No,16,2008-03-12
E00249,Manish Nair,44,Male,74500,D03,4,No,14,2010-04-17
E00250,Tanvi Kumar,41,Female,105000,D01,3,No,3,2021-01-28
E00251,Manoj Iyer,57,Male,110500,D02,5,No,13,2011-08-08
E00252,Shruti Verma,34,Female,50000,D04,3,Yes,6,2018-07-01
E00253,Vinay Shah,56,Male,109000,D02,4,No,10,2014-04-15
E00254,Nandita Ghosh,47,Female,116500,D05,4,No,11,2013-06-28
E00255,Archana Kaur,27,Female,39500,D06,2,Yes,2,2022-02-08
E00256,Manasi Dubey,30,Female,78500,D05,3,No,6,2018-03-16
E00257,Chetan Menon,53,Male,86000,D03,4,Yes,5,2019-06-27
E00258,Girish Joshi,34,Male,61500,D07,2,No,8,2016-09-21
E00259,Vrinda Menon,27,Female,65000,D05,1,Yes,6,2018-04-10
E00260,Sudha Pawar,57,Female,141500,D05,5,No,3,2021-05-25
E00261,Deepak Malhotra,56,Male,110000,D02,5,No,3,2021-12-27
E00262,Saurabh Desai,44,Male,86000,D07,5,No,2,2022-08-28
E00263,Vandana Shukla,49,Female,99500,D02,4,Yes,4,2020-04-27
E00264,Nandita Roy,32,Female,60000,D03,2,No,4,2020-05-19
E00265,Nikhil Nambiar,25,Male,51000,D03,1,Yes,1,2023-12-28
E00266,Deepak Bhat,53,Male,106500,D02,4,Yes,8,2016-11-14
E00267,Piyush Das,39,Male,70000,D06,3,Yes,11,2013-08-16
E00268,Shailesh Bhosale,44,Male,73500,D07,4,No,12,2012-04-14
E00269,Ruchika Shenoy,58,Female,115000,D02,5,Yes,15,2009-06-22
E00270,Sneha Mehta,32,Female,45500,D04,4,No,0,2024-07-07
E00271,Divya Jain,27,Female,,D06,3,No,2,2022-02-12
E00272,Sonal Rao,49,Female,70500,D06,4,Yes,3,2021-01-07
E00273,Priya Sharma,43,Female,,D07,4,No,13,2011-12-05
E00274,Suresh Tiwari,45,Male,72500,D03,5,No,12,2012-03-21
E00275,Pratik Menon,50,Male,90500,D03,4,No,6,2018-11-24
E00276,Aakash Shah,30,Male,50000,D07,2,No,9,2015-12-13
E00277,Mohit Patel,37,Male,99500,D05,3,No,9,2015-12-01
E00278,Amit Bhat,40,Male,57000,D06,1,No,7,2017-08-13
E00279,Ashwin Tiwari,30,Male,50000,D04,2,Yes,9,2015-07-12
E00280,Arjun Kaur,26,Male,60500,D01,4,No,1,2023-01-02
E00281,Roshni Bhat,27,Female,46000,D06,2,Yes,4,2020-10-05
E00282,Harish Roy,42,Male,59000,D04,4,No,2,2022-05-23
E00283,Aakash Bhatt,29,Male,,D04,3,No,0,2024-05-22
E00284,Ajit Sharma,32,Male,53500,D04,4,No,5,2019-09-17
E00285,Amit Jain,29,Male,61000,D07,2,No,0,2024-06-26
E00286,Girish Bhosale,54,Male,,D03,4,No,15,2009-10-06
E00287,Vivek Das,22,Male,61000,D01,2,No,0,2024-04-02
E00288,Chetan Nambiar,36,Male,59500,D03,2,Yes,13,2011-12-11
E00289,Gaurav Rao,55,Male,140000,D01,5,No,12,2012-02-15
E00290,Chetan Bhosale,22,Male,40000,D03,2,No,1,2023-10-26
E00291,Riddhi Pillai,56,Female,105000,D07,5,Yes,7,2017-03-01
E00292,Varun Sharma,46,Male,88000,D07,4,No,9,2015-02-07
E00293,Harish Jain,27,Male,74000,D01,3,No,1,2023-09-14
E00294,Kartik Shah,54,Male,109500,D02,5,No,12,2012-02-19
E00295,Bharat Desai,42,Male,75500,D07,3,Yes,10,2014-06-15
E00296,Harish Shah,32,Male,45500,D04,2,No,5,2019-07-04
E00297,Leena Desai,29,Female,66000,D01,3,No,4,2020-12-23
E00298,Aakash Patil,44,Male,,D04,3,No,1,2023-11-10
E00299,Padmaja Shenoy,57,Female,,D02,5,Yes,14,2010-02-26
E00300,Nikhil Pillai,47,Male,,D03,3,No,2,2022-10-19
E00301,Sanjay Malhotra,30,Male,80500,D01,4,Yes,5,2019-02-02
E00302,Sonal Bhat,53,Female,126500,D01,4,No,13,2011-03-12
E00303,Vikram Shukla,37,Male,56500,D06,2,Yes,15,2009-07-18
E00304,Preeti Kulkarni,37,Female,65000,D06,4,No,0,2024-07-26
E00305,Sudha Das,42,Female,53500,D04,4,Yes,5,2019-01-11
E00306,Deepa Chauhan,55,Female,99500,D03,4,No,7,2017-03-04
E00307,Deepak Rao,58,Male,105000,D07,5,No,12,2012-06-27
E00308,Komal Mishra,23,Female,43000,D06,1,No,1,2023-10-19
E00309,Rupali Saxena,33,Female,40000,D04,3,Yes,1,2023-01-08
E00310,Archana Pillai,30,Female,57000,D03,1,No,2,2022-06-02
E00311,Manoj Thakur,26,Male,50000,D03,1,No,5,2019-07-19
E00312,Shailesh Bhatt,53,Male,80000,D06,5,No,5,2019-12-18
E00313,Hemant Kaur,33,Male,44000,D04,1,No,11,2013-12-10
E00314,Riddhi Yadav,24,Female,51000,D02,3,Yes,2,2022-10-08
E00315,Komal Kumar,37,Female,62000,D03,3,No,5,2019-11-03
E00316,Padmaja Sharma,38,Female,,D02,3,No,2,2022-06-09
E00317,Sonal Nambiar,32,Female,46000,D04,2,No,6,2018-06-18
E00318,Pranav Malhotra,26,Male,,D07,2,No,0,2024-05-01
E00319,Lokesh Menon,26,Male,77500,D05,4,No,0,2024-06-20
E00320,Poonam Menon,49,Female,90500,D02,5,No,3,2021-06-07
E00321,Trupti Agarwal,41,Female,,D02,2,No,1,2023-07-19
E00322,Anil Patel,40,Male,76500,D07,2,Yes,15,2009-04-04
E00323,Tushar Mehta,41,Male,74000,D07,3,No,15,2009-08-22
E00324,Gayatri Thakur,33,Female,40000,D04,2,No,4,2020-08-15
E00325,Deepak Shah,27,Male,43000,D06,4,No,6,2018-09-14
E00326,Madhuri Nambiar,56,Female,90000,D06,4,Yes,15,2009-10-08
E00327,Sudhir Yadav,55,Male,101000,D07,4,No,4,2020-02-25
E00328,Sanjay Joshi,24,Male,35000,D04,3,No,3,2021-04-27
E00329,Aakash Ghosh,57,Male,75000,D04,4,No,10,2014-05-17
E00330,Kavya Nambiar,31,Female,,D02,4,Yes,9,2015-10-25
E00331,Bharat Roy,44,Male,56000,D04,4,No,12,2012-11-16
E00332,Swati Shukla,47,Female,112500,D01,2,No,10,2014-12-08
E00333,Sneha Pandey,41,Female,68500,D03,3,No,15,2009-12-22
E00334,Riddhi Tiwari,39,Female,61500,D06,3,No,2,2022-04-15
E00335,Deepa Das,32,Female,75500,D01,1,No,11,2013-09-13
E00336,Gaurav Pillai,34,Male,56000,D07,1,No,3,2021-01-15
E00337,Leena Das,47,Female,81000,D06,4,No,3,2021-11-01
E00338,Reena Shenoy,44,Female,71500,D03,4,No,8,2016-12-27
E00339,Vinay Reddy,36,Male,54000,D06,2,Yes,6,2018-05-21
E00340,Tushar Joshi,33,Male,92500,D05,3,No,0,2024-04-09
E00341,Roshni Ghosh,44,Female,55500,D04,4,No,6,2018-08-10
E00342,Rahul Das,45,Male,120000,D05,3,Yes,9,2015-05-22
E00343,Anita Desai,41,Female,76500,D02,3,No,16,2008-04-02
E00344,Chetana Joshi,23,Female,39500,D06,2,No,1,2023-05-14
E00345,Varun Rao,56,Male,90000,D06,5,No,15,2009-11-12
E00346,Bharat Shah,52,Male,107500,D02,5,No,8,2016-12-26
E00347,Poonam Patel,36,Female,59000,D03,3,No,9,2015-07-26
E00348,Kavya Chauhan,25,Female,49500,D07,1,No,4,2020-10-20
E00349,Madhuri Saxena,48,Female,122500,D01,4,No,4,2020-03-07
E00350,Swati Tiwari,33,Female,,D07,4,No,7,2017-06-21
E00351,Anita Reddy,32,Female,89500,D05,3,No,2,2022-08-26
E00352,Shruti Bhatt,52,Female,60500,D04,4,No,1,2023-09-07
E00353,Arjun Sharma,37,Male,77500,D02,3,No,11,2013-05-05
E00354,Vikram Saxena,40,Male,59000,D04,3,No,16,2008-10-17
E00355,Vrinda Mishra,34,Female,76000,D02,2,No,12,2012-07-01
E00356,Kartik Das,32,Male,76500,D01,1,No,11,2013-11-26
E00357,Amol Singh,28,Male,52500,D06,1,No,0,2024-01-23
E00358,Poornima Nair,35,Female,60000,D06,2,Yes,10,2014-01-10
E00359,Nitin Shah,54,Male,86500,D06,5,No,3,2021-05-04
E00360,Madhuri Pillai,44,Female,68500,D06,4,No,9,2015-03-02
E00361,Ruchika Patil,22,Female,58000,D01,2,No,0,2024-02-27
E00362,Shailesh Shah,38,Male,57000,D06,2,Yes,14,2010-05-09
E00363,Bharat Thakur,42,Male,61500,D04,4,Yes,3,2021-02-28
E00364,Varun Mishra,50,Male,126500,D05,3,No,2,2022-06-27
E00365,Anita Ghosh,52,Female,93500,D07,5,Yes,5,2019-02-05
E00366,Suresh Nambiar,52,Male,,D07,4,No,14,2010-03-20
E00367,Tushar Pawar,29,Male,42000,D04,3,Yes,0,2024-02-09
E00368,Hemant Pandey,55,Male,146000,D05,5,No,3,2021-07-22
E00369,Swati Shenoy,25,Female,64500,D01,2,No,1,2023-09-28
E00370,Tanvi Patil,43,Female,68000,D03,4,No,16,2008-04-18
E00371,Padmaja Yadav,50,Female,127000,D01,4,No,15,2009-08-11
E00372,Piyush Nambiar,24,Male,66000,D05,3,No,0,2024-02-26
E00373,Devendra Bhosale,43,Male,80500,D03,4,No,1,2023-04-28
E00374,Vandana Thakur,50,Female,114500,D01,4,No,7,2017-01-11
E00375,Aparna Shah,24,Female,49000,D02,3,Yes,1,2023-12-24
E00376,Manish Bhat,35,Male,,D04,3,No,12,2012-04-23
E00377,Ramesh Malhotra,51,Male,81500,D06,3,No,16,2008-03-16
E00378,Reena Chauhan,54,Female,,D07,4,No,5,2019-12-19
E00379,Deepika Ghosh,48,Female,132000,D05,5,No,7,2017-05-13
E00380,Nikhil Nambiar,54,Male,99000,D03,5,No,10,2014-12-24
E00381,Chetana Mishra,30,Female,,D06,3,No,2,2022-09-18
E00382,Jyoti Chauhan,58,Female,90000,D06,5,No,13,2011-11-24
E00383,Priya Kulkarni,28,Female,67500,D01,1,No,2,2022-01-22
E00384,Chetana Desai,31,Female,51000,D07,2,No,4,2020-04-25
E00385,Amit Shenoy,46,Male,92000,D02,2,No,9,2015-12-22
E00386,Jyoti Singh,22,Female,38000,D06,3,No,0,2024-10-28
E00387,Sejal Kaur,56,Female,89000,D06,4,Yes,6,2018-12-07
E00388,Gaurav Das,29,Male,35500,D04,2,Yes,6,2018-05-18
E00389,Varun Bhosale,31,Male,71000,D01,3,No,5,2019-10-02
E00390,Vrinda Yadav,57,Female,91500,D03,5,No,10,2014-09-08
E00391,Nitin Roy,56,Male,66500,D04,5,No,11,2013-04-07
E00392,Jyoti Sharma,29,Female,46000,D06,3,No,7,2017-04-21
E00393,Gayatri Mehta,46,Female,81000,D03,4,No,9,2015-01-17
E00394,Vrinda Gupta,40,Female,59000,D06,4,Yes,10,2014-09-03
E00395,Sameer Kumar,35,Male,59000,D06,3,No,12,2012-04-28
E00396,Poonam Kumar,31,Female,76000,D01,1,Yes,5,2019-01-03
E00397,Vinay Rao,38,Male,51000,D04,2,Yes,14,2010-11-13
E00398,Devendra Shukla,26,Male,53000,D07,3,No,4,2020-01-23
E00399,Chetana Saxena,27,Female,53000,D03,3,Yes,3,2021-07-13
E00400,Nikhil Bhat,56,Male,100000,D03,5,No,4,2020-05-22
E00401,Priya Shenoy,57,Female,107000,D02,5,No,1,2023-01-19
E00402,Megha Mishra,35,Female,56500,D04,3,Yes,10,2014-09-05
E00403,Manish Iyer,58,Male,98000,D07,3,No,14,2010-11-18
E00404,Shailesh Kaur,53,Male,,D03,4,No,4,2020-11-21
E00405,Sunil Pawar,50,Male,89000,D03,4,No,9,2015-12-19
E00406,Divya Sharma,42,Female,89000,D02,4,No,7,2017-12-24
E00407,Poornima Bhosale,50,Female,,D03,4,No,9,2015-08-18
E00408,Ritu Roy,34,Female,64000,D03,1,Yes,10,2014-02-24
E00409,Kartik Kaur,47,Male,87500,D07,3,No,6,2018-01-18
E00410,Ashwin Bhat,36,Male,68000,D07,2,Yes,9,2015-03-15
E00411,Hemant Patil,32,Male,60000,D07,1,No,2,2022-08-06
E00412,Amit Chauhan,44,Male,102500,D01,3,No,15,2009-04-03
E00413,Gayatri Chauhan,51,Female,116000,D01,5,No,10,2014-02-23
E00414,Reena Roy,58,Female,113000,D02,5,No,12,2012-06-19
E00415,Shweta Kulkarni,47,Female,87000,D03,4,No,11,2013-08-26
E00416,Saurabh Menon,36,Male,88500,D01,1,No,8,2016-04-05
E00417,Hemant Rao,48,Male,85000,D07,4,No,3,2021-08-22
E00418,Sneha Patil,24,Female,50500,D02,2,No,1,2023-03-21
E00419,Rajesh Iyer,55,Male,,D04,5,No,0,2024-12-24
E00420,Nandita Chauhan,52,Female,99000,D02,5,No,13,2011-10-05
E00421,Divya Pandey,51,Female,134000,D05,4,No,2,2022-04-13
E00422,Swati Dubey,28,Female,56500,D02,3,Yes,0,2024-09-17
E00423,Ramesh Bhatt,55,Male,69500,D04,4,No,1,2023-12-17
E00424,Namita Kaur,58,Female,,D01,5,No,4,2020-05-16
E00425,Sunita Pillai,22,Female,42000,D06,1,Yes,0,2024-10-17
E00426,Manasi Thakur,28,Female,55500,D02,2,No,4,2020-05-28
E00427,Sejal Reddy,48,Female,130000,D05,5,No,15,2009-03-12
E00428,Riddhi Bhat,30,Female,62000,D07,2,No,1,2023-12-08
E00429,Sudhir Bhat,43,Male,,D07,5,Yes,1,2023-03-13
E00430,Tushar Dubey,49,Male,112000,D01,3,Yes,8,2016-04-12
E00431,Archana Kulkarni,40,Female,72000,D06,4,Yes,1,2023-03-21
E00432,Preeti Gupta,54,Female,143500,D05,5,No,7,2017-10-06
E00433,Aakash Jain,47,Male,84500,D03,3,Yes,12,2012-07-19
E00434,Chetan Agarwal,57,Male,145000,D05,5,No,11,2013-05-08
E00435,Rajesh Iyer,48,Male,118500,D05,3,No,2,2022-09-10
E00436,Rupali Yadav,38,Female,60500,D06,3,No,12,2012-10-16
E00437,Chetana Bhosale,23,Female,35000,D04,3,No,1,2023-02-13
E00438,Sunil Nambiar,44,Male,116000,D05,3,No,0,2024-12-27
E00439,Meera Shenoy,33,Female,44500,D04,2,No,5,2019-04-19
E00440,Girish Pillai,37,Male,55500,D06,2,Yes,8,2016-04-08
E00441,Ramesh Shah,29,Male,,D01,3,No,7,2017-10-01
E00442,Smita Shukla,42,Female,64000,D04,5,No,8,2016-08-06
E00443,Deepak Yadav,30,Male,74500,D01,1,No,6,2018-08-18
E00444,Abhijit Mehta,55,Male,69000,D04,4,No,0,2024-01-22
E00445,Lakshmi Shenoy,38,Female,72500,D02,2,No,15,2009-10-11
E00446,Smita Bhat,39,Female,49000,D04,2,Yes,4,2020-10-22
E00447,Chetan Bhatt,46,Male,86000,D02,2,No,4,2020-08-26
E00448,Vrinda Saxena,38,Female,106000,D05,4,Yes,1,2023-07-04
E00449,Bharati Shah,50,Female,76000,D06,4,No,8,2016-06-12
E00450,Nitin Mehta,44,Male,83500,D07,4,No,6,2018-10-19
E00451,Namita Tiwari,54,Female,75000,D04,5,No,14,2010-02-13
E00452,Sameer Pandey,48,Male,77500,D06,4,No,12,2012-02-03
E00453,Vandana Jain,47,Female,88000,D03,5,No,14,2010-06-24
E00454,Arjun Joshi,37,Male,56000,D06,2,Yes,2,2022-04-06
E00455,Jyoti Singh,23,Female,42500,D07,2,Yes,2,2022-02-04
E00456,Pallavi Rao,37,Female,,D06,1,No,14,2010-11-05
E00457,Tanvi Chauhan,51,Female,93500,D07,4,No,8,2016-09-15
E00458,Bharati Yadav,49,Female,130000,D05,5,No,9,2015-06-16
E00459,Manasi Desai,31,Female,47000,D03,3,Yes,0,2024-09-27
E00460,Ajit Pawar,52,Male,82000,D03,3,Yes,13,2011-05-20
E00461,Jyoti Bhatt,47,Female,88500,D02,3,No,12,2012-07-08
E00462,Sheetal Roy,39,Female,49000,D04,2,No,2,2022-03-05
E00463,Aparna Shukla,53,Female,102500,D02,5,Yes,0,2024-03-02
E00464,Anita Joshi,50,Female,70500,D06,2,Yes,7,2017-02-05
E00465,Smita Bhosale,24,Female,40000,D03,3,Yes,1,2023-01-09
E00466,Rajesh Ghosh,22,Male,63000,D01,4,No,0,2024-07-25
E00467,Abhijit Shah,55,Male,81000,D06,5,No,15,2009-07-22
E00468,Amit Shenoy,55,Male,129000,D01,4,No,15,2009-11-10
E00469,Manish Patil,49,Male,,D03,3,No,5,2019-05-19
E00470,Kartik Chauhan,31,Male,59500,D03,2,No,1,2023-04-06
E00471,Karan Mishra,31,Male,52000,D06,2,No,1,2023-03-16
E00472,Padmaja Pillai,23,Female,38000,D06,2,Yes,1,2023-12-05
E00473,Rupali Pawar,34,Female,85000,D05,3,No,8,2016-06-11
E00474,Rohit Kulkarni,31,Male,42000,D04,2,No,4,2020-09-12
E00475,Arjun Shukla,45,Male,84500,D07,3,No,7,2017-06-24
E00476,Manoj Pawar,57,Male,115000,D02,5,Yes,9,2015-06-14
E00477,Vikram Joshi,33,Male,54000,D07,1,Yes,3,2021-02-16
E00478,Trupti Pawar,55,Female,,D05,4,No,8,2016-01-12
E00479,Devendra Pawar,27,Male,45500,D04,2,No,5,2019-01-12
E00480,Vandana Singh,39,Female,,D05,4,No,2,2022-05-03
E00481,Sanket Ghosh,34,Male,69000,D02,3,Yes,10,2014-04-19
E00482,Komal Shah,58,Female,100000,D03,4,Yes,14,2010-12-22
E00483,Deepika Pandey,32,Female,87000,D05,2,No,7,2017-06-11
E00484,Sejal Bhatt,42,Female,106000,D05,4,No,6,2018-07-25
E00485,Padmaja Bhat,22,Female,38000,D06,2,No,1,2023-10-01
E00486,Shweta Reddy,42,Female,107000,D01,4,No,8,2016-09-17
E00487,Abhijit Mishra,31,Male,,D02,2,No,5,2019-10-08
E00488,Sudha Reddy,26,Female,41000,D06,3,No,3,2021-03-16
E00489,Amol Saxena,24,Male,46000,D06,1,No,3,2021-02-25
E00490,Manasi Mehta,36,Female,61000,D06,3,Yes,0,2024-11-25
E00491,Rupali Yadav,31,Female,55000,D03,3,No,3,2021-03-02
E00492,Vivek Bhatt,40,Male,,D07,3,No,4,2020-03-11
E00493,Sunita Patel,47,Female,121500,D05,4,No,4,2020-03-16
E00494,Chetan Shukla,55,Male,105000,D02,4,No,2,2022-05-25
E00495,Hemant Nambiar,49,Male,82500,D03,4,Yes,6,2018-06-12
E00496,Archana Malhotra,31,Female,37500,D04,2,No,3,2021-04-22
E00497,Amit Singh,37,Male,104500,D05,3,No,4,2020-05-01
E00498,Sneha Pandey,35,Female,57500,D06,2,Yes,3,2021-04-18
E00499,Ajit Verma,46,Male,127000,D05,3,No,16,2008-01-09
E00500,Deepa Bhosale,22,Female,,D01,4,No,1,2023-11-28
E00501,Poonam Ghosh,36,Female,51000,D04,3,No,3,2021-06-16
E00502,Jyoti Verma,24,Female,56000,D02,2,Yes,2,2022-06-16
E00503,Namita Saxena,37,Female,94000,D05,3,No,1,2023-11-09
E00504,Chetan Jain,36,Male,70000,D02,1,No,12,2012-11-05
E00505,Nitin Patil,58,Male,114000,D02,4,Yes,9,2015-10-11
E00506,Nikhil Saxena,55,Male,108000,D02,5,No,4,2020-11-19
E00507,Gaurav Tiwari,31,Male,43500,D06,2,No,5,2019-07-14
E00508,Swati Pillai,28,Female,51500,D02,2,No,0,2024-10-20
E00509,Vivek Verma,44,Male,110000,D01,4,No,15,2009-03-17
E00510,Lokesh Pawar,52,Male,98000,D02,4,No,6,2018-04-02
E00511,Shweta Pillai,35,Female,80500,D01,3,No,14,2010-08-28
E00512,Anil Bhat,24,Male,69000,D05,2,No,3,2021-12-11
E00513,Manoj Shah,50,Male,,D04,5,No,1,2023-04-17
E00514,Madhuri Singh,34,Female,59000,D03,3,No,6,2018-05-25
E00515,Ajit Kulkarni,31,Male,50500,D04,3,Yes,10,2014-08-03
E00516,Piyush Nambiar,42,Male,49500,D04,3,No,5,2019-08-19
E00517,Rajesh Tiwari,32,Male,,D06,3,No,1,2023-02-04
E00518,Sonal Das,32,Female,47000,D04,1,Yes,6,2018-01-25
E00519,Pranav Nair,33,Male,65000,D07,2,No,0,2024-07-10
E00520,Manish Joshi,34,Male,85500,D01,2,No,12,2012-05-01
E00521,Amol Pawar,37,Male,,D02,2,No,15,2009-08-14
E00522,Archana Shenoy,35,Female,,D01,2,Yes,2,2022-01-21
E00523,Ruchika Patel,25,Female,61000,D01,2,No,1,2023-03-22
E00524,Abhijit Kaur,45,Male,103000,D01,5,No,9,2015-06-12
E00525,Bharat Chauhan,30,Male,77500,D01,2,Yes,4,2020-06-17
E00526,Suresh Yadav,55,Male,133000,D01,5,No,9,2015-07-20
E00527,Ritu Shukla,58,Female,75000,D04,4,No,15,2009-08-26
E00528,Rahul Mehta,23,Male,38500,D04,2,No,0,2024-12-28
E00529,Varun Mishra,57,Male,105000,D07,4,No,6,2018-01-21
E00530,Pallavi Das,57,Female,100000,D03,4,No,0,2024-02-22
E00531,Gaurav Pillai,43,Male,76500,D07,2,Yes,15,2009-08-26
E00532,Rupali Pandey,51,Female,98000,D07,5,No,13,2011-12-02
E00533,Jyoti Roy,23,Female,,D02,4,No,2,2022-06-26
E00534,Mohit Verma,43,Male,60500,D04,4,No,5,2019-10-20
E00535,Vandana Tiwari,24,Female,42000,D03,2,No,0,2024-08-08
E00536,Lakshmi Mehta,45,Female,75000,D07,4,No,6,2018-02-15
E00537,Sanjay Pandey,52,Male,,D06,4,No,16,2008-05-25
E00538,Tejas Gupta,51,Male,71000,D04,4,Yes,16,2008-02-01
E00539,Varun Bhosale,24,Male,60500,D01,3,No,2,2022-01-19
E00540,Sanjay Agarwal,39,Male,,D05,2,Yes,14,2010-11-04
E00541,Tejas Roy,44,Male,112000,D05,4,No,8,2016-03-23
E00542,Archana Pandey,56,Female,65500,D04,5,Yes,4,2020-01-16
E00543,Anil Bhat,33,Male,55500,D06,3,No,9,2015-11-27
E00544,Preeti Roy,27,Female,55500,D07,1,No,3,2021-10-05
E00545,Abhijit Saxena,51,Male,63000,D04,5,No,7,2017-03-28
E00546,Ajit Pandey,42,Male,57000,D04,3,No,0,2024-02-16
E00547,Riddhi Mishra,58,Female,115000,D02,5,Yes,3,2021-07-27
E00548,Dinesh Roy,51,Male,69000,D04,4,Yes,13,2011-04-20
E00549,Varun Reddy,49,Male,,D07,3,No,10,2014-09-23
E00550,Kavya Kaur,51,Female,89500,D03,4,No,3,2021-08-06
E00551,Tanvi Pawar,25,Female,57500,D01,3,Yes,1,2023-10-25
E00552,Saurabh Roy,40,Male,57000,D04,4,No,14,2010-04-07
E00553,Roshni Mishra,27,Female,,D05,3,No,4,2020-09-13
E00554,Rahul Shenoy,44,Male,113000,D01,4,No,9,2015-01-08
E00555,Shruti Ghosh,49,Female,123000,D05,3,No,5,2019-08-05
E00556,Swati Agarwal,30,Female,52500,D02,1,No,1,2023-11-01
E00557,Aakash Joshi,48,Male,87000,D07,4,No,13,2011-10-06
E00558,Namita Rao,33,Female,49000,D04,3,Yes,0,2024-10-16
E00559,Rupali Yadav,45,Female,102000,D01,3,No,15,2009-12-12
E00560,Shailesh Kulkarni,39,Male,54500,D04,3,No,2,2022-09-20
E00561,Rakesh Roy,41,Male,100500,D05,1,No,10,2014-09-25
E00562,Manasi Mishra,40,Female,64500,D03,3,No,1,2023-12-20
E00563,Sameer Chauhan,32,Male,78000,D05,3,Yes,10,2014-05-26
E00564,Sudhir Kumar,39,Male,62500,D03,2,No,8,2016-05-28
E00565,Hemant Malhotra,45,Male,77000,D07,4,No,8,2016-12-08
E00566,Pooja Nair,31,Female,58000,D07,3,No,6,2018-07-08
E00567,Deepa Desai,29,Female,66500,D01,2,No,7,2017-07-16
E00568,Lokesh Ghosh,52,Male,84500,D03,3,No,16,2008-07-01
E00569,Madhuri Gupta,28,Female,77500,D05,4,No,5,2019-07-20
E00570,Nisha Desai,47,Female,67500,D04,5,Yes,7,2017-12-22
E00571,Sunil Shenoy,22,Male,38000,D06,1,Yes,0,2024-01-14
E00572,Shailesh Agarwal,38,Male,68500,D02,1,No,0,2024-10-03
E00573,Amol Mehta,29,Male,77500,D01,3,No,2,2022-07-22
E00574,Manish Iyer,38,Male,66500,D03,4,No,2,2022-11-15
E00575,Sunita Menon,26,Female,51500,D03,2,Yes,0,2024-07-13
E00576,Lakshmi Malhotra,26,Female,46500,D04,1,No,1,2023-10-13
E00577,Megha Shukla,28,Female,45500,D04,1,No,4,2020-02-02
E00578,Sneha Pawar,31,Female,53500,D06,2,Yes,0,2024-01-22
E00579,Sudha Sharma,54,Female,90000,D06,4,No,15,2009-08-14
E00580,Sanket Rao,22,Male,42500,D04,2,No,1,2023-02-19
E00581,Shruti Singh,27,Female,49000,D03,3,No,6,2018-06-03
E00582,Gaurav Shenoy,24,Male,40000,D04,2,Yes,1,2023-05-23
E00583,Pooja Malhotra,34,Female,61000,D02,4,No,3,2021-01-24
E00584,Vrinda Roy,50,Female,,D01,4,Yes,10,2014-01-11
E00585,Chetana Roy,31,Female,,D06,3,No,3,2021-02-02
E00586,Ajay Joshi,22,Male,47500,D02,3,No,0,2024-05-27
E00587,Suresh Mehta,53,Male,142500,D05,4,No,7,2017-02-26
E00588,Tanvi Mehta,58,Female,,D05,3,No,10,2014-04-25
E00589,Swati Nambiar,32,Female,50500,D06,2,No,8,2016-03-15
E00590,Riddhi Menon,23,Female,35000,D04,4,No,0,2024-01-06
E00591,Manasi Chauhan,30,Female,55000,D02,2,No,4,2020-09-15
E00592,Amol Iyer,53,Male,,D05,5,No,2,2022-11-27
E00593,Sanjay Mehta,55,Male,135000,D01,4,No,11,2013-09-17
E00594,Deepa Pillai,29,Female,,D07,1,No,7,2017-08-06
E00595,Sheetal Reddy,49,Female,82500,D03,4,No,14,2010-01-04
E00596,Girish Das,29,Male,78000,D01,2,No,3,2021-12-15
E00597,Shweta Mehta,42,Female,77500,D02,5,No,7,2017-12-14
E00598,Reena Pawar,25,Female,35000,D04,1,Yes,1,2023-10-15
E00599,Sameer Mishra,39,Male,,D02,2,Yes,4,2020-01-23
E00600,Leena Nambiar,32,Female,57000,D07,1,No,3,2021-05-20
E00601,Vinay Shenoy,36,Male,,D01,2,No,15,2009-04-19
E00602,Komal Patil,37,Female,64000,D03,4,No,7,2017-10-05
E00603,Vikram Chauhan,54,Male,,D01,5,No,16,2008-07-16
E00604,Neha Patel,57,Female,95500,D07,4,No,13,2011-04-05
E00605,Tushar Saxena,32,Male,52000,D06,1,No,9,2015-12-19
E00606,Lakshmi Thakur,51,Female,82500,D06,4,No,0,2024-11-03
E00607,Roshni Jain,56,Female,150000,D05,5,No,6,2018-11-03
E00608,Deepa Mehta,46,Female,,D03,3,No,1,2023-06-12
E00609,Nikhil Pandey,37,Male,91500,D05,2,No,15,2009-12-25
E00610,Sunil Mishra,39,Male,105500,D05,3,No,13,2011-05-02
E00611,Tushar Roy,56,Male,,D03,5,No,11,2013-11-23
E00612,Pooja Patel,47,Female,90500,D02,3,No,2,2022-02-06
E00613,Manoj Verma,40,Male,,D04,4,No,4,2020-08-12
E00614,Rohit Verma,36,Male,74000,D07,3,No,10,2014-07-19
E00615,Leena Saxena,58,Female,115000,D02,4,No,9,2015-03-26
E00616,Harish Mishra,40,Male,62500,D04,4,Yes,5,2019-10-06
E00617,Pranav Patil,29,Male,68500,D01,2,Yes,2,2022-08-09
E00618,Namita Nair,45,Female,61500,D04,3,Yes,5,2019-09-10
E00619,Abhijit Tiwari,31,Male,84000,D01,3,No,8,2016-09-11
E00620,Vinay Malhotra,43,Male,,D06,4,Yes,15,2009-01-05
E00621,Saurabh Mishra,27,Male,41000,D03,2,Yes,4,2020-11-07
E00622,Preeti Verma,27,Female,78500,D05,4,No,3,2021-11-22
E00623,Tanvi Dubey,54,Female,137500,D01,5,No,11,2013-07-05
E00624,Bharat Mishra,44,Male,76000,D03,5,No,2,2022-04-24
E00625,Sheetal Menon,49,Female,83500,D06,5,Yes,13,2011-03-27
E00626,Madhuri Pandey,26,Female,74500,D05,2,No,3,2021-02-01
E00627,Vandana Yadav,30,Female,55500,D02,2,No,6,2018-05-18
E00628,Vrinda Shenoy,51,Female,94000,D02,3,No,0,2024-03-09
E00629,Devendra Agarwal,48,Male,95500,D02,4,No,7,2017-01-04
E00630,Reena Chauhan,58,Female,,D04,4,No,8,2016-11-22
E00631,Rajesh Menon,25,Male,48000,D02,2,Yes,3,2021-12-05
E00632,Deepa Agarwal,40,Female,,D05,4,No,2,2022-09-07
E00633,Sanket Tiwari,42,Male,83000,D07,4,No,9,2015-05-22
E00634,Swati Sharma,30,Female,,D05,2,No,5,2019-08-14
E00635,Sudhir Rao,34,Male,69500,D07,3,No,8,2016-10-23
E00636,Nitin Bhosale,26,Male,70000,D01,2,No,1,2023-01-16
E00637,Nandita Kulkarni,43,Female,89500,D02,4,No,9,2015-01-24
E00638,Ajit Rao,41,Male,,D02,4,No,4,2020-02-14
E00639,Sejal Bhatt,24,Female,45000,D02,2,No,0,2024-11-17
E00640,Rohit Saxena,22,Male,42000,D07,2,Yes,0,2024-10-07
E00641,Aakash Nair,39,Male,100000,D05,2,No,11,2013-03-28
E00642,Suresh Kaur,22,Male,60000,D05,4,No,0,2024-05-06
E00643,Tejas Das,52,Male,93500,D03,5,No,5,2019-08-22
E00644,Roshni Reddy,54,Female,106000,D02,4,No,3,2021-06-04
E00645,Vandana Agarwal,57,Female,81000,D06,4,No,2,2022-06-16
E00646,Chetana Malhotra,36,Female,93500,D05,3,No,9,2015-07-07
E00647,Lakshmi Sharma,53,Female,76500,D06,4,Yes,12,2012-08-17
E00648,Aparna Kaur,28,Female,54000,D06,4,No,2,2022-02-12
E00649,Kavya Rao,49,Female,77000,D06,4,No,8,2016-12-25
E00650,Namita Chauhan,47,Female,63000,D04,4,Yes,8,2016-03-25
E00651,Sameer Joshi,23,Male,61500,D01,3,No,0,2024-02-16
E00652,Swati Saxena,28,Female,46000,D07,2,No,7,2017-08-07
E00653,Rupali Roy,23,Female,42000,D07,2,No,1,2023-02-13
E00654,Vikram Iyer,57,Male,90000,D06,4,Yes,9,2015-12-06
E00655,Sejal Mehta,58,Female,90000,D06,5,No,15,2009-08-18
E00656,Reena Ghosh,44,Female,77000,D07,4,Yes,10,2014-01-01
E00657,Deepak Pandey,46,Male,110500,D01,4,No,11,2013-06-14
E00658,Reena Patel,26,Female,46000,D07,1,No,0,2024-06-06
E00659,Sudha Das,48,Female,75500,D03,5,No,15,2009-10-01
E00660,Girish Shah,35,Male,62000,D03,1,Yes,8,2016-11-11
E00661,Girish Kumar,56,Male,108000,D02,5,No,8,2016-01-10
E00662,Nilesh Kaur,28,Male,72500,D05,3,No,4,2020-02-19
E00663,Devendra Saxena,54,Male,95000,D07,4,No,13,2011-11-18
E00664,Trupti Shenoy,33,Female,83500,D01,1,No,11,2013-09-28
E00665,Anita Roy,49,Female,131500,D05,4,No,1,2023-09-07
E00666,Roshni Nambiar,42,Female,82500,D07,4,No,2,2022-11-07
E00667,Rajesh Dubey,37,Male,47500,D04,1,No,3,2021-03-07
E00668,Jyoti Bhatt,49,Female,84000,D06,4,Yes,1,2023-04-06
E00669,Trupti Shenoy,33,Female,60000,D06,3,Yes,0,2024-12-16
E00670,Nandita Saxena,26,Female,46000,D04,3,No,2,2022-11-22
E00671,Ajay Mehta,58,Male,90000,D06,5,No,3,2021-09-22
E00672,Vrinda Patel,37,Female,91500,D05,2,No,10,2014-06-27
E00673,Anil Reddy,31,Male,,D01,2,No,3,2021-05-15
E00674,Aparna Mehta,42,Female,109000,D05,5,No,15,2009-11-08
E00675,Poornima Thakur,41,Female,102500,D01,4,Yes,1,2023-12-22
E00676,Rajesh Shenoy,46,Male,82500,D03,4,No,11,2013-11-04
E00677,Piyush Desai,41,Male,107000,D01,5,No,7,2017-05-07
E00678,Riddhi Nambiar,24,Female,49500,D03,3,No,0,2024-08-16
E00679,Nisha Menon,38,Female,93000,D05,3,No,11,2013-07-20
E00680,Deepak Singh,33,Male,53000,D06,1,Yes,12,2012-11-05
E00681,Manish Menon,37,Male,101000,D05,4,No,4,2020-10-22
E00682,Rajesh Iyer,42,Male,73500,D07,4,No,6,2018-02-14
E00683,Arjun Verma,57,Male,90000,D06,4,No,7,2017-02-15
E00684,Archana Bhatt,38,Female,69500,D02,1,No,11,2013-03-19
E00685,Chetana Pawar,29,Female,62500,D02,3,No,3,2021-04-28
E00686,Ritu Bhatt,35,Female,88000,D05,3,No,13,2011-05-24
E00687,Arjun Agarwal,38,Male,,D02,4,No,14,2010-04-12
E00688,Ritu Tiwari,47,Female,,D06,4,No,12,2012-12-14
E00689,Karan Pandey,37,Male,58500,D04,5,No,11,2013-10-22
E00690,Rahul Desai,54,Male,138000,D05,4,No,9,2015-07-22
E00691,Rajesh Menon,54,Male,75000,D04,3,No,10,2014-08-05
E00692,Kavya Tiwari,24,Female,49000,D02,4,No,2,2022-12-12
E00693,Madhuri Tiwari,49,Female,94500,D02,5,No,15,2009-03-18
E00694,Sanjay Nair,25,Male,,D02,1,No,0,2024-08-09
E00695,Ananya Malhotra,44,Female,71000,D06,3,No,15,2009-08-16
E00696,Pooja Reddy,40,Female,85500,D02,4,No,5,2019-12-17
E00697,Kartik Sharma,55,Male,,D07,4,No,5,2019-07-03
E00698,Sneha Agarwal,29,Female,41000,D04,1,No,1,2023-06-05
E00699,Leena Jain,22,Female,48000,D03,4,No,0,2024-11-20
E00700,Tejas Singh,40,Male,,D03,4,No,1,2023-12-03
E00701,Lakshmi Patil,47,Female,106500,D01,4,No,6,2018-03-13
E00702,Manish Saxena,53,Male,95500,D07,4,No,9,2015-11-20
E00703,Girish Malhotra,46,Male,58000,D04,4,No,13,2011-02-25
E00704,Pooja Gupta,54,Female,100000,D03,5,No,14,2010-11-08
E00705,Bharat Bhosale,49,Male,125500,D01,5,No,15,2009-05-05
E00706,Manoj Bhatt,40,Male,,D05,1,No,2,2022-01-17
E00707,Namita Desai,27,Female,51000,D07,3,No,0,2024-02-24
E00708,Ananya Patel,48,Female,72500,D06,4,No,10,2014-10-24
E00709,Ruchika Iyer,35,Female,63500,D02,3,Yes,11,2013-10-09
E00710,Piyush Mehta,22,Male,47500,D02,2,No,1,2023-08-23
E00711,Pallavi Shukla,45,Female,,D06,3,Yes,12,2012-05-03
E00712,Ajit Pillai,23,Male,47000,D02,2,No,2,2022-03-21
E00713,Aakash Saxena,51,Male,101000,D02,4,Yes,13,2011-01-04
E00714,Poornima Verma,50,Female,126000,D05,4,No,6,2018-05-19
E00715,Sameer Bhatt,48,Male,87500,D07,4,No,9,2015-01-16
E00716,Shweta Singh,55,Female,132000,D01,4,No,10,2014-09-03
E00717,Girish Shukla,44,Male,63000,D04,3,Yes,13,2011-01-06
E00718,Sudhir Rao,43,Male,118500,D05,4,No,14,2010-03-10
E00719,Poornima Menon,35,Female,65000,D03,2,Yes,11,2013-02-22
E00720,Nisha Nambiar,53,Female,87500,D03,5,No,6,2018-09-02
E00721,Gaurav Das,24,Male,42000,D07,3,Yes,2,2022-07-04
E00722,Ruchika Mishra,24,Female,52000,D07,3,No,2,2022-03-28
E00723,Saurabh Bhosale,29,Male,,D01,2,Yes,1,2023-09-02
E00724,Ashwin Menon,40,Male,63000,D06,5,No,16,2008-08-24
E00725,Manish Pillai,50,Male,70500,D04,5,No,0,2024-04-27
E00726,Mohit Thakur,48,Male,85500,D03,5,No,7,2017-03-25
E00727,Manasi Nambiar,51,Female,93000,D07,4,Yes,11,2013-01-15
E00728,Aakash Pandey,42,Male,62000,D04,4,Yes,5,2019-07-02
E00729,Vinay Singh,55,Male,94000,D03,5,No,12,2012-11-23
E00730,Priya Jain,55,Female,149500,D05,4,No,4,2020-12-13
E00731,Aparna Mishra,47,Female,81000,D07,4,No,9,2015-02-02
E00732,Manoj Roy,40,Male,73500,D02,2,No,16,2008-09-10
E00733,Sanket Kaur,38,Male,,D02,5,Yes,9,2015-12-14
E00734,Sunita Das,44,Female,99500,D01,4,Yes,3,2021-08-10
E00735,Amit Kaur,58,Male,90000,D06,4,No,7,2017-06-10
E00736,Nilesh Ghosh,55,Male,81500,D06,5,No,3,2021-06-17
E00737,Harish Bhatt,48,Male,110000,D01,4,No,1,2023-07-05
E00738,Reena Shenoy,55,Female,98000,D07,5,No,8,2016-10-16
E00739,Sonal Nambiar,32,Female,64500,D02,2,No,2,2022-08-23
E00740,Ajit Reddy,51,Male,60000,D04,5,Yes,5,2019-09-12
E00741,Manish Thakur,58,Male,92500,D03,4,No,16,2008-03-04
E00742,Sneha Nair,31,Female,59500,D07,3,No,6,2018-01-10
E00743,Priya Mehta,57,Female,91500,D03,5,No,1,2023-07-16
E00744,Poornima Dubey,30,Female,50500,D07,3,No,8,2016-11-15
E00745,Pooja Shukla,48,Female,59500,D04,2,No,12,2012-06-18
E00746,Poonam Patel,32,Female,45000,D06,3,No,9,2015-11-26
E00747,Sanjay Shukla,56,Male,149500,D05,4,No,1,2023-10-17
E00748,Hemant Roy,33,Male,77500,D01,3,No,12,2012-04-08
E00749,Sanket Dubey,42,Male,59000,D04,5,No,1,2023-08-28
E00750,Manoj Tiwari,46,Male,73500,D03,3,Yes,3,2021-02-18
E00751,Harish Saxena,48,Male,70500,D06,3,No,1,2023-10-11
E00752,Sunil Nair,48,Male,79500,D03,3,No,12,2012-02-02
E00753,Deepika Das,46,Female,,D01,4,Yes,1,2023-06-15
E00754,Arjun Jain,57,Male,150000,D05,5,No,3,2021-04-25
E00755,Padmaja Patel,54,Female,112000,D02,5,No,4,2020-06-18
E00756,Jyoti Malhotra,24,Female,,D01,3,No,3,2021-10-10
E00757,Anita Dubey,38,Female,73000,D07,4,No,12,2012-06-27
E00758,Pranav Roy,58,Male,137000,D01,4,No,2,2022-07-23
E00759,Roshni Reddy,54,Female,95000,D07,5,No,10,2014-11-09
E00760,Ruchika Reddy,51,Female,130000,D05,5,Yes,0,2024-12-05
E00761,Rakesh Iyer,48,Male,131500,D05,3,No,15,2009-07-18
E00762,Hemant Malhotra,29,Male,59500,D03,2,No,6,2018-10-12
E00763,Manish Bhosale,45,Male,89000,D02,2,Yes,0,2024-04-24
E00764,Preeti Patel,41,Female,79000,D07,5,Yes,7,2017-04-16
E00765,Rahul Pillai,47,Male,120500,D01,4,No,8,2016-10-17
E00766,Rohit Kaur,30,Male,42500,D06,3,No,2,2022-05-19
E00767,Preeti Verma,56,Female,,D05,5,No,14,2010-01-14
E00768,Roshni Nambiar,39,Female,98500,D01,4,No,16,2008-08-16
E00769,Karan Jain,48,Male,124500,D05,3,No,10,2014-01-13
E00770,Amit Rao,49,Male,126000,D01,4,Yes,7,2017-04-06
E00771,Tushar Bhatt,23,Male,67500,D05,2,Yes,2,2022-06-27
E00772,Deepa Pandey,55,Female,95500,D07,4,Yes,2,2022-10-20
E00773,Aakash Singh,24,Male,35000,D04,4,No,0,2024-03-02
E00774,Meera Shah,25,Female,60500,D05,1,No,2,2022-07-13
E00775,Abhijit Ghosh,51,Male,92000,D07,5,No,3,2021-06-21
E00776,Reena Pillai,28,Female,61500,D01,3,No,1,2023-10-26
E00777,Namita Nambiar,52,Female,83500,D06,4,Yes,14,2010-03-08
E00778,Deepika Mishra,41,Female,114000,D05,3,No,4,2020-03-16
E00779,Manoj Kaur,31,Male,72000,D01,1,No,8,2016-09-28
E00780,Rohit Pandey,34,Male,55000,D06,2,Yes,11,2013-12-15
E00781,Archana Saxena,48,Female,78000,D03,5,No,3,2021-08-26
E00782,Ajit Rao,51,Male,128000,D05,5,No,7,2017-08-24
E00783,Megha Bhat,33,Female,53500,D07,2,No,5,2019-01-03
E00784,Preeti Kaur,45,Female,117500,D01,3,No,0,2024-04-07
E00785,Varun Shenoy,37,Male,69500,D02,2,Yes,0,2024-03-27
E00786,Lokesh Mehta,43,Male,83000,D02,4,No,14,2010-04-12
E00787,Vandana Kumar,29,Female,65000,D02,2,No,2,2022-04-07
E00788,Bharati Patil,24,Female,,D07,3,No,1,2023-09-10
E00789,Ritu Das,53,Female,109000,D02,5,Yes,2,2022-08-26
E00790,Vrinda Kulkarni,51,Female,98500,D02,4,No,11,2013-09-23
E00791,Bharati Kaur,24,Female,45000,D02,2,Yes,1,2023-08-28
E00792,Sudha Menon,45,Female,79500,D03,3,No,2,2022-03-25
E00793,Abhijit Das,43,Male,57500,D04,4,No,14,2010-07-14
E00794,Gaurav Malhotra,36,Male,66000,D03,2,No,2,2022-06-03
E00795,Mohit Rao,28,Male,62500,D01,2,Yes,5,2019-01-18
E00796,Komal Jain,34,Female,57000,D06,2,Yes,2,2022-12-24
E00797,Namita Bhat,47,Female,87500,D07,4,No,0,2024-08-21
E00798,Shweta Rao,35,Female,45500,D04,2,No,8,2016-10-26
E00799,Pooja Tiwari,34,Female,,D04,2,No,11,2013-07-07
E00800,Vinay Joshi,41,Male,57500,D06,2,Yes,15,2009-11-27
E00801,Sejal Roy,41,Female,73500,D03,2,Yes,0,2024-10-26
E00802,Sudha Dubey,58,Female,103500,D07,3,No,12,2012-04-13
E00803,Sudha Malhotra,41,Female,94500,D01,3,No,3,2021-11-18
E00804,Gaurav Pillai,26,Male,,D04,3,Yes,1,2023-04-10
E00805,Pranav Tiwari,48,Male,58500,D04,4,No,3,2021-03-18
E00806,Nikhil Reddy,41,Male,61500,D04,4,No,15,2009-03-20
E00807,Anita Pillai,22,Female,45000,D02,3,No,0,2024-07-20
E00808,Leena Bhosale,58,Female,140000,D01,5,No,2,2022-05-21
E00809,Shruti Shukla,33,Female,43500,D04,2,Yes,2,2022-10-24
E00810,Piyush Gupta,37,Male,63000,D07,2,No,8,2016-11-18
E00811,Girish Nambiar,57,Male,135500,D01,5,No,2,2022-02-17
E00812,Megha Das,24,Female,35000,D04,3,No,0,2024-11-23
E00813,Preeti Bhat,24,Female,56000,D01,2,No,0,2024-12-05
E00814,Aakash Shenoy,37,Male,67000,D06,4,No,14,2010-03-16
E00815,Amol Shah,33,Male,,D03,1,No,8,2016-12-13
E00816,Swati Malhotra,44,Female,83500,D02,3,No,1,2023-11-18
E00817,Lokesh Saxena,50,Male,123000,D01,4,No,0,2024-01-25
E00818,Sanjay Patel,23,Male,35000,D04,1,No,0,2024-06-27
E00819,Hemant Menon,32,Male,77500,D01,2,No,8,2016-02-27
E00820,Sanket Bhat,49,Male,114500,D01,3,Yes,6,2018-02-12
E00821,Lokesh Reddy,51,Male,94500,D02,4,Yes,8,2016-11-20
E00822,Riddhi Dubey,53,Female,132000,D01,5,No,5,2019-05-04
E00823,Varun Iyer,42,Male,80000,D07,2,No,15,2009-02-11
E00824,Sudhir Kaur,22,Male,45000,D02,3,No,0,2024-05-08
E00825,Nikhil Thakur,53,Male,87000,D03,5,No,4,2020-07-07
E00826,Komal Pandey,30,Female,50500,D03,4,No,0,2024-09-26
E00827,Vivek Pandey,43,Male,81000,D02,4,No,1,2023-11-08
E00828,Madhuri Tiwari,33,Female,,D04,2,No,0,2024-02-28
E00829,Tejas Joshi,27,Male,56500,D02,2,No,4,2020-04-08
E00830,Shailesh Pillai,37,Male,46500,D04,2,No,7,2017-05-10
E00831,Pooja Thakur,47,Female,57500,D04,4,No,15,2009-08-14
E00832,Sneha Ghosh,49,Female,82500,D07,3,No,9,2015-10-18
E00833,Pallavi Bhosale,40,Female,56000,D04,3,No,15,2009-02-11
E00834,Rahul Sharma,54,Male,88000,D06,5,No,11,2013-08-13
E00835,Gayatri Pawar,41,Female,67000,D06,5,Yes,2,2022-07-02
E00836,Sanjay Bhatt,38,Male,77000,D07,4,No,11,2013-09-23
E00837,Roshni Patil,37,Female,44000,D04,3,No,11,2013-11-23
E00838,Nandita Bhosale,31,Female,51000,D03,3,Yes,9,2015-10-22
E00839,Shruti Kaur,27,Female,79500,D05,3,No,1,2023-07-06
E00840,Reena Saxena,48,Female,94000,D07,5,No,2,2022-02-21
E00841,Komal Reddy,47,Female,71000,D06,4,Yes,0,2024-03-27
E00842,Madhuri Nambiar,40,Female,63000,D06,3,Yes,5,2019-03-12
E00843,Saurabh Yadav,35,Male,65500,D02,3,No,0,2024-12-06
E00844,Padmaja Shukla,28,Female,,D07,1,Yes,2,2022-02-10
E00845,Kartik Patil,52,Male,71500,D04,4,No,3,2021-01-02
E00846,Suresh Reddy,55,Male,92000,D07,5,No,12,2012-10-17
E00847,Sejal Pandey,49,Female,83000,D03,3,No,10,2014-06-27
E00848,Siddharth Pandey,28,Male,68500,D01,3,No,6,2018-12-27
E00849,Aparna Patil,45,Female,62500,D04,4,Yes,15,2009-09-14
E00850,Sneha Thakur,24,Female,49500,D07,2,No,2,2022-11-15
E00851,Siddharth Bhatt,52,Male,87500,D06,4,Yes,3,2021-12-13
E00852,Nikhil Pawar,27,Male,54000,D03,2,No,5,2019-09-28
E00853,Trupti Roy,37,Female,69500,D02,1,No,5,2019-11-23
E00854,Sunil Ghosh,39,Male,82000,D02,5,No,8,2016-11-16
E00855,Pooja Pandey,36,Female,99500,D05,2,No,2,2022-11-11
E00856,Poonam Shenoy,49,Female,85000,D07,3,Yes,7,2017-05-04
E00857,Amit Mehta,58,Male,94000,D03,5,No,10,2014-07-19
E00858,Lokesh Bhatt,42,Male,75000,D07,4,No,4,2020-09-22
E00859,Tanvi Nair,40,Female,69000,D07,1,Yes,15,2009-11-15
E00860,Amol Tiwari,41,Male,111000,D05,4,No,3,2021-05-28
E00861,Sheetal Ghosh,25,Female,44500,D07,3,No,1,2023-12-07
E00862,Ramesh Iyer,53,Male,81000,D06,4,Yes,9,2015-11-28
E00863,Chetana Chauhan,44,Female,79000,D07,4,No,12,2012-02-17
E00864,Nisha Joshi,42,Female,82000,D07,4,Yes,1,2023-12-10
E00865,Sheetal Nair,35,Female,75500,D02,3,No,11,2013-04-24
E00866,Rakesh Nair,46,Male,65000,D04,4,No,5,2019-01-04
E00867,Sudhir Pandey,49,Male,100000,D02,4,No,12,2012-04-02
E00868,Devendra Ghosh,27,Male,50500,D07,2,No,6,2018-11-13
E00869,Manish Patel,29,Male,45500,D04,2,No,8,2016-04-01
E00870,Kartik Iyer,46,Male,64000,D04,3,No,13,2011-05-19
E00871,Piyush Verma,47,Male,128000,D05,5,No,16,2008-08-03
E00872,Deepak Reddy,29,Male,,D02,2,Yes,2,2022-01-18
E00873,Devendra Menon,27,Male,68500,D05,4,No,6,2018-01-03
E00874,Anil Sharma,37,Male,58000,D03,2,Yes,16,2008-05-22
E00875,Madhuri Mishra,56,Female,140500,D05,3,Yes,3,2021-11-27
E00876,Nikhil Dubey,57,Male,115000,D02,5,No,11,2013-05-05
E00877,Gayatri Menon,47,Female,56000,D04,5,Yes,8,2016-11-14
E00878,Bharati Pillai,45,Female,120500,D05,4,No,16,2008-10-06
E00879,Gayatri Verma,37,Female,87000,D01,3,No,3,2021-09-04
E00880,Ashwin Pandey,39,Male,84500,D02,3,No,7,2017-05-01
E00881,Manish Iyer,55,Male,90000,D06,5,Yes,9,2015-10-27
E00882,Jyoti Jain,28,Female,64000,D01,2,No,5,2019-07-06
E00883,Poornima Kaur,30,Female,45500,D03,3,Yes,8,2016-12-05
E00884,Deepa Thakur,37,Female,61500,D06,3,No,13,2011-12-15
E00885,Anita Bhatt,55,Female,90000,D06,5,No,7,2017-05-21
E00886,Pooja Patel,26,Female,39500,D06,1,No,0,2024-03-19
E00887,Priya Bhatt,54,Female,78500,D06,5,No,15,2009-08-17
E00888,Piyush Sharma,34,Male,67000,D07,3,No,0,2024-12-14
E00889,Amol Malhotra,32,Male,59500,D06,1,No,8,2016-04-06
E00890,Anil Pawar,46,Male,90000,D02,3,No,3,2021-06-22
E00891,Bharat Saxena,52,Male,86500,D03,5,No,6,2018-01-24
E00892,Abhijit Shukla,53,Male,,D01,4,No,0,2024-10-15
E00893,Piyush Mishra,22,Male,55000,D01,2,No,1,2023-04-03
E00894,Priya Nair,38,Female,76000,D02,2,No,12,2012-06-10
E00895,Nisha Malhotra,50,Female,93500,D02,2,No,11,2013-12-14
E00896,Sanjay Agarwal,24,Male,47500,D02,4,Yes,3,2021-12-11
E00897,Trupti Jain,29,Female,43000,D04,3,Yes,8,2016-08-26
E00898,Deepika Ghosh,30,Female,81500,D01,1,No,1,2023-01-05
E00899,Karan Pandey,49,Male,131500,D05,4,No,0,2024-07-16
E00900,Pratik Nair,54,Male,103500,D02,4,No,8,2016-02-28
E00901,Preeti Chauhan,28,Female,50500,D06,2,No,2,2022-04-28
E00902,Piyush Gupta,39,Male,,D02,4,Yes,4,2020-07-01
E00903,Madhuri Saxena,36,Female,69500,D02,2,No,13,2011-08-02
E00904,Smita Jain,44,Female,68500,D06,3,Yes,7,2017-06-02
E00905,Megha Agarwal,52,Female,97000,D03,4,No,3,2021-07-06
E00906,Suresh Sharma,57,Male,105000,D07,5,No,4,2020-06-12
E00907,Neha Jain,35,Female,,D05,3,No,1,2023-02-05
E00908,Sanjay Malhotra,28,Male,76500,D01,2,No,5,2019-05-24
E00909,Vikram Joshi,34,Male,49500,D04,3,No,11,2013-05-25
E00910,Padmaja Mehta,49,Female,118500,D01,4,No,13,2011-09-17
E00911,Bharat Gupta,58,Male,140000,D01,4,No,6,2018-12-27
E00912,Pranav Malhotra,54,Male,72000,D04,4,Yes,12,2012-07-20
E00913,Kartik Sharma,54,Male,71000,D04,5,No,16,2008-05-10
E00914,Pranav Rao,24,Male,61000,D05,1,No,2,2022-01-21
E00915,Deepa Patil,35,Female,86500,D05,3,No,0,2024-11-12
E00916,Sonal Joshi,48,Female,122000,D05,4,No,10,2014-01-21
E00917,Lakshmi Desai,23,Female,65500,D05,3,No,2,2022-02-24
E00918,Saurabh Rao,42,Male,68500,D03,3,No,12,2012-03-15
E00919,Pooja Pawar,33,Female,42500,D04,2,No,2,2022-04-19
E00920,Dinesh Menon,33,Male,59500,D07,1,Yes,10,2014-10-07
E00921,Nisha Kulkarni,30,Female,54000,D06,2,Yes,0,2024-10-04
E00922,Nikhil Patil,27,Male,42500,D03,3,Yes,5,2019-10-01
E00923,Vandana Patel,34,Female,68000,D02,3,No,12,2012-10-15
E00924,Karan Roy,39,Male,,D06,2,No,3,2021-01-27
E00925,Swati Sharma,36,Female,84000,D01,2,No,13,2011-07-05
E00926,Chetana Mehta,53,Female,,D02,4,No,7,2017-02-10
E00927,Vikram Dubey,31,Male,61500,D02,1,No,8,2016-06-20
E00928,Archana Agarwal,44,Female,103500,D01,5,No,15,2009-11-12
E00929,Rahul Nair,31,Male,49500,D03,3,No,6,2018-08-24
E00930,Vinay Bhatt,39,Male,71500,D02,3,No,10,2014-03-06
E00931,Aparna Nambiar,43,Female,91000,D02,4,No,7,2017-07-14
E00932,Lokesh Patel,48,Male,126500,D05,3,Yes,7,2017-12-03
E00933,Ashwin Shenoy,52,Male,110500,D02,4,No,3,2021-01-12
E00934,Bharat Bhosale,31,Male,63500,D07,2,Yes,8,2016-07-08
E00935,Ajit Nair,46,Male,,D06,4,No,13,2011-06-02
E00936,Arjun Nair,45,Male,83000,D02,4,No,7,2017-02-01
E00937,Tushar Joshi,55,Male,90000,D06,5,No,9,2015-08-14
E00938,Bharat Mehta,31,Male,,D01,3,No,10,2014-01-20
E00939,Chetana Bhosale,57,Female,90000,D06,4,No,8,2016-10-17
E00940,Pooja Kulkarni,46,Female,96000,D02,3,No,6,2018-07-20
E00941,Ajit Bhosale,52,Male,92500,D03,3,No,12,2012-07-06
E00942,Nisha Shah,26,Female,,D03,2,No,2,2022-01-08
E00943,Deepak Saxena,34,Male,85500,D05,2,No,10,2014-01-08
E00944,Ananya Singh,42,Female,109500,D01,4,No,9,2015-01-12
E00945,Sejal Bhat,44,Female,91500,D02,5,No,3,2021-06-14
E00946,Arjun Kaur,46,Male,63500,D04,3,No,1,2023-05-06
E00947,Nilesh Rao,35,Male,68000,D07,3,No,10,2014-03-25
E00948,Padmaja Joshi,43,Female,73000,D03,4,No,13,2011-01-23
E00949,Harish Yadav,53,Male,133500,D01,5,No,0,2024-03-25
E00950,Girish Shah,51,Male,,D03,3,No,9,2015-03-03
E00951,Nilesh Bhosale,38,Male,49000,D04,4,No,14,2010-11-05
E00952,Sheetal Bhat,48,Female,89500,D07,5,No,4,2020-08-12
E00953,Rakesh Nambiar,54,Male,67000,D04,3,No,1,2023-10-21
E00954,Harish Shah,40,Male,,D04,2,No,12,2012-02-08
E00955,Leena Roy,51,Female,117000,D01,5,No,5,2019-12-04
E00956,Piyush Pandey,26,Male,44500,D03,3,No,4,2020-08-07
E00957,Sanket Nair,52,Male,106000,D02,3,No,6,2018-06-19
E00958,Roshni Chauhan,35,Female,81000,D01,3,No,13,2011-01-25
E00959,Harish Kumar,39,Male,47000,D04,3,No,9,2015-12-15
E00960,Lakshmi Singh,27,Female,38000,D04,1,No,6,2018-05-06
E00961,Ajit Bhatt,44,Male,,D06,4,No,12,2012-01-18
E00962,Sunil Tiwari,22,Male,51500,D02,3,Yes,1,2023-03-16
E00963,Sunita Kulkarni,22,Female,,D04,3,No,0,2024-11-15
E00964,Nitin Roy,32,Male,83000,D05,4,No,3,2021-06-07
E00965,Ashwin Thakur,23,Male,48500,D03,3,No,1,2023-09-27
E00966,Manasi Nambiar,44,Female,82000,D03,3,No,13,2011-09-25
E00967,Lakshmi Shenoy,32,Female,84000,D05,3,No,6,2018-05-28
E00968,Aakash Shah,27,Male,38000,D06,2,No,4,2020-07-04
E00969,Sameer Malhotra,54,Male,145000,D05,5,No,1,2023-11-10
E00970,Kavya Pillai,52,Female,123500,D01,5,No,14,2010-07-27
E00971,Shweta Das,40,Female,76500,D03,5,No,8,2016-05-27
E00972,Nitin Gupta,22,Male,55000,D01,3,No,1,2023-09-27
E00973,Neha Shenoy,47,Female,95500,D02,5,No,12,2012-01-26
E00974,Sonal Iyer,47,Female,82000,D03,3,No,5,2019-07-08
E00975,Sejal Desai,57,Female,115000,D02,3,No,10,2014-04-03
E00976,Arjun Shukla,56,Male,136500,D01,5,No,12,2012-01-24
E00977,Lakshmi Patil,36,Female,58500,D03,3,No,7,2017-12-25
E00978,Mohit Patel,31,Male,43500,D06,1,No,10,2014-10-28
E00979,Harish Agarwal,38,Male,69500,D02,2,No,2,2022-08-28
E00980,Sneha Nambiar,26,Female,47000,D04,3,No,5,2019-02-07
E00981,Divya Iyer,41,Female,,D01,4,No,5,2019-11-19
E00982,Namita Chauhan,56,Female,,D01,5,No,16,2008-12-09
E00983,Manoj Das,31,Male,,D02,1,Yes,5,2019-02-07
E00984,Mohit Jain,52,Male,111000,D02,5,No,2,2022-06-23
E00985,Roshni Das,47,Female,89500,D02,4,No,5,2019-04-22
E00986,Kartik Kaur,41,Male,87000,D02,4,No,6,2018-12-16
E00987,Tanvi Shukla,28,Female,73500,D05,2,No,6,2018-04-19
E00988,Divya Gupta,54,Female,95000,D03,5,No,13,2011-05-20
E00989,Shruti Verma,29,Female,64000,D02,1,Yes,5,2019-07-26
E00990,Smita Nair,42,Female,94500,D01,4,No,10,2014-12-01
E00991,Shweta Shenoy,26,Female,36000,D04,2,No,4,2020-04-17
E00992,Vinay Nambiar,49,Male,,D03,3,No,10,2014-04-07
E00993,Manasi Mehta,29,Female,,D04,2,Yes,5,2019-10-13
E00994,Abhijit Agarwal,30,Male,64000,D07,4,Yes,6,2018-01-18
E00995,Tushar Shah,48,Male,72500,D06,3,Yes,8,2016-06-25
E00996,Archana Singh,47,Female,85000,D03,4,No,14,2010-08-28
E00997,Arjun Rao,25,Male,42000,D07,3,No,1,2023-02-11
E00998,Sanjay Thakur,56,Male,140000,D01,3,Yes,1,2023-05-26
E00999,Ruchika Shukla,46,Female,83500,D03,4,Yes,5,2019-03-19
E01000,Bharati Malhotra,29,Female,78000,D05,3,No,3,2021-10-16
E01001,Shweta Patel,38,Female,67000,D07,3,No,2,2022-06-18
E01002,Ajit Kumar,26,Male,35000,D04,2,No,1,2023-01-22
E01003,Varun Reddy,55,Male,148500,D05,4,No,10,2014-05-23
E01004,Vivek Thakur,46,Male,68000,D04,4,Yes,16,2008-04-25
E01005,Sudha Shah,31,Female,51500,D04,2,No,1,2023-12-04
E01006,Tushar Kulkarni,50,Male,83000,D03,4,No,3,2021-09-03
E01007,Deepika Pandey,25,Female,35000,D04,3,No,2,2022-02-02
E01008,Preeti Bhat,33,Female,,D05,2,Yes,8,2016-10-16
E01009,Manish Rao,29,Male,78000,D01,2,No,0,2024-10-09
E01010,Shruti Bhat,28,Female,60500,D02,1,Yes,4,2020-08-07
E01011,Sonal Sharma,28,Female,57000,D02,3,No,7,2017-12-10
E01012,Pranav Iyer,43,Male,52500,D04,2,Yes,0,2024-11-16
E01013,Pranav Sharma,44,Male,61000,D04,3,Yes,0,2024-08-28
E01014,Shweta Kulkarni,54,Female,111500,D02,4,No,4,2020-02-04
E01015,Rupali Desai,53,Female,89500,D03,4,No,14,2010-01-27
E01016,Kavya Jain,55,Female,88000,D06,5,No,0,2024-03-14
E01017,Sneha Patil,58,Female,90000,D06,5,No,13,2011-06-07
E01018,Mohit Roy,50,Male,125000,D05,5,No,8,2016-11-12
E01019,Pallavi Pillai,24,Female,65500,D05,2,No,2,2022-10-04
E01020,Sheetal Mehta,22,Female,42000,D04,1,No,0,2024-08-22
E01021,Dinesh Pawar,40,Male,102500,D01,2,No,9,2015-01-15
E01022,Girish Saxena,22,Male,35000,D04,1,No,0,2024-01-09
E01023,Aakash Jain,31,Male,46000,D06,2,Yes,6,2018-10-03
E01024,Rakesh Ghosh,49,Male,73000,D04,5,Yes,3,2021-05-10
E01025,Reena Joshi,34,Female,54000,D03,2,Yes,6,2018-09-07
E01026,Rupali Iyer,46,Female,90500,D07,5,No,13,2011-02-05
E01027,Leena Mishra,49,Female,64000,D04,5,Yes,13,2011-08-01
E01028,Deepak Joshi,41,Male,71000,D07,4,No,16,2008-06-05
E01029,Deepak Bhat,30,Male,47000,D04,3,No,0,2024-08-26
E01030,Karan Jain,28,Male,,D03,2,No,1,2023-05-19
E01031,Ajit Reddy,55,Male,110500,D02,5,No,15,2009-03-08
E01032,Sonal Sharma,53,Female,141000,D05,3,No,6,2018-02-03
E01033,Ajay Reddy,28,Male,35000,D04,4,Yes,7,2017-07-02
E01034,Ajay Roy,38,Male,,D07,3,Yes,14,2010-11-20
E01035,Amit Patil,32,Male,89000,D05,2,No,11,2013-09-07
E01036,Smita Jain,47,Female,66000,D04,5,Yes,3,2021-08-14
E01037,Vinay Ghosh,22,Male,,D05,3,No,0,2024-11-21
E01038,Ritu Bhosale,51,Female,80500,D03,5,No,5,2019-06-17
E01039,Deepika Kumar,33,Female,48500,D06,2,No,5,2019-11-24
E01040,Mohit Saxena,47,Male,121000,D01,5,No,15,2009-07-16
E01041,Ritu Tiwari,44,Female,117000,D05,2,No,12,2012-02-02
E01042,Girish Chauhan,42,Male,73000,D07,4,No,7,2017-02-06
E01043,Karan Shukla,38,Male,,D01,2,No,2,2022-08-25
E01044,Sunil Shah,50,Male,60500,D04,4,No,6,2018-04-09
E01045,Anil Kulkarni,34,Male,85000,D01,1,Yes,0,2024-11-22
E01046,Ashwin Nambiar,58,Male,150000,D05,5,No,2,2022-06-06
E01047,Preeti Reddy,58,Female,105000,D07,5,No,16,2008-06-12
E01048,Saurabh Bhatt,46,Male,77000,D07,4,Yes,2,2022-03-26
E01049,Amol Roy,43,Male,100500,D01,4,Yes,9,2015-05-13
E01050,Meera Roy,58,Female,115000,D02,4,No,16,2008-10-17
E01051,Kartik Chauhan,38,Male,53500,D06,2,Yes,1,2023-06-14
E01052,Tejas Shenoy,43,Male,81500,D07,3,No,1,2023-04-16
E01053,Siddharth Kumar,48,Male,,D05,5,No,2,2022-09-16
E01054,Girish Das,36,Male,56000,D06,3,No,13,2011-08-10
E01055,Arjun Pillai,56,Male,,D05,5,No,12,2012-11-22
E01056,Aparna Joshi,49,Female,76000,D06,3,No,4,2020-02-15
E01057,Preeti Pandey,49,Female,114500,D01,2,No,7,2017-02-19
E01058,Rahul Patil,25,Male,55000,D01,2,No,1,2023-08-06
E01059,Bharat Joshi,47,Male,65500,D04,3,No,3,2021-11-03
E01060,Shweta Malhotra,41,Female,76500,D03,4,No,9,2015-11-08
E01061,Karan Mishra,48,Male,83000,D06,4,Yes,15,2009-05-03
E01062,Dinesh Shenoy,35,Male,84000,D01,4,No,11,2013-03-02
E01063,Kavya Verma,53,Female,,D07,4,No,8,2016-05-19
E01064,Archana Ghosh,53,Female,134500,D01,3,No,12,2012-07-15
E01065,Rupali Singh,41,Female,100500,D01,4,No,11,2013-01-20
E01066,Sejal Kaur,35,Female,57000,D07,3,No,5,2019-12-27
E01067,Suresh Shenoy,46,Male,80000,D06,4,No,9,2015-09-15
E01068,Divya Ghosh,51,Female,87000,D06,4,No,7,2017-03-01
E01069,Ramesh Roy,40,Male,71500,D03,3,No,12,2012-01-20
E01070,Manish Saxena,58,Male,87500,D06,4,No,8,2016-03-15
E01071,Poornima Shenoy,35,Female,42500,D04,3,No,9,2015-02-09
E01072,Lakshmi Desai,39,Female,74500,D03,4,Yes,15,2009-03-08
E01073,Vivek Mehta,24,Male,,D02,1,No,3,2021-10-11
E01074,Sunita Verma,44,Female,119000,D05,3,Yes,1,2023-10-08
E01075,Ajay Reddy,42,Male,,D05,4,No,13,2011-02-21
E01076,Ruchika Nambiar,45,Female,68000,D04,4,Yes,9,2015-10-01
E01077,Suresh Dubey,35,Male,62000,D07,3,No,8,2016-12-25
E01078,Lokesh Kaur,24,Male,,D06,4,Yes,1,2023-07-25
E01079,Vinay Das,58,Male,90000,D06,4,No,13,2011-09-24
E01080,Trupti Kulkarni,55,Female,69000,D04,5,No,8,2016-04-27
E01081,Shweta Bhosale,42,Female,75000,D06,4,No,3,2021-12-08
E01082,Siddharth Shenoy,54,Male,137500,D01,5,No,11,2013-11-16
E01083,Sanket Patil,48,Male,,D06,4,No,4,2020-10-09
E01084,Manasi Das,31,Female,82500,D05,3,Yes,10,2014-04-06
E01085,Sejal Shenoy,52,Female,75000,D06,4,No,4,2020-01-27
E01086,Sudhir Kulkarni,46,Male,,D04,4,No,4,2020-07-23
E01087,Reena Dubey,28,Female,39500,D06,4,No,1,2023-12-12
E01088,Sheetal Chauhan,30,Female,44500,D06,1,Yes,9,2015-09-03
E01089,Gayatri Tiwari,50,Female,100000,D02,4,No,8,2016-02-08
E01090,Sheetal Tiwari,46,Female,84500,D03,4,No,5,2019-03-02
E01091,Anil Kulkarni,39,Male,109000,D05,3,No,10,2014-02-12
E01092,Shweta Menon,40,Female,72000,D03,3,Yes,3,2021-04-22
E01093,Arjun Dubey,24,Male,66000,D05,3,Yes,1,2023-01-16
E01094,Sonal Malhotra,55,Female,,D02,5,No,14,2010-05-04
E01095,Vrinda Desai,27,Female,,D07,1,No,2,2022-12-22
E01096,Shailesh Kumar,42,Male,84000,D02,4,No,10,2014-05-15
E01097,Ananya Bhatt,28,Female,51500,D06,2,No,5,2019-04-27
E01098,Ajay Joshi,46,Male,91500,D07,4,Yes,7,2017-11-07
E01099,Sheetal Joshi,34,Female,61500,D06,4,No,1,2023-09-28
E01100,Jyoti Shukla,35,Female,51500,D06,2,No,0,2024-07-23
E01101,Poornima Kulkarni,33,Female,64000,D03,2,No,3,2021-05-22
E01102,Rupali Chauhan,40,Female,93000,D01,4,No,3,2021-05-14
E01103,Gaurav Bhosale,42,Male,60500,D06,3,No,11,2013-12-13
E01104,Nandita Nambiar,37,Female,,D01,3,No,8,2016-09-07
E01105,Sunita Tiwari,48,Female,69000,D04,4,Yes,14,2010-07-13
E01106,Varun Gupta,41,Male,,D04,4,No,7,2017-10-06
E01107,Ritu Dubey,56,Female,140000,D01,5,No,0,2024-07-03
E01108,Devendra Singh,55,Male,107000,D02,5,No,6,2018-03-27
E01109,Ashwin Pandey,48,Male,96500,D02,4,No,7,2017-01-02
E01110,Vrinda Gupta,32,Female,53500,D03,3,No,0,2024-04-21
E01111,Lokesh Bhat,30,Male,60000,D07,1,No,4,2020-02-03
E01112,Sneha Sharma,56,Female,150000,D05,5,No,4,2020-02-24
E01113,Tanvi Bhatt,54,Female,76500,D06,3,No,9,2015-05-15
E01114,Gayatri Agarwal,49,Female,114500,D01,4,No,13,2011-09-09
E01115,Lokesh Verma,53,Male,81000,D06,4,No,11,2013-09-23
E01116,Riddhi Rao,50,Female,86500,D03,4,No,3,2021-11-10
E01117,Chetan Menon,35,Male,72000,D07,3,No,7,2017-10-08
E01118,Karan Pawar,38,Male,50000,D04,2,No,10,2014-03-02
E01119,Mohit Reddy,57,Male,103500,D07,4,No,15,2009-06-21
E01120,Suresh Bhatt,26,Male,35000,D04,3,Yes,0,2024-03-17
E01121,Vikram Bhatt,53,Male,107500,D02,5,No,16,2008-08-05
E01122,Kavya Bhatt,40,Female,71000,D06,4,No,8,2016-09-11
E01123,Bharat Kulkarni,35,Male,67000,D07,3,No,11,2013-06-17
E01124,Komal Joshi,32,Female,,D05,2,Yes,7,2017-01-11
E01125,Dinesh Pillai,34,Male,49000,D06,1,No,8,2016-08-11
E01126,Siddharth Shenoy,36,Male,65500,D03,2,No,0,2024-04-09
E01127,Smita Shukla,47,Female,83000,D03,3,No,6,2018-02-19
E01128,Sudha Shah,30,Female,56500,D07,2,No,9,2015-11-25
E01129,Komal Shukla,52,Female,98000,D02,3,No,0,2024-04-07
E01130,Tushar Sharma,42,Male,109000,D01,4,No,1,2023-03-17
E01131,Deepika Mehta,37,Female,96000,D05,2,No,12,2012-07-23
E01132,Amol Reddy,32,Male,58000,D06,3,No,4,2020-12-05
E01133,Chetana Mehta,57,Female,75000,D04,5,No,11,2013-03-01
E01134,Sonal Bhatt,35,Female,93500,D05,2,No,14,2010-04-13
E01135,Saurabh Thakur,55,Male,101500,D02,5,No,9,2015-06-04
E01136,Amol Jain,24,Male,38000,D06,4,No,3,2021-07-02
E01137,Vinay Verma,52,Male,137500,D05,4,No,14,2010-08-06
E01138,Vikram Thakur,23,Male,69000,D05,3,No,2,2022-03-23
E01139,Kavya Singh,50,Female,82000,D06,5,No,1,2023-06-04
E01140,Varun Tiwari,32,Male,89000,D05,4,No,5,2019-09-01
E01141,Rohit Pillai,54,Male,111000,D02,4,No,8,2016-02-06
E01142,Lakshmi Sharma,41,Female,,D03,4,No,11,2013-02-11
E01143,Pooja Mehta,27,Female,58500,D02,2,No,0,2024-03-11
E01144,Tejas Thakur,51,Male,130000,D01,5,No,7,2017-05-27
E01145,Dinesh Singh,46,Male,69500,D06,4,No,5,2019-05-05
E01146,Preeti Iyer,40,Female,73500,D03,4,No,14,2010-05-03
E01147,Bharati Menon,24,Female,47000,D07,2,No,3,2021-03-18
E01148,Megha Pandey,54,Female,145500,D05,5,No,8,2016-02-17
E01149,Manish Kulkarni,33,Male,41500,D04,2,Yes,7,2017-10-11
E01150,Sunil Shah,44,Male,87500,D07,4,No,0,2024-03-14
E01151,Siddharth Saxena,32,Male,47000,D04,3,No,2,2022-01-15
E01152,Sonal Bhat,52,Female,90500,D07,5,No,8,2016-12-12
E01153,Vivek Das,28,Male,40500,D04,2,Yes,4,2020-10-13
E01154,Nandita Kulkarni,34,Female,94500,D05,2,No,2,2022-03-22
E01155,Riddhi Nair,44,Female,58000,D04,4,Yes,5,2019-08-01
E01156,Pooja Iyer,37,Female,63500,D07,2,No,13,2011-02-24
E01157,Priya Chauhan,32,Female,50500,D03,2,Yes,7,2017-09-22
E01158,Leena Patil,28,Female,36000,D04,3,No,5,2019-03-13
E01159,Nandita Bhat,56,Female,133000,D01,5,Yes,15,2009-11-24
E01160,Ramesh Patil,45,Male,,D03,4,No,16,2008-01-20
E01161,Nikhil Pawar,34,Male,79000,D01,2,No,4,2020-07-03
E01162,Pallavi Ghosh,52,Female,,D01,4,No,13,2011-03-06
E01163,Siddharth Shah,47,Male,91000,D07,4,No,0,2024-03-11
E01164,Girish Bhat,49,Male,82000,D07,4,Yes,9,2015-07-09
E01165,Deepika Thakur,52,Female,79000,D06,4,No,11,2013-02-26
E01166,Harish Sharma,43,Male,70000,D06,4,No,8,2016-04-17
E01167,Abhijit Agarwal,24,Male,66000,D01,1,No,3,2021-08-12
E01168,Ruchika Agarwal,23,Female,60000,D05,2,No,0,2024-05-12
E01169,Amol Mehta,44,Male,62500,D06,3,Yes,12,2012-04-06
E01170,Roshni Jain,44,Female,,D04,4,No,7,2017-12-27
E01171,Ananya Nair,28,Female,,D04,3,No,1,2023-06-21
E01172,Sonal Patel,49,Female,124000,D01,5,No,6,2018-10-09
E01173,Ajit Singh,45,Male,117000,D05,4,No,6,2018-07-09
E01174,Amol Bhat,33,Male,50500,D06,2,No,4,2020-01-14
E01175,Anita Bhosale,42,Female,98000,D01,3,Yes,7,2017-01-23
E01176,Reena Nambiar,43,Female,111000,D05,3,No,15,2009-09-01
E01177,Abhijit Pawar,35,Male,96000,D05,2,Yes,2,2022-11-13
E01178,Sameer Pawar,57,Male,91500,D03,4,No,6,2018-12-17
E01179,Sneha Nair,32,Female,83000,D05,4,Yes,9,2015-07-14
E01180,Neha Ghosh,56,Female,109500,D02,4,No,3,2021-02-13
E01181,Pranav Bhat,57,Male,71500,D04,4,No,6,2018-07-20
E01182,Deepika Roy,56,Female,68500,D04,4,No,12,2012-08-25
E01183,Piyush Agarwal,22,Male,65500,D05,1,No,1,2023-08-21
E01184,Manasi Nambiar,34,Female,,D06,3,No,9,2015-04-05
E01185,Sneha Tiwari,37,Female,75500,D02,4,Yes,15,2009-11-03
E01186,Jyoti Das,34,Female,70000,D07,3,No,2,2022-08-12
E01187,Sunil Joshi,40,Male,104000,D01,4,No,0,2024-04-19
E01188,Gaurav Bhosale,54,Male,,D06,4,No,10,2014-03-08
E01189,Rakesh Nambiar,55,Male,75000,D04,4,Yes,12,2012-02-26
E01190,Nilesh Dubey,56,Male,79500,D06,5,No,14,2010-08-27
E01191,Ashwin Bhat,54,Male,87000,D06,4,Yes,14,2010-07-26
E01192,Shailesh Menon,45,Male,,D04,4,Yes,10,2014-03-08
E01193,Abhijit Pawar,37,Male,64500,D07,2,No,10,2014-05-23
E01194,Nandita Gupta,30,Female,61000,D02,3,No,4,2020-01-08
E01195,Vandana Menon,58,Female,87000,D06,5,No,15,2009-12-15
E01196,Harish Dubey,40,Male,72000,D07,2,Yes,8,2016-11-08
E01197,Rajesh Thakur,54,Male,90000,D06,5,No,16,2008-07-16
E01198,Kartik Das,42,Male,108000,D05,3,No,12,2012-08-21
E01199,Priya Kumar,43,Female,83000,D02,3,No,6,2018-04-05
E01200,Siddharth Pawar,51,Male,139500,D05,5,No,0,2024-12-28
E01201,Ashwin Gupta,47,Male,67500,D06,3,No,10,2014-09-03
E01202,Karan Malhotra,58,Male,146000,D05,5,No,7,2017-05-26
E01203,Vivek Bhosale,33,Male,83000,D01,1,Yes,4,2020-09-09
E01204,Nikhil Kulkarni,41,Male,,D01,4,No,7,2017-04-19
E01205,Sunil Kumar,34,Male,42000,D04,1,No,7,2017-02-16
E01206,Pallavi Yadav,22,Female,60000,D05,3,No,0,2024-12-15
E01207,Priya Desai,48,Female,121500,D05,3,No,15,2009-11-06
E01208,Sunita Roy,37,Female,61500,D03,2,No,16,2008-05-21
E01209,Priya Tiwari,54,Female,,D04,5,No,5,2019-03-03
E01210,Ruchika Roy,33,Female,71000,D02,2,Yes,1,2023-04-07
E01211,Nisha Saxena,35,Female,95500,D05,1,No,2,2022-06-06
E01212,Pratik Menon,42,Male,110000,D05,3,No,13,2011-12-09
E01213,Smita Nair,41,Female,75500,D03,4,No,11,2013-12-11
E01214,Priya Bhat,25,Female,36000,D04,2,No,1,2023-08-25
E01215,Sheetal Thakur,23,Female,40500,D03,2,Yes,1,2023-06-18
E01216,Anita Shah,26,Female,47500,D02,4,No,2,2022-12-16
E01217,Ramesh Ghosh,53,Male,102000,D02,3,No,12,2012-01-04
E01218,Sheetal Mehta,52,Female,110000,D02,5,No,2,2022-06-25
E01219,Sudha Pillai,57,Female,137000,D01,5,No,7,2017-06-19
E01220,Aparna Verma,30,Female,60500,D07,3,No,1,2023-12-23
E01221,Komal Reddy,33,Female,58000,D03,2,No,3,2021-08-12
E01222,Nandita Verma,30,Female,76500,D01,3,No,6,2018-07-13
E01223,Sudhir Thakur,23,Male,61500,D05,3,No,0,2024-09-28
E01224,Bharati Kumar,26,Female,63500,D05,1,No,4,2020-02-18
E01225,Archana Pillai,26,Female,52000,D07,2,No,3,2021-05-15
E01226,Meera Iyer,58,Female,,D03,5,No,16,2008-12-24
E01227,Priya Shukla,46,Female,104000,D01,3,No,7,2017-06-14
E01228,Rupali Bhosale,34,Female,68500,D07,3,Yes,9,2015-06-23
E01229,Dinesh Iyer,28,Male,70000,D01,2,Yes,0,2024-03-18
E01230,Hemant Reddy,34,Male,54500,D03,4,No,6,2018-05-08
E01231,Saurabh Mehta,46,Male,111000,D01,4,No,6,2018-07-02
E01232,Reena Mehta,27,Female,55000,D02,1,No,4,2020-12-17
E01233,Komal Dubey,44,Female,67000,D06,5,No,13,2011-04-07
E01234,Deepika Mehta,51,Female,115500,D01,5,No,12,2012-07-13
E01235,Meera Bhatt,41,Female,,D02,4,No,2,2022-11-21
E01236,Sonal Tiwari,24,Female,55000,D02,1,No,1,2023-03-19
E01237,Sejal Gupta,25,Female,72500,D05,2,No,1,2023-12-22
E01238,Lakshmi Iyer,55,Female,113500,D02,5,Yes,5,2019-06-04
E01239,Bharati Thakur,38,Female,97500,D05,1,No,0,2024-01-11
E01240,Nitin Gupta,56,Male,75000,D04,4,No,16,2008-03-06
E01241,Meera Mehta,52,Female,67000,D04,5,No,14,2010-03-28
E01242,Sunita Joshi,42,Female,67500,D06,4,No,11,2013-10-22
E01243,Nikhil Rao,54,Male,112500,D02,3,Yes,4,2020-04-22
E01244,Ajay Rao,38,Male,80000,D02,5,No,9,2015-06-23
E01245,Sejal Joshi,42,Female,55500,D04,5,Yes,4,2020-10-24
E01246,Bharati Singh,34,Female,60500,D02,3,No,2,2022-11-02
E01247,Vinay Chauhan,52,Male,92000,D07,5,No,6,2018-11-28
E01248,Abhijit Shukla,38,Male,99000,D05,3,No,3,2021-12-09
E01249,Rajesh Pandey,53,Male,97000,D07,5,No,14,2010-11-04
E01250,Ashwin Bhatt,23,Male,60000,D05,3,No,0,2024-04-15
E01251,Siddharth Saxena,50,Male,67000,D04,4,No,2,2022-09-06
E01252,Harish Rao,23,Male,51000,D02,3,Yes,2,2022-06-17
E01253,Sanket Thakur,56,Male,114500,D02,4,No,16,2008-03-12
E01254,Deepak Nair,56,Male,144000,D05,5,No,6,2018-05-02
E01255,Poornima Bhosale,42,Female,87500,D02,3,No,9,2015-01-03
E01256,Karan Nambiar,30,Male,60500,D02,3,No,2,2022-04-13
E01257,Ajay Mishra,26,Male,60500,D02,1,No,2,2022-03-13
E01258,Tejas Malhotra,31,Male,,D06,1,Yes,5,2019-01-21
E01259,Shweta Malhotra,41,Female,69500,D07,3,No,14,2010-03-03
E01260,Ananya Ghosh,38,Female,95000,D01,3,No,14,2010-07-19
E01261,Sejal Agarwal,36,Female,88500,D05,4,No,2,2022-12-20
E01262,Aparna Bhatt,48,Female,119000,D01,5,No,3,2021-05-27
E01263,Manasi Desai,44,Female,99000,D01,4,No,3,2021-12-26
E01264,Trupti Jain,28,Female,58000,D07,3,No,7,2017-09-20
E01265,Ananya Dubey,28,Female,80500,D05,1,No,1,2023-10-04
E01266,Shruti Gupta,44,Female,74500,D06,5,Yes,14,2010-08-19
E01267,Trupti Verma,35,Female,87500,D05,1,No,0,2024-11-11
E01268,Sunita Mishra,44,Female,84500,D03,4,No,7,2017-05-15
E01269,Riddhi Menon,35,Female,97000,D05,2,No,13,2011-09-21
E01270,Girish Patel,43,Male,,D03,3,No,7,2017-06-27
E01271,Tanvi Shukla,53,Female,78000,D06,5,No,12,2012-04-09
E01272,Smita Menon,32,Female,49000,D03,2,No,1,2023-04-19
E01273,Sejal Shenoy,56,Female,109500,D02,3,No,2,2022-04-03
E01274,Sunita Nair,43,Female,110500,D05,3,No,12,2012-03-13
E01275,Archana Yadav,27,Female,44000,D03,2,No,3,2021-01-08
E01276,Shweta Rao,37,Female,73500,D02,2,No,6,2018-03-01
E01277,Padmaja Nambiar,57,Female,149000,D05,5,No,6,2018-07-06
E01278,Komal Desai,45,Female,87500,D07,4,No,8,2016-07-12
E01279,Meera Joshi,42,Female,82500,D07,3,No,7,2017-09-19
E01280,Rupali Tiwari,28,Female,58000,D07,3,No,3,2021-12-12
E01281,Abhijit Jain,58,Male,98000,D07,4,No,14,2010-10-15
E01282,Arjun Shenoy,50,Male,132500,D05,5,No,1,2023-06-16
E01283,Shailesh Jain,58,Male,100000,D03,4,No,0,2024-12-20
E01284,Megha Malhotra,41,Female,111000,D05,4,No,9,2015-06-08
E01285,Ramesh Roy,42,Male,69000,D07,2,Yes,1,2023-12-25
E01286,Manoj Nambiar,32,Male,47500,D06,3,Yes,3,2021-10-25
E01287,Sonal Mehta,43,Female,98000,D01,5,No,12,2012-10-23
E01288,Ritu Pandey,33,Female,,D01,2,No,5,2019-03-23
E01289,Shruti Pillai,36,Female,,D03,3,No,2,2022-06-15
E01290,Chetan Singh,45,Male,,D01,2,No,0,2024-09-01
E01291,Meera Iyer,34,Female,57500,D06,2,Yes,7,2017-03-18
E01292,Amol Thakur,58,Male,115000,D02,5,No,14,2010-12-28
E01293,Sneha Shukla,24,Female,71500,D05,1,No,0,2024-05-10
E01294,Suresh Pawar,34,Male,84500,D05,4,No,9,2015-06-15
E01295,Kavya Shenoy,26,Female,42500,D03,4,No,2,2022-03-08
E01296,Siddharth Singh,52,Male,100500,D07,5,No,3,2021-09-03
E01297,Sejal Roy,34,Female,57000,D03,1,No,2,2022-08-25
E01298,Gayatri Patel,53,Female,128000,D01,4,No,3,2021-06-18
E01299,Riddhi Singh,55,Female,92500,D07,5,No,6,2018-02-10
E01300,Devendra Tiwari,25,Male,,D05,1,No,0,2024-05-13
E01301,Komal Das,55,Female,,D07,5,No,16,2008-06-22
E01302,Vivek Tiwari,26,Male,39000,D06,3,Yes,3,2021-04-19
E01303,Ajit Mehta,40,Male,104500,D01,5,No,7,2017-11-27
E01304,Shweta Thakur,47,Female,108500,D01,4,No,4,2020-10-08
E01305,Megha Jain,48,Female,67500,D06,3,No,13,2011-07-13
E01306,Sunita Dubey,22,Female,41500,D06,3,Yes,1,2023-01-23
E01307,Sameer Mehta,29,Male,65500,D02,2,Yes,7,2017-02-06
E01308,Sheetal Roy,40,Female,76000,D03,3,No,8,2016-02-25
E01309,Chetan Pawar,34,Male,69000,D02,1,Yes,0,2024-08-16
E01310,Aakash Kumar,37,Male,,D04,3,No,11,2013-08-24
E01311,Ramesh Reddy,42,Male,103500,D01,5,No,0,2024-03-11
E01312,Preeti Singh,47,Female,57500,D04,3,No,9,2015-09-03
E01313,Sneha Malhotra,26,Female,45000,D07,2,Yes,4,2020-09-10
E01314,Manish Kumar,48,Male,126000,D05,3,No,0,2024-10-24
E01315,Suresh Rao,22,Male,35000,D04,2,No,0,2024-07-25
E01316,Vinay Roy,26,Male,67000,D01,2,No,3,2021-10-21
E01317,Rakesh Pawar,38,Male,69000,D03,4,No,14,2010-08-05
E01318,Bharati Iyer,46,Female,86500,D03,3,No,5,2019-06-24
E01319,Manasi Roy,36,Female,44500,D04,2,Yes,11,2013-04-13
E01320,Gayatri Bhosale,45,Female,75500,D03,4,No,12,2012-03-24
E01321,Shailesh Shukla,45,Male,61500,D04,3,No,13,2011-06-21
E01322,Pallavi Shukla,48,Female,111500,D01,5,No,6,2018-06-18
E01323,Lakshmi Malhotra,23,Female,38000,D06,1,No,1,2023-10-22
E01324,Devendra Bhat,58,Male,105000,D07,4,No,6,2018-03-14
E01325,Tanvi Shukla,55,Female,,D06,5,Yes,1,2023-11-04
E01326,Varun Patel,42,Male,68500,D03,4,No,4,2020-04-10
E01327,Poornima Pandey,33,Female,55500,D03,4,No,1,2023-09-06
E01328,Divya Shenoy,57,Female,88000,D06,5,No,8,2016-12-28
E01329,Saurabh Shah,24,Male,55500,D02,2,No,3,2021-08-13
E01330,Padmaja Kaur,58,Female,114500,D02,5,No,0,2024-08-22
E01331,Meera Iyer,30,Female,77000,D05,4,No,6,2018-03-04
E01332,Sheetal Patel,44,Female,120000,D05,5,No,15,2009-01-20
E01333,Preeti Das,39,Female,109500,D05,5,No,0,2024-08-11
E01334,Sunita Malhotra,49,Female,77500,D03,4,No,8,2016-12-25
E01335,Nikhil Shukla,22,Male,39500,D06,1,No,0,2024-05-13
E01336,Aparna Ghosh,43,Female,80000,D03,4,Yes,16,2008-07-14
E01337,Jyoti Pillai,53,Female,88000,D03,3,No,2,2022-08-22
E01338,Arjun Joshi,28,Male,50000,D02,1,No,2,2022-06-03
E01339,Rahul Sharma,43,Male,85500,D07,4,No,2,2022-03-19
E01340,Trupti Shah,29,Female,75000,D01,4,No,2,2022-04-24
E01341,Rahul Bhatt,36,Male,65000,D02,3,No,2,2022-07-11
E01342,Nandita Iyer,52,Female,94000,D03,5,Yes,1,2023-08-06
E01343,Swati Roy,58,Female,115000,D02,3,No,3,2021-12-25
E01344,Pranav Bhat,40,Male,104000,D05,3,No,16,2008-11-10
E01345,Manoj Sharma,38,Male,71000,D03,3,No,5,2019-02-02
E01346,Pooja Malhotra,22,Female,41000,D06,3,No,0,2024-06-19
E01347,Vinay Desai,42,Male,55000,D04,3,No,15,2009-06-16
E01348,Vivek Kaur,32,Male,82000,D01,3,No,5,2019-07-15
E01349,Leena Bhosale,50,Female,94000,D02,5,No,12,2012-07-01
E01350,Piyush Thakur,22,Male,,D04,4,Yes,0,2024-03-19
E01351,Swati Jain,43,Female,78000,D02,3,No,15,2009-07-06
E01352,Sanjay Pawar,53,Male,,D04,3,No,5,2019-08-22
E01353,Vandana Chauhan,40,Female,76000,D02,2,No,16,2008-08-26
E01354,Varun Saxena,49,Male,121500,D05,3,No,4,2020-09-10
E01355,Ashwin Yadav,52,Male,118000,D01,3,No,14,2010-06-14
E01356,Bharati Chauhan,39,Female,100000,D05,4,No,10,2014-12-07
E01357,Nilesh Kaur,37,Male,73500,D07,4,Yes,7,2017-08-19
E01358,Lokesh Nair,42,Male,103000,D01,5,No,15,2009-08-20
E01359,Saurabh Ghosh,34,Male,67500,D07,2,No,4,2020-12-05
E01360,Sameer Sharma,42,Male,79000,D03,4,No,15,2009-09-05
E01361,Nandita Roy,34,Female,,D07,3,No,10,2014-04-20
E01362,Manoj Das,40,Male,85000,D02,4,Yes,12,2012-07-23
E01363,Bharat Verma,23,Male,42000,D06,2,No,1,2023-02-12
E01364,Jyoti Menon,50,Female,88000,D07,3,No,3,2021-05-15
E01365,Kartik Joshi,42,Male,96500,D01,4,No,1,2023-06-18
E01366,Jyoti Verma,49,Female,74500,D06,4,No,12,2012-03-11
E01367,Sudha Yadav,24,Female,,D05,4,No,1,2023-08-03
E01368,Nilesh Patil,27,Male,48500,D07,2,No,2,2022-06-03
E01369,Manoj Nambiar,47,Male,68500,D06,3,No,2,2022-04-15
E01370,Ajay Singh,57,Male,130500,D01,3,No,7,2017-08-02
E01371,Sudhir Tiwari,42,Male,61500,D04,4,No,12,2012-01-17
E01372,Jyoti Kumar,24,Female,50500,D02,2,Yes,0,2024-04-08
E01373,Deepika Menon,47,Female,88000,D02,4,No,0,2024-11-24
E01374,Divya Pillai,38,Female,,D03,1,Yes,10,2014-05-13
E01375,Megha Iyer,29,Female,70000,D01,2,No,1,2023-12-28
E01376,Aparna Reddy,41,Female,71500,D03,3,No,1,2023-11-21
E01377,Sudhir Verma,41,Male,95500,D01,4,No,5,2019-06-07
E01378,Shruti Dubey,32,Female,46000,D04,3,No,8,2016-10-10
E01379,Pratik Shah,22,Male,42000,D07,4,No,0,2024-01-09
E01380,Suresh Singh,45,Male,92500,D02,5,Yes,6,2018-07-24
E01381,Dinesh Gupta,29,Male,46000,D03,4,Yes,4,2020-08-26
E01382,Tushar Iyer,22,Male,55000,D01,3,No,0,2024-08-28
E01383,Ajit Yadav,52,Male,,D01,4,No,4,2020-04-03
E01384,Leena Nambiar,33,Female,82500,D01,4,No,0,2024-11-03
E01385,Preeti Jain,23,Female,38000,D06,2,Yes,0,2024-04-23
E01386,Jyoti Pawar,36,Female,64000,D06,3,No,1,2023-05-12
E01387,Ashwin Thakur,57,Male,142000,D05,4,No,10,2014-12-21
E01388,Namita Agarwal,31,Female,,D07,2,No,7,2017-11-18
E01389,Ritu Pandey,44,Female,69500,D06,4,No,14,2010-09-28
E01390,Amol Pandey,56,Male,90000,D06,5,No,5,2019-10-05
E01391,Pooja Nambiar,29,Female,78500,D05,2,No,0,2024-09-04
E01392,Amit Rao,43,Male,52000,D04,3,No,10,2014-12-27
E01393,Shweta Yadav,44,Female,68500,D06,4,Yes,3,2021-04-21
E01394,Nilesh Sharma,54,Male,92000,D07,5,No,15,2009-03-03
E01395,Megha Roy,28,Female,47500,D07,2,Yes,0,2024-01-01
E01396,Rohit Desai,50,Male,120000,D01,3,No,11,2013-11-13
E01397,Megha Saxena,49,Female,129000,D05,5,No,15,2009-11-20
E01398,Tanvi Mishra,23,Female,45000,D03,2,Yes,1,2023-07-25
E01399,Chetana Pawar,23,Female,35000,D04,2,Yes,1,2023-02-16
E01400,Abhijit Ghosh,43,Male,87500,D02,3,No,15,2009-01-11
E01401,Pratik Nambiar,28,Male,72500,D01,3,Yes,2,2022-10-28
E01402,Sudhir Iyer,51,Male,,D03,5,No,12,2012-09-21
E01403,Lakshmi Malhotra,40,Female,68000,D07,2,Yes,1,2023-05-20
E01404,Sanjay Chauhan,53,Male,97500,D02,4,Yes,12,2012-12-26
E01405,Lakshmi Rao,43,Female,82000,D07,4,No,15,2009-04-23
E01406,Pranav Joshi,30,Male,57000,D06,2,No,9,2015-10-01
E01407,Nilesh Kulkarni,45,Male,72000,D06,2,No,3,2021-07-16
E01408,Rohit Patel,38,Male,59000,D06,4,No,15,2009-07-17
E01409,Arjun Menon,27,Male,67500,D05,3,No,5,2019-04-15
E01410,Meera Iyer,48,Female,117500,D01,3,No,1,2023-04-07
E01411,Ashwin Singh,54,Male,90000,D07,4,No,3,2021-09-22
E01412,Sunil Patil,52,Male,90000,D07,4,No,6,2018-11-16
E01413,Harish Joshi,54,Male,113500,D02,5,Yes,2,2022-08-17
E01414,Bharati Thakur,36,Female,63000,D07,2,No,13,2011-01-25
E01415,Sanjay Thakur,47,Male,64500,D04,4,No,7,2017-12-05
E01416,Poonam Menon,37,Female,98000,D05,1,No,9,2015-08-25
E01417,Nilesh Nair,24,Male,40000,D03,3,No,3,2021-05-15
E01418,Pallavi Chauhan,54,Female,69000,D04,3,No,4,2020-08-11
E01419,Rajesh Jain,39,Male,68500,D07,4,No,16,2008-04-11
E01420,Siddharth Saxena,34,Male,60500,D07,2,No,8,2016-11-14
E01421,Ramesh Shukla,30,Male,60500,D07,3,No,4,2020-04-22
E01422,Abhijit Kaur,55,Male,103000,D02,4,No,9,2015-11-08
E01423,Devendra Pawar,45,Male,88000,D02,5,No,15,2009-12-09
E01424,Nandita Kumar,38,Female,100500,D01,2,Yes,12,2012-09-13
E01425,Leena Shenoy,39,Female,104000,D05,3,No,13,2011-04-09
E01426,Tushar Bhatt,46,Male,,D03,4,No,4,2020-03-04
E01427,Mohit Shah,57,Male,144000,D05,5,No,4,2020-02-24
E01428,Rahul Mehta,43,Male,116500,D05,3,No,8,2016-05-14
E01429,Jyoti Mishra,37,Female,66500,D02,3,No,10,2014-04-06
E01430,Pranav Patel,58,Male,90000,D06,3,No,8,2016-08-04
E01431,Archana Menon,33,Female,63000,D02,3,No,1,2023-01-08
E01432,Padmaja Reddy,36,Female,94000,D01,4,No,2,2022-07-23
E01433,Sneha Roy,39,Female,,D02,5,No,15,2009-07-26
E01434,Padmaja Dubey,35,Female,56000,D03,3,No,11,2013-02-20
E01435,Megha Reddy,42,Female,72000,D03,3,No,8,2016-04-23
E01436,Sneha Yadav,37,Female,63000,D06,4,No,2,2022-08-23
E01437,Sneha Pawar,49,Female,76500,D06,3,No,13,2011-02-14
E01438,Poornima Menon,32,Female,70500,D02,2,No,9,2015-11-17
E01439,Smita Singh,36,Female,,D01,3,Yes,5,2019-02-20
E01440,Padmaja Nair,40,Female,86000,D02,5,No,13,2011-05-28
E01441,Vivek Patel,25,Male,70000,D05,2,No,1,2023-05-18
E01442,Sanjay Dubey,26,Male,69000,D01,3,No,0,2024-05-27
E01443,Sonal Iyer,31,Female,90000,D05,1,No,2,2022-04-26
E01444,Sudhir Das,25,Male,35000,D04,1,Yes,1,2023-01-16
E01445,Sudha Jain,51,Female,101000,D02,5,No,5,2019-12-04
E01446,Rohit Ghosh,30,Male,70500,D01,2,No,7,2017-09-26
E01447,Madhuri Bhosale,55,Female,100000,D03,5,No,12,2012-05-17
E01448,Vikram Reddy,26,Male,68000,D05,4,No,2,2022-02-20
E01449,Sunil Pawar,34,Male,55500,D07,3,Yes,3,2021-07-25
E01450,Devendra Saxena,47,Male,88000,D02,3,No,0,2024-04-15
E01451,Megha Bhosale,30,Female,51500,D04,3,No,0,2024-04-05
E01452,Siddharth Bhosale,46,Male,79000,D06,4,No,13,2011-02-20
E01453,Tushar Kumar,44,Male,72000,D03,2,Yes,9,2015-09-06
E01454,Deepa Verma,54,Female,109500,D02,4,No,16,2008-06-01
E01455,Archana Tiwari,40,Female,63000,D03,3,No,16,2008-10-04
E01456,Hemant Shenoy,58,Male,143000,D05,5,No,4,2020-07-11
E01457,Swati Nair,34,Female,,D01,2,Yes,6,2018-05-13
E01458,Sanjay Nambiar,58,Male,114000,D02,5,No,4,2020-07-18
E01459,Pranav Gupta,38,Male,61000,D06,4,Yes,2,2022-04-15
E01460,Aakash Bhosale,43,Male,116500,D05,4,No,11,2013-08-09
E01461,Bharati Tiwari,55,Female,112000,D02,5,No,16,2008-11-09
E01462,Anil Chauhan,39,Male,,D03,5,No,16,2008-05-16
E01463,Sunita Shah,31,Female,78000,D05,4,No,3,2021-04-15
E01464,Manasi Bhat,48,Female,122500,D05,3,No,9,2015-02-08
E01465,Ramesh Tiwari,25,Male,37000,D04,2,Yes,3,2021-03-14
E01466,Dinesh Patil,53,Male,75000,D04,4,No,12,2012-10-07
E01467,Varun Menon,42,Male,108000,D05,3,No,2,2022-02-03
E01468,Vrinda Patel,31,Female,68500,D01,1,No,7,2017-03-02
E01469,Trupti Yadav,27,Female,61500,D01,1,No,2,2022-06-04
E01470,Sanjay Menon,47,Male,,D07,3,No,3,2021-05-19
E01471,Ritu Kumar,51,Female,138500,D05,5,No,8,2016-03-21
E01472,Ajit Agarwal,24,Male,43000,D04,3,No,2,2022-11-06
E01473,Sheetal Bhat,48,Female,94500,D07,4,No,7,2017-05-22
E01474,Vikram Patel,25,Male,74000,D05,4,No,0,2024-03-04
E01475,Riddhi Pandey,42,Female,106000,D05,3,No,15,2009-07-14
E01476,Vandana Reddy,52,Female,,D06,3,Yes,11,2013-03-13
E01477,Gayatri Iyer,53,Female,72000,D04,4,Yes,12,2012-12-28
E01478,Trupti Tiwari,58,Female,105000,D07,5,No,5,2019-01-28
E01479,Ruchika Nair,24,Female,45000,D02,3,No,3,2021-05-07
E01480,Vandana Pandey,45,Female,70500,D03,4,No,3,2021-08-25
E01481,Chetana Das,39,Female,101000,D05,5,No,16,2008-10-20
E01482,Abhijit Kaur,57,Male,99000,D03,4,No,14,2010-01-10
E01483,Tushar Nambiar,51,Male,134000,D05,5,No,7,2017-06-27
E01484,Vivek Kaur,38,Male,49000,D04,1,No,0,2024-09-08
E01485,Priya Bhatt,25,Female,,D01,3,No,2,2022-09-27
E01486,Riddhi Dubey,25,Female,40000,D04,2,No,1,2023-09-22
E01487,Jyoti Pandey,33,Female,90000,D05,2,No,3,2021-01-22
E01488,Sneha Shah,30,Female,53500,D06,2,Yes,4,2020-03-22
E01489,Megha Menon,45,Female,,D01,4,No,9,2015-05-18
E01490,Manish Sharma,37,Male,95000,D01,4,No,8,2016-03-04
E01491,Deepika Mehta,52,Female,83500,D06,5,No,8,2016-02-12
E01492,Sanket Desai,23,Male,67500,D05,1,Yes,0,2024-02-06
E01493,Tushar Mishra,23,Male,47500,D03,3,No,1,2023-07-04
E01494,Sanjay Shukla,52,Male,96000,D07,5,No,2,2022-12-08
E01495,Gayatri Tiwari,45,Female,,D02,3,No,1,2023-01-15
E01496,Poonam Pandey,48,Female,,D06,4,Yes,0,2024-06-28
E01497,Kartik Joshi,52,Male,69500,D04,5,No,10,2014-02-20
E01498,Dinesh Roy,49,Male,77500,D03,4,No,3,2021-01-10
E01499,Swati Jain,43,Female,77500,D07,3,No,2,2022-09-12
E01500,Arjun Agarwal,42,Male,87500,D02,4,No,2,2022-03-17
E01501,Rajesh Pandey,42,Male,97000,D01,3,Yes,6,2018-10-26
E01502,Nilesh Shenoy,58,Male,105000,D07,4,No,9,2015-09-22
E01503,Dinesh Nambiar,27,Male,42500,D06,1,Yes,2,2022-12-02
E01504,Suresh Chauhan,24,Male,42500,D04,1,Yes,2,2022-07-18
E01505,Aakash Pandey,32,Male,67000,D02,1,No,9,2015-12-28
E01506,Pranav Das,37,Male,44000,D04,3,No,16,2008-05-19
E01507,Karan Bhatt,35,Male,95500,D05,2,No,6,2018-04-27
E01508,Reena Agarwal,39,Female,,D02,3,No,3,2021-12-14
E01509,Piyush Kaur,34,Male,,D06,1,No,11,2013-03-19
E01510,Nikhil Gupta,36,Male,76500,D02,3,Yes,1,2023-12-03
E01511,Vinay Sharma,35,Male,50500,D06,2,Yes,13,2011-12-01
E01512,Shailesh Mehta,45,Male,77000,D03,4,No,12,2012-11-17
E01513,Tejas Ghosh,44,Male,94000,D02,5,No,7,2017-08-16
E01514,Leena Menon,25,Female,,D07,2,Yes,0,2024-12-15
E01515,Swati Agarwal,39,Female,77000,D02,4,Yes,0,2024-08-26
E01516,Poonam Rao,50,Female,102500,D02,4,No,8,2016-08-13
E01517,Arjun Patil,53,Male,65000,D04,3,No,16,2008-11-05
E01518,Mohit Kulkarni,41,Male,64000,D06,5,Yes,0,2024-02-19
E01519,Neha Shenoy,58,Female,105000,D07,4,No,16,2008-03-21
E01520,Sunil Shenoy,48,Male,122500,D05,3,No,0,2024-08-07
E01521,Sunita Jain,34,Female,54000,D06,2,Yes,10,2014-10-19
E01522,Ajay Tiwari,24,Male,43000,D07,2,No,2,2022-08-25
E01523,Ajit Kumar,28,Male,81500,D05,3,No,2,2022-04-14
E01524,Suresh Shenoy,50,Male,72500,D06,3,Yes,7,2017-12-07
E01525,Kavya Jain,50,Female,93000,D02,3,No,10,2014-04-20
E01526,Vikram Chauhan,39,Male,97000,D05,4,No,0,2024-08-27
E01527,Aakash Das,36,Male,91500,D05,2,No,0,2024-07-23
E01528,Arjun Shah,58,Male,,D01,5,No,8,2016-04-06
E01529,Sanjay Reddy,34,Male,,D02,2,No,7,2017-01-22
E01530,Ashwin Saxena,49,Male,,D02,4,Yes,2,2022-03-16
E01531,Rakesh Nambiar,28,Male,73500,D01,1,Yes,2,2022-04-03
E01532,Mohit Kulkarni,57,Male,89500,D06,5,No,10,2014-08-06
E01533,Saurabh Bhatt,33,Male,93000,D05,2,No,12,2012-08-09
E01534,Sanjay Bhat,40,Male,59500,D04,4,No,14,2010-02-28
E01535,Vivek Roy,29,Male,,D05,3,No,6,2018-11-19
E01536,Sanket Rao,30,Male,67500,D02,3,No,0,2024-09-28
E01537,Varun Kulkarni,56,Male,131500,D01,4,No,8,2016-06-18
E01538,Nikhil Rao,27,Male,,D05,2,No,4,2020-08-03
E01539,Leena Menon,39,Female,69500,D07,1,Yes,0,2024-01-25
E01540,Shailesh Verma,27,Male,43000,D03,3,Yes,6,2018-12-26
E01541,Nisha Malhotra,56,Female,85000,D06,5,Yes,1,2023-11-24
E01542,Tanvi Ghosh,29,Female,,D07,3,No,8,2016-11-10
E01543,Amol Yadav,56,Male,69500,D04,3,Yes,15,2009-09-25
E01544,Sunil Ghosh,52,Male,126000,D01,3,Yes,13,2011-08-01
E01545,Lokesh Mishra,43,Male,102500,D01,3,No,16,2008-05-17
E01546,Swati Jain,54,Female,104500,D02,4,No,11,2013-11-02
E01547,Sonal Gupta,57,Female,81000,D06,4,No,15,2009-01-14
E01548,Archana Mishra,23,Female,46000,D07,1,Yes,2,2022-09-06
E01549,Piyush Desai,55,Male,139500,D01,4,No,16,2008-12-01
E01550,Chetan Chauhan,53,Male,,D02,5,No,6,2018-07-23
E01551,Neha Nair,26,Female,56000,D02,2,Yes,3,2021-10-22
E01552,Manasi Saxena,32,Female,74500,D01,2,No,6,2018-12-05
E01553,Suresh Saxena,38,Male,92500,D01,4,No,1,2023-07-10
E01554,Sejal Agarwal,24,Female,47500,D02,2,No,1,2023-12-22
E01555,Shailesh Verma,27,Male,38500,D04,2,Yes,2,2022-07-26
E01556,Ramesh Rao,28,Male,46000,D03,3,Yes,2,2022-05-11
E01557,Rakesh Pandey,24,Male,46500,D03,2,Yes,0,2024-05-08
E01558,Preeti Kulkarni,38,Female,,D05,2,Yes,3,2021-07-24
E01559,Nilesh Dubey,51,Male,132000,D05,5,No,3,2021-09-02
E01560,Girish Reddy,30,Male,46500,D04,3,No,5,2019-04-02
E01561,Deepak Shukla,54,Male,75000,D04,4,No,10,2014-07-04
E01562,Rahul Iyer,35,Male,,D07,1,No,12,2012-01-19
E01563,Amol Kulkarni,22,Male,48500,D02,3,No,1,2023-06-16
E01564,Shailesh Nambiar,22,Male,63000,D05,3,No,0,2024-07-12
E01565,Dinesh Dubey,26,Male,43000,D07,2,Yes,4,2020-11-25
E01566,Piyush Kulkarni,52,Male,95500,D03,5,No,0,2024-10-05
E01567,Tejas Dubey,54,Male,,D02,4,No,7,2017-08-09
E01568,Ajit Agarwal,30,Male,81000,D05,3,No,6,2018-12-02
E01569,Neha Pawar,47,Female,62000,D04,3,No,1,2023-09-23
E01570,Vikram Pillai,25,Male,74000,D05,2,No,1,2023-06-13
E01571,Lokesh Nair,51,Male,120500,D01,5,No,6,2018-02-06
E01572,Anil Das,57,Male,112000,D02,5,No,3,2021-08-21
E01573,Pratik Reddy,55,Male,96000,D07,4,No,9,2015-12-02
E01574,Riddhi Pillai,43,Female,71000,D03,4,No,15,2009-11-18
E01575,Vivek Thakur,29,Male,,D01,3,No,5,2019-08-23
E01576,Sudha Kaur,26,Female,45500,D07,4,No,2,2022-10-06
E01577,Reena Menon,47,Female,87500,D07,4,No,13,2011-10-19
E01578,Pooja Kulkarni,40,Female,81000,D02,4,No,11,2013-10-13
E01579,Bharat Verma,54,Male,94500,D03,4,No,6,2018-03-07
E01580,Bharat Nair,49,Male,66000,D04,5,No,1,2023-07-20
E01581,Bharati Mehta,51,Female,91500,D07,4,No,0,2024-11-15
E01582,Manoj Dubey,36,Male,66500,D03,3,No,11,2013-11-08
E01583,Bharat Sharma,44,Male,,D04,5,No,3,2021-03-23
E01584,Piyush Kaur,44,Male,118000,D05,3,No,4,2020-07-22
E01585,Namita Nambiar,26,Female,44500,D07,3,Yes,0,2024-09-16
E01586,Ramesh Pillai,55,Male,96500,D03,5,No,10,2014-02-09
E01587,Ajay Kaur,41,Male,75500,D07,5,No,8,2016-11-02
E01588,Rahul Sharma,54,Male,72500,D04,5,Yes,12,2012-07-03
E01589,Deepika Pillai,26,Female,,D01,3,No,1,2023-10-11
E01590,Lokesh Kulkarni,25,Male,70000,D05,3,Yes,2,2022-02-10
E01591,Abhijit Nambiar,33,Male,63500,D07,2,No,8,2016-04-28
E01592,Karan Thakur,36,Male,55000,D06,2,No,8,2016-01-16
E01593,Nilesh Malhotra,30,Male,48000,D06,2,Yes,6,2018-11-05
E01594,Amit Pawar,52,Male,75000,D04,5,No,1,2023-03-19
E01595,Sneha Bhat,55,Female,,D06,4,No,8,2016-02-07
E01596,Sunil Mishra,32,Male,,D02,2,Yes,6,2018-02-15
E01597,Rakesh Shah,27,Male,67000,D05,2,No,0,2024-07-04
E01598,Ritu Bhosale,53,Female,139000,D05,4,No,11,2013-07-04
E01599,Pallavi Desai,25,Female,50000,D06,1,No,1,2023-10-11
E01600,Suresh Bhatt,39,Male,61000,D03,3,No,7,2017-08-07
E01601,Harish Bhosale,53,Male,,D06,3,Yes,5,2019-03-03
E01602,Reena Roy,33,Female,83500,D01,4,No,3,2021-05-17
E01603,Komal Pawar,50,Female,,D02,5,No,13,2011-04-28
E01604,Sanket Tiwari,48,Male,114000,D01,4,No,7,2017-10-25
E01605,Shruti Mehta,51,Female,70500,D04,5,Yes,1,2023-07-28
E01606,Rahul Thakur,22,Male,36000,D04,3,Yes,0,2024-02-22
E01607,Chetana Menon,27,Female,43500,D04,1,Yes,6,2018-11-12
E01608,Rakesh Desai,47,Male,117000,D05,4,No,2,2022-09-21
E01609,Sunil Yadav,47,Male,67000,D04,5,No,1,2023-09-19
E01610,Rupali Verma,32,Female,71000,D02,1,No,0,2024-06-26
E01611,Sonal Dubey,38,Female,108000,D05,3,No,9,2015-11-05
E01612,Devendra Patel,40,Male,69500,D03,4,Yes,16,2008-08-26
E01613,Siddharth Iyer,37,Male,96000,D05,1,No,14,2010-07-16
E01614,Pratik Malhotra,39,Male,58500,D04,4,No,2,2022-10-03
E01615,Gayatri Roy,31,Female,60000,D07,2,No,9,2015-07-17
E01616,Sunil Kulkarni,58,Male,115000,D02,4,No,1,2023-11-18
E01617,Rakesh Patil,45,Male,112500,D01,5,No,8,2016-01-22
E01618,Sonal Shukla,43,Female,68000,D06,3,No,1,2023-01-22
E01619,Smita Jain,38,Female,83500,D02,4,No,16,2008-07-15
E01620,Lakshmi Patil,30,Female,50500,D06,2,No,9,2015-05-26
E01621,Sanket Yadav,28,Male,48500,D03,3,No,2,2022-05-03
E01622,Sonal Chauhan,33,Female,56500,D03,2,No,2,2022-10-06
E01623,Varun Kulkarni,45,Male,,D01,4,No,16,2008-02-18
E01624,Madhuri Desai,46,Female,85000,D07,3,No,10,2014-01-20
E01625,Shweta Sharma,34,Female,,D03,3,No,9,2015-02-22
E01626,Tushar Dubey,52,Male,96000,D02,4,No,6,2018-09-27
E01627,Aakash Thakur,35,Male,46500,D04,2,Yes,1,2023-06-10
E01628,Tejas Iyer,45,Male,,D05,4,No,6,2018-07-16
E01629,Padmaja Tiwari,24,Female,67500,D01,3,No,2,2022-03-23
E01630,Vikram Mishra,33,Male,45500,D04,3,No,9,2015-09-04
E01631,Deepak Chauhan,22,Male,40000,D03,2,No,0,2024-04-28
E01632,Divya Joshi,43,Female,118000,D05,5,No,13,2011-07-02
E01633,Sejal Malhotra,56,Female,69500,D04,4,No,9,2015-03-05
E01634,Rupali Pandey,49,Female,90000,D03,5,No,10,2014-12-27
E01635,Aakash Bhatt,43,Male,99000,D01,3,No,0,2024-01-02
E01636,Rohit Patil,30,Male,56000,D06,2,Yes,1,2023-06-28
E01637,Ananya Kulkarni,35,Female,59000,D06,1,Yes,6,2018-09-24
E01638,Gayatri Kaur,53,Female,105500,D02,5,No,7,2017-07-15
E01639,Poonam Nambiar,31,Female,43000,D06,2,No,2,2022-06-28
E01640,Sheetal Reddy,26,Female,65500,D05,3,No,1,2023-12-18
E01641,Nikhil Pillai,31,Male,60500,D07,3,Yes,0,2024-11-10
E01642,Manoj Patil,48,Male,83500,D03,4,No,5,2019-04-23
E01643,Shruti Kulkarni,27,Female,44500,D06,2,Yes,1,2023-03-12
E01644,Jyoti Jain,52,Female,101500,D02,4,No,4,2020-10-02
E01645,Gayatri Shenoy,37,Female,53500,D06,3,No,12,2012-01-18
E01646,Lakshmi Kumar,51,Female,75500,D06,4,No,6,2018-08-26
E01647,Arjun Tiwari,33,Male,61000,D02,2,No,9,2015-10-20
E01648,Shailesh Bhatt,42,Male,73000,D06,3,No,2,2022-11-10
E01649,Sunil Thakur,37,Male,69500,D07,4,No,6,2018-06-18
E01650,Komal Pawar,36,Female,77500,D02,5,No,12,2012-05-08
E01651,Sudha Pawar,29,Female,,D02,3,No,7,2017-10-27
E01652,Saurabh Kumar,32,Male,76000,D01,2,No,3,2021-11-20
E01653,Tejas Pawar,42,Male,85500,D02,3,No,16,2008-04-05
E01654,Nikhil Thakur,47,Male,79000,D06,4,No,1,2023-09-07
E01655,Nandita Bhosale,55,Female,143000,D05,4,No,14,2010-06-22
E01656,Trupti Das,44,Female,83500,D02,4,No,12,2012-01-26
E01657,Sanjay Verma,39,Male,64000,D03,3,No,12,2012-11-03
E01658,Abhijit Kumar,44,Male,87000,D07,4,No,5,2019-04-28
E01659,Ramesh Nair,58,Male,115000,D02,3,No,11,2013-11-01
E01660,Karan Shukla,34,Male,,D01,2,No,6,2018-08-03
E01661,Harish Bhat,25,Male,38000,D06,1,No,1,2023-02-07
E01662,Manasi Bhosale,30,Female,68000,D01,1,Yes,9,2015-12-22
E01663,Gaurav Gupta,29,Male,81500,D05,3,No,0,2024-08-05
E01664,Neha Pillai,35,Female,,D01,2,Yes,9,2015-04-14
E01665,Abhijit Saxena,55,Male,127500,D01,3,Yes,9,2015-03-04
E01666,Bharati Kulkarni,30,Female,59500,D03,2,Yes,0,2024-10-22
E01667,Ritu Verma,34,Female,61000,D06,2,No,5,2019-06-24
E01668,Tejas Yadav,44,Male,,D02,3,No,15,2009-01-25
E01669,Preeti Bhatt,44,Female,112500,D05,4,No,11,2013-07-10
E01670,Meera Nair,23,Female,47000,D02,2,Yes,0,2024-07-04
E01671,Anita Singh,32,Female,87000,D05,3,No,0,2024-08-24
E01672,Nitin Rao,30,Male,66500,D02,4,Yes,4,2020-09-21
E01673,Rakesh Sharma,36,Male,62000,D06,3,Yes,9,2015-01-08
E01674,Vrinda Yadav,50,Female,85500,D03,4,No,9,2015-10-03
E01675,Smita Agarwal,49,Female,84000,D07,4,Yes,7,2017-05-16
E01676,Roshni Sharma,29,Female,72500,D01,3,No,0,2024-02-26
E01677,Jyoti Rao,28,Female,40000,D04,1,No,4,2020-02-16
E01678,Shailesh Thakur,50,Male,115500,D01,5,No,0,2024-12-04
E01679,Sudhir Gupta,48,Male,57500,D04,4,No,7,2017-01-15
E01680,Smita Kulkarni,39,Female,,D04,1,Yes,6,2018-07-06
E01681,Lakshmi Mishra,56,Female,102000,D07,5,No,11,2013-08-14
E01682,Manish Shenoy,22,Male,40000,D03,1,No,0,2024-10-13
E01683,Roshni Bhat,49,Female,83500,D07,3,No,2,2022-06-19
E01684,Sneha Gupta,25,Female,43500,D03,2,No,3,2021-07-04
E01685,Manish Singh,50,Male,130000,D05,3,No,14,2010-02-09
E01686,Sanket Shenoy,26,Male,52500,D07,3,No,4,2020-12-28
E01687,Neha Kumar,42,Female,72000,D07,4,Yes,1,2023-05-20
E01688,Shruti Dubey,55,Female,74000,D04,4,No,7,2017-11-03
E01689,Gayatri Dubey,57,Female,85500,D06,5,Yes,3,2021-07-13
E01690,Girish Chauhan,58,Male,96000,D03,4,No,7,2017-03-25
E01691,Reena Yadav,29,Female,77000,D05,3,No,0,2024-02-23
E01692,Arjun Reddy,51,Male,,D01,4,Yes,14,2010-09-28
E01693,Hemant Verma,38,Male,98500,D01,4,No,2,2022-04-12
E01694,Swati Mehta,27,Female,48500,D04,2,No,0,2024-12-27
E01695,Rohit Roy,47,Male,78500,D03,3,No,4,2020-03-25
E01696,Vinay Malhotra,54,Male,92500,D03,3,Yes,0,2024-09-06
E01697,Poornima Tiwari,52,Female,75000,D06,4,No,5,2019-04-13
E01698,Pranav Das,53,Male,88000,D06,5,No,8,2016-03-20
E01699,Sonal Bhat,52,Female,,D06,5,No,1,2023-05-02
E01700,Kartik Bhatt,29,Male,50500,D03,3,No,0,2024-08-18
E01701,Varun Ghosh,44,Male,111500,D01,5,No,14,2010-10-26
E01702,Bharat Gupta,48,Male,78000,D06,4,No,9,2015-10-13
E01703,Sneha Jain,50,Female,,D05,2,No,4,2020-02-15
E01704,Pranav Mishra,37,Male,70500,D07,4,Yes,13,2011-05-18
E01705,Mohit Roy,47,Male,126000,D05,2,No,16,2008-04-20
E01706,Poornima Nair,55,Female,73500,D04,5,Yes,2,2022-07-01
E01707,Manish Kaur,37,Male,68000,D03,4,No,5,2019-04-23
E01708,Priya Pandey,33,Female,59000,D02,2,No,4,2020-06-18
E01709,Pranav Thakur,39,Male,68500,D07,1,Yes,15,2009-03-09
E01710,Sanjay Agarwal,39,Male,100000,D01,3,No,13,2011-07-28
E01711,Ramesh Kulkarni,30,Male,46000,D06,3,No,9,2015-09-19
E01712,Piyush Bhosale,57,Male,106500,D02,4,No,8,2016-02-15
E01713,Sunil Shukla,33,Male,49500,D04,2,No,6,2018-05-18
E01714,Ajit Kaur,47,Male,76000,D06,4,No,14,2010-05-17
E01715,Sunil Pandey,38,Male,72000,D03,4,No,1,2023-02-04
E01716,Rakesh Chauhan,45,Male,,D02,4,Yes,12,2012-12-02
E01717,Vivek Dubey,56,Male,105000,D07,4,No,12,2012-04-14
E01718,Suresh Das,38,Male,65000,D03,1,Yes,1,2023-07-16
E01719,Ritu Saxena,55,Female,138500,D05,5,No,5,2019-01-10
E01720,Komal Shenoy,49,Female,,D04,4,Yes,13,2011-01-11
E01721,Tanvi Bhatt,45,Female,65000,D04,5,No,14,2010-06-18
E01722,Riddhi Tiwari,36,Female,77000,D02,3,No,0,2024-07-05
E01723,Gayatri Joshi,33,Female,60000,D07,1,No,5,2019-12-10
E01724,Shweta Singh,22,Female,45500,D06,1,Yes,1,2023-03-28
E01725,Roshni Chauhan,52,Female,,D03,3,Yes,4,2020-06-20
E01726,Vandana Shah,27,Female,55500,D03,4,No,6,2018-09-27
E01727,Deepa Sharma,56,Female,129000,D01,5,No,15,2009-10-17
E01728,Sanjay Patel,33,Male,89500,D05,3,No,5,2019-08-26
E01729,Nilesh Nambiar,38,Male,,D07,3,No,13,2011-02-05
E01730,Shweta Chauhan,43,Female,85000,D02,4,No,11,2013-12-19
E01731,Jyoti Mishra,32,Female,53000,D03,1,No,8,2016-03-10
E01732,Sudhir Tiwari,38,Male,71500,D03,4,No,8,2016-01-02
E01733,Sheetal Bhosale,43,Female,62500,D06,3,Yes,6,2018-02-04
E01734,Sheetal Roy,53,Female,90000,D06,5,No,2,2022-08-15
E01735,Poonam Menon,53,Female,,D02,4,Yes,6,2018-09-18
E01736,Namita Sharma,56,Female,,D01,4,No,2,2022-10-26
E01737,Vandana Pillai,24,Female,39000,D04,2,No,1,2023-06-24
E01738,Varun Rao,41,Male,92500,D01,3,No,3,2021-09-03
E01739,Deepika Kumar,49,Female,80000,D03,5,No,8,2016-05-09
E01740,Deepa Roy,35,Female,65500,D07,1,No,14,2010-06-23
E01741,Rahul Tiwari,37,Male,61500,D06,4,No,3,2021-03-18
E01742,Archana Yadav,49,Female,128000,D05,5,No,16,2008-03-25
E01743,Poornima Kaur,30,Female,56000,D07,2,Yes,1,2023-05-27
E01744,Aakash Dubey,56,Male,90000,D06,4,Yes,12,2012-12-09
E01745,Kartik Malhotra,32,Male,81000,D05,1,No,3,2021-10-26
E01746,Sneha Bhat,32,Female,80500,D05,2,Yes,2,2022-09-28
E01747,Pranav Nair,29,Male,,D01,2,No,1,2023-01-06
E01748,Leena Bhatt,46,Female,104500,D01,4,No,0,2024-09-27
E01749,Vandana Ghosh,29,Female,72500,D01,2,No,1,2023-05-07
E01750,Chetan Agarwal,42,Male,63000,D06,4,No,2,2022-10-17
E01751,Sanjay Tiwari,41,Male,62500,D04,3,Yes,10,2014-11-26
E01752,Abhijit Bhat,33,Male,,D01,2,No,4,2020-06-24
E01753,Ajit Gupta,49,Male,73000,D04,3,Yes,12,2012-07-09
E01754,Pallavi Patel,27,Female,,D06,3,No,1,2023-05-01
E01755,Riddhi Shukla,52,Female,126500,D01,5,No,0,2024-06-25
E01756,Bharat Shenoy,31,Male,46000,D04,2,Yes,9,2015-10-20
E01757,Manoj Rao,56,Male,74000,D04,4,No,16,2008-11-19
E01758,Archana Kumar,45,Female,107500,D01,4,Yes,13,2011-03-12
E01759,Sneha Dubey,37,Female,66500,D02,3,No,2,2022-03-14
E01760,Lokesh Sharma,41,Male,101000,D01,5,No,0,2024-10-12
E01761,Ruchika Das,42,Female,102000,D01,4,No,15,2009-08-10
E01762,Gayatri Dubey,33,Female,54500,D07,3,No,1,2023-09-22
E01763,Amol Kaur,47,Male,93000,D02,3,No,8,2016-03-06
E01764,Saurabh Singh,38,Male,65000,D06,3,No,11,2013-05-05
E01765,Vrinda Gupta,42,Female,62000,D04,4,Yes,16,2008-03-01
E01766,Vrinda Sharma,58,Female,140000,D01,4,No,1,2023-02-21
E01767,Anita Singh,51,Female,97000,D02,5,No,4,2020-05-28
E01768,Sonal Jain,22,Female,55000,D01,4,No,1,2023-09-21
E01769,Vandana Malhotra,37,Female,84500,D01,4,No,13,2011-02-13
E01770,Priya Chauhan,26,Female,,D01,3,No,2,2022-09-21
E01771,Priya Shukla,33,Female,61000,D07,3,No,12,2012-02-27
E01772,Amit Thakur,36,Male,,D07,4,No,14,2010-01-27
E01773,Anil Kaur,42,Male,59000,D06,4,No,0,2024-08-09
E01774,Jyoti Tiwari,40,Female,85500,D02,4,No,4,2020-10-17
E01775,Namita Joshi,38,Female,74500,D03,4,Yes,15,2009-02-14
E01776,Tushar Pillai,41,Male,76000,D07,4,Yes,2,2022-04-25
E01777,Harish Mishra,57,Male,90000,D06,4,No,12,2012-04-22
E01778,Padmaja Desai,55,Female,,D07,5,No,7,2017-06-28
E01779,Rupali Bhatt,24,Female,40000,D06,2,No,3,2021-04-19
E01780,Rupali Das,34,Female,87000,D05,2,No,2,2022-06-26
E01781,Shruti Joshi,56,Female,132500,D01,5,No,10,2014-01-15
E01782,Smita Malhotra,43,Female,68500,D03,3,No,11,2013-07-06
E01783,Sanket Pandey,42,Male,95000,D01,3,Yes,15,2009-11-23
E01784,Vivek Shah,27,Male,,D01,1,No,6,2018-09-13
E01785,Sheetal Malhotra,46,Female,115000,D01,2,No,5,2019-03-21
E01786,Sunil Jain,27,Male,40000,D06,1,No,0,2024-02-22
E01787,Deepa Sharma,32,Female,58500,D07,2,No,11,2013-01-03
E01788,Siddharth Kaur,38,Male,55000,D04,3,No,10,2014-01-15
E01789,Vandana Pillai,30,Female,45500,D04,3,No,8,2016-01-12
E01790,Vivek Kumar,25,Male,60500,D01,2,No,2,2022-11-20
E01791,Ajit Kaur,29,Male,68000,D01,3,No,5,2019-03-02
E01792,Meera Kumar,56,Female,99000,D03,4,No,3,2021-04-21
E01793,Namita Patil,45,Female,,D06,4,Yes,10,2014-03-02
E01794,Sudha Yadav,22,Female,38000,D06,4,No,1,2023-10-14
E01795,Sanket Ghosh,50,Male,62500,D04,5,No,1,2023-12-08
E01796,Nilesh Reddy,34,Male,96000,D05,3,No,4,2020-05-19
E01797,Rahul Bhat,53,Male,67500,D04,3,Yes,5,2019-06-11
E01798,Rohit Pawar,35,Male,46500,D04,1,Yes,4,2020-03-13
E01799,Kartik Singh,33,Male,61500,D06,3,No,9,2015-12-25
E01800,Rohit Sharma,24,Male,60000,D05,2,Yes,3,2021-11-02
E01801,Deepika Desai,37,Female,85000,D01,2,Yes,3,2021-02-13
E01802,Bharat Pandey,51,Male,92500,D03,5,No,14,2010-06-28
E01803,Pallavi Menon,47,Female,,D01,4,No,7,2017-07-22
E01804,Abhijit Thakur,44,Male,110000,D05,5,No,2,2022-05-15
E01805,Rahul Malhotra,29,Male,76500,D01,3,No,5,2019-03-08
E01806,Aparna Menon,28,Female,51500,D06,4,No,2,2022-02-12
E01807,Sonal Sharma,45,Female,111000,D05,3,No,13,2011-02-25
E01808,Jyoti Shenoy,27,Female,47000,D06,2,No,2,2022-10-24
E01809,Lokesh Shenoy,55,Male,136500,D01,4,No,1,2023-06-08
E01810,Rohit Shenoy,46,Male,127500,D05,4,No,4,2020-09-19
E01811,Pallavi Singh,28,Female,69500,D05,2,Yes,2,2022-12-25
E01812,Pratik Agarwal,56,Male,,D02,5,Yes,7,2017-03-22
E01813,Vrinda Jain,35,Female,51000,D06,2,Yes,14,2010-12-28
E01814,Sudha Dubey,34,Female,,D06,3,Yes,10,2014-03-24
E01815,Karan Jain,31,Male,68500,D02,2,No,2,2022-03-23
E01816,Ajay Thakur,34,Male,,D01,1,No,12,2012-03-17
E01817,Shruti Pillai,22,Female,43500,D06,3,No,0,2024-06-23
E01818,Leena Mishra,47,Female,116000,D05,3,Yes,7,2017-03-25
E01819,Nitin Kumar,52,Male,,D03,5,No,1,2023-03-19
E01820,Rajesh Patil,56,Male,,D07,4,Yes,2,2022-10-13
E01821,Manish Nambiar,53,Male,128500,D01,5,No,1,2023-06-13
E01822,Leena Gupta,46,Female,95000,D02,4,No,12,2012-03-03
E01823,Dinesh Kaur,40,Male,78000,D07,2,No,8,2016-05-21
E01824,Rakesh Saxena,34,Male,51000,D06,1,No,9,2015-07-12
E01825,Preeti Joshi,32,Female,40500,D04,2,Yes,6,2018-02-03
E01826,Trupti Joshi,43,Female,69500,D06,3,No,10,2014-05-22
E01827,Sanket Pawar,28,Male,49000,D06,2,Yes,6,2018-03-21
E01828,Hemant Dubey,58,Male,88000,D06,5,No,8,2016-04-07
E01829,Leena Iyer,45,Female,64000,D06,3,No,11,2013-09-08
E01830,Ajit Patil,26,Male,68000,D01,2,Yes,2,2022-11-17
E01831,Smita Bhosale,46,Female,74000,D06,4,No,8,2016-08-11
E01832,Sonal Pandey,34,Female,68000,D03,4,No,3,2021-07-12
E01833,Sonal Dubey,54,Female,75000,D04,5,Yes,2,2022-07-07
E01834,Smita Verma,56,Female,90000,D06,5,No,0,2024-10-11
E01835,Deepika Patel,43,Female,90500,D02,3,No,12,2012-10-05
E01836,Pallavi Malhotra,33,Female,87000,D01,3,No,3,2021-01-15
E01837,Mohit Iyer,46,Male,119000,D01,5,No,9,2015-01-22
E01838,Pranav Nambiar,29,Male,56500,D03,3,Yes,5,2019-05-07
E01839,Hemant Bhosale,36,Male,96000,D01,4,No,0,2024-01-18
E01840,Divya Nair,29,Female,69500,D01,4,No,8,2016-08-03
E01841,Ashwin Jain,33,Male,54000,D04,3,No,8,2016-08-09
E01842,Deepa Mehta,53,Female,108000,D02,5,No,5,2019-11-27
E01843,Komal Nair,36,Female,50000,D04,2,No,14,2010-03-19
E01844,Abhijit Sharma,29,Male,58500,D03,1,No,0,2024-11-27
E01845,Saurabh Roy,26,Male,,D01,2,No,2,2022-06-21
E01846,Tushar Iyer,30,Male,,D01,3,No,2,2022-06-15
E01847,Amol Saxena,36,Male,98500,D05,2,No,3,2021-04-25
E01848,Divya Gupta,34,Female,78500,D01,2,Yes,6,2018-10-12
E01849,Shailesh Verma,33,Male,91500,D05,2,Yes,10,2014-08-26
E01850,Trupti Reddy,37,Female,69000,D02,3,No,4,2020-11-23
E01851,Manoj Dubey,33,Male,77500,D01,3,No,5,2019-08-23
E01852,Shweta Joshi,36,Female,,D04,4,No,2,2022-09-12
E01853,Chetan Bhosale,24,Male,60000,D05,3,No,3,2021-10-16
E01854,Sanjay Ghosh,24,Male,55000,D01,2,No,3,2021-02-05
E01855,Chetan Shenoy,33,Male,47500,D06,3,No,7,2017-11-26
E01856,Rupali Desai,47,Female,58000,D04,3,Yes,10,2014-08-25
E01857,Ajit Nair,31,Male,69500,D02,1,No,8,2016-01-21
E01858,Siddharth Shenoy,58,Male,115000,D02,5,No,5,2019-03-24
E01859,Megha Thakur,25,Female,,D04,3,Yes,3,2021-04-03
E01860,Chetana Pawar,39,Female,100500,D01,4,No,7,2017-01-16
E01861,Riddhi Mehta,57,Female,93000,D03,4,No,0,2024-11-03
E01862,Sudhir Agarwal,47,Male,95000,D02,4,No,15,2009-11-12
E01863,Ananya Thakur,42,Female,74500,D03,4,No,2,2022-03-21
E01864,Meera Kumar,58,Female,105000,D07,4,No,10,2014-06-14
E01865,Reena Reddy,42,Female,,D04,3,No,15,2009-06-26
E01866,Arjun Desai,32,Male,54000,D04,3,No,2,2022-11-01
E01867,Shailesh Patel,31,Male,48000,D03,3,No,3,2021-10-08
E01868,Leena Roy,58,Female,,D06,5,No,12,2012-01-19
E01869,Vrinda Chauhan,36,Female,,D01,3,No,5,2019-03-15
E01870,Aparna Yadav,55,Female,144500,D05,4,No,15,2009-11-18
E01871,Sameer Yadav,41,Male,,D02,2,Yes,2,2022-11-25
E01872,Lakshmi Rao,29,Female,51500,D02,1,No,2,2022-02-19
E01873,Gayatri Jain,40,Female,107500,D05,2,Yes,14,2010-05-16
E01874,Shruti Saxena,41,Female,110500,D05,3,No,13,2011-08-13
E01875,Pooja Nambiar,34,Female,55000,D04,5,No,5,2019-07-23
E01876,Nitin Patil,44,Male,80000,D03,2,No,7,2017-08-07
E01877,Archana Iyer,51,Female,60500,D04,4,Yes,3,2021-11-19
E01878,Sunil Reddy,25,Male,,D06,1,No,4,2020-08-24
E01879,Abhijit Nambiar,35,Male,46500,D04,2,Yes,3,2021-02-28
E01880,Archana Bhat,44,Female,75500,D03,5,No,13,2011-04-10
E01881,Komal Rao,41,Female,61500,D06,3,No,2,2022-05-20
E01882,Deepak Dubey,37,Male,72000,D07,4,No,8,2016-05-19
E01883,Sunita Verma,55,Female,103000,D07,3,No,5,2019-03-08
E01884,Sonal Reddy,58,Female,90000,D06,5,Yes,16,2008-10-28
E01885,Deepak Yadav,50,Male,92500,D02,4,Yes,5,2019-02-28
E01886,Preeti Agarwal,48,Female,81000,D03,5,No,15,2009-10-05
E01887,Dinesh Jain,58,Male,75000,D04,4,No,9,2015-07-03
E01888,Harish Mishra,28,Male,61500,D02,3,No,1,2023-04-24
E01889,Madhuri Dubey,47,Female,91000,D02,4,No,10,2014-11-22
E01890,Pooja Yadav,35,Female,82000,D01,2,No,11,2013-06-18
E01891,Shweta Patel,26,Female,60000,D02,1,Yes,4,2020-09-12
E01892,Nitin Menon,30,Male,80000,D01,2,Yes,3,2021-04-10
E01893,Arjun Saxena,36,Male,57500,D06,3,No,13,2011-09-24
E01894,Vikram Shenoy,42,Male,70500,D06,3,No,4,2020-10-28
E01895,Devendra Patel,53,Male,75000,D04,4,No,9,2015-02-15
E01896,Deepa Nair,36,Female,100000,D05,1,No,11,2013-01-06
E01897,Shruti Pandey,33,Female,51500,D04,3,No,5,2019-12-28
E01898,Manoj Nair,36,Male,82500,D01,2,No,0,2024-03-11
E01899,Vivek Verma,36,Male,68500,D02,1,No,13,2011-08-15
E01900,Leena Thakur,22,Female,41000,D04,2,No,1,2023-03-25
E01901,Neha Singh,33,Female,61000,D03,1,No,5,2019-04-02
E01902,Vrinda Menon,37,Female,86000,D01,1,Yes,8,2016-12-26
E01903,Kartik Verma,27,Male,44500,D04,3,Yes,1,2023-03-22
E01904,Saurabh Nambiar,38,Male,67500,D06,5,No,14,2010-12-25
E01905,Tanvi Desai,48,Female,118500,D01,4,No,5,2019-05-02
E01906,Swati Chauhan,31,Female,55500,D03,2,Yes,1,2023-03-05
E01907,Gayatri Bhat,56,Female,100000,D03,5,No,8,2016-09-24
E01908,Saurabh Yadav,26,Male,44000,D07,1,Yes,0,2024-03-03
E01909,Ajay Mishra,57,Male,75000,D04,4,Yes,1,2023-11-03
E01910,Aparna Gupta,36,Female,89500,D05,4,No,11,2013-02-19
E01911,Amol Tiwari,29,Male,36500,D04,4,No,2,2022-03-05
E01912,Vivek Shenoy,51,Male,96000,D02,3,Yes,0,2024-06-28
E01913,Chetana Tiwari,38,Female,106500,D05,4,Yes,12,2012-04-07
E01914,Sanjay Agarwal,40,Male,69500,D03,4,No,0,2024-05-17
E01915,Priya Jain,51,Female,128500,D01,4,No,5,2019-01-28
E01916,Meera Shukla,42,Female,89000,D02,4,No,14,2010-08-09
E01917,Pranav Dubey,42,Male,53000,D04,4,No,8,2016-03-15
E01918,Siddharth Yadav,31,Male,75000,D01,2,Yes,1,2023-07-12
E01919,Devendra Thakur,58,Male,90000,D06,4,Yes,5,2019-03-19
E01920,Megha Gupta,31,Female,79500,D05,2,No,5,2019-11-23
E01921,Devendra Nambiar,33,Male,63500,D07,3,No,11,2013-05-22
E01922,Varun Desai,54,Male,133000,D01,4,No,10,2014-02-07
E01923,Vikram Jain,58,Male,,D05,4,No,7,2017-12-28
E01924,Suresh Iyer,26,Male,51000,D03,4,Yes,2,2022-09-22
E01925,Anil Roy,48,Male,125000,D05,3,No,12,2012-05-01
E01926,Jyoti Roy,25,Female,35500,D04,3,Yes,2,2022-03-27
E01927,Vinay Das,53,Male,72000,D04,5,No,16,2008-08-08
E01928,Bharati Bhat,40,Female,72000,D07,4,No,9,2015-12-04
E01929,Manish Shukla,31,Male,58000,D06,1,Yes,6,2018-03-06
E01930,Vikram Agarwal,32,Male,81000,D05,4,No,8,2016-04-26
E01931,Aakash Chauhan,50,Male,105000,D02,5,No,13,2011-10-20
E01932,Devendra Menon,54,Male,79500,D06,3,No,3,2021-12-18
E01933,Sneha Menon,22,Female,55000,D01,1,No,1,2023-04-24
E01934,Suresh Sharma,42,Male,59500,D06,2,No,10,2014-03-09
E01935,Siddharth Shenoy,32,Male,,D04,3,No,9,2015-03-22
E01936,Shruti Roy,49,Female,103000,D02,5,No,14,2010-07-08
E01937,Sudhir Shukla,46,Male,,D06,4,No,6,2018-04-27
E01938,Bharati Mehta,56,Female,105000,D07,4,No,12,2012-03-13
E01939,Rahul Kumar,34,Male,71000,D02,4,No,8,2016-03-07
E01940,Siddharth Iyer,51,Male,81500,D06,4,No,2,2022-09-16
E01941,Piyush Chauhan,53,Male,63000,D04,4,No,1,2023-07-25
E01942,Sameer Roy,55,Male,139000,D01,3,No,8,2016-04-25
E01943,Kavya Bhosale,54,Female,78000,D06,5,No,11,2013-10-14
E01944,Namita Pawar,33,Female,57000,D06,3,No,0,2024-12-27
E01945,Rupali Ghosh,32,Female,91500,D05,1,No,5,2019-10-27
E01946,Varun Tiwari,36,Male,91500,D05,1,No,13,2011-11-21
E01947,Kartik Dubey,23,Male,35000,D04,3,No,2,2022-08-05
E01948,Meera Malhotra,58,Female,148500,D05,3,No,15,2009-01-18
E01949,Sunita Shenoy,44,Female,72000,D06,3,No,9,2015-07-09
E01950,Kavya Nambiar,51,Female,98000,D02,4,No,14,2010-09-21
E01951,Lokesh Agarwal,56,Male,131500,D01,5,No,9,2015-06-01
E01952,Priya Tiwari,32,Female,84500,D01,1,No,0,2024-03-13
E01953,Jyoti Dubey,25,Female,68000,D01,2,No,4,2020-03-09
E01954,Rahul Shenoy,56,Male,146000,D05,3,No,6,2018-11-26
E01955,Pratik Dubey,52,Male,,D03,4,No,3,2021-09-12
E01956,Smita Sharma,25,Female,57500,D01,3,No,0,2024-11-12
E01957,Poonam Reddy,23,Female,40000,D03,2,No,1,2023-02-18
E01958,Roshni Malhotra,58,Female,140000,D01,5,No,15,2009-12-01
E01959,Arjun Mehta,35,Male,47500,D04,1,Yes,14,2010-12-04
E01960,Ritu Dubey,24,Female,37000,D04,4,No,2,2022-11-11
E01961,Divya Saxena,24,Female,35000,D04,4,No,1,2023-02-11
E01962,Ritu Tiwari,49,Female,84000,D07,4,No,5,2019-03-04
E01963,Padmaja Verma,38,Female,50000,D04,2,No,15,2009-07-10
E01964,Amol Bhatt,42,Male,,D02,3,No,7,2017-09-08
E01965,Bharat Pandey,44,Male,,D02,5,No,5,2019-12-27
E01966,Piyush Joshi,33,Male,88000,D01,2,No,1,2023-12-25
E01967,Vrinda Menon,49,Female,85500,D07,4,No,7,2017-10-12
E01968,Divya Iyer,41,Female,,D02,5,Yes,11,2013-03-23
E01969,Vrinda Thakur,27,Female,35000,D04,2,No,0,2024-06-02
E01970,Rajesh Malhotra,51,Male,84500,D03,4,No,15,2009-04-25
E01971,Padmaja Kulkarni,40,Female,103000,D01,4,No,14,2010-02-12
E01972,Preeti Desai,40,Female,,D07,3,No,6,2018-01-11
E01973,Manish Kulkarni,35,Male,43000,D04,2,No,13,2011-02-23
E01974,Anil Gupta,54,Male,71000,D04,4,Yes,5,2019-09-03
E01975,Rahul Agarwal,57,Male,69000,D04,4,Yes,10,2014-11-03
E01976,Tanvi Reddy,42,Female,,D06,3,No,15,2009-09-02
E01977,Chetana Chauhan,34,Female,56500,D03,1,No,13,2011-07-16
E01978,Kartik Bhat,26,Male,42500,D03,2,No,1,2023-07-05
E01979,Sunita Pandey,25,Female,,D05,1,Yes,4,2020-10-26
E01980,Poornima Rao,58,Female,,D01,4,Yes,7,2017-11-23
E01981,Trupti Kulkarni,40,Female,65000,D03,3,No,9,2015-07-09
E01982,Reena Thakur,50,Female,100500,D02,5,No,11,2013-08-11
E01983,Manoj Mehta,25,Male,45000,D02,2,No,0,2024-08-24
E01984,Nikhil Saxena,55,Male,137500,D05,3,No,14,2010-02-15
E01985,Sunita Pandey,28,Female,49000,D07,3,Yes,3,2021-07-16
E01986,Aakash Iyer,35,Male,49500,D06,2,No,3,2021-09-17
E01987,Vinay Patil,53,Male,,D07,5,No,2,2022-05-11
E01988,Suresh Malhotra,51,Male,125500,D05,4,No,11,2013-06-05
E01989,Vivek Thakur,27,Male,51000,D06,2,No,5,2019-06-24
E01990,Komal Sharma,42,Female,78000,D02,4,Yes,12,2012-01-24
E01991,Rahul Patil,56,Male,115000,D02,5,No,15,2009-05-05
E01992,Ananya Yadav,25,Female,43000,D06,1,No,2,2022-09-26
E01993,Tanvi Singh,30,Female,49000,D03,1,No,7,2017-04-13
E01994,Megha Ghosh,47,Female,100500,D02,5,No,14,2010-02-07
E01995,Tejas Mishra,37,Male,70500,D07,4,No,1,2023-12-01
E01996,Pooja Thakur,40,Female,58000,D04,3,No,7,2017-02-21
E01997,Sudha Iyer,44,Female,81500,D03,3,No,3,2021-02-13
E01998,Hemant Joshi,54,Male,107000,D02,3,Yes,15,2009-03-15
E01999,Manasi Sharma,43,Female,,D02,4,No,5,2019-09-03
E02000,Meera Gupta,28,Female,78500,D05,3,No,7,2017-06-21
E02001,Manasi Desai,24,Female,51000,D03,3,No,0,2024-01-07
E02002,Rahul Desai,31,Male,,D04,4,No,3,2021-07-05
E02003,Chetana Jain,51,Female,124000,D01,5,No,7,2017-10-11
E02004,Nitin Pawar,47,Male,85000,D03,3,No,0,2024-10-06
E02005,Sejal Jain,42,Female,84500,D07,4,No,11,2013-02-28
E02006,Ritu Pawar,29,Female,39000,D04,4,No,3,2021-01-21
E02007,Suresh Ghosh,39,Male,75500,D07,5,No,1,2023-04-10
E02008,Sudhir Pawar,35,Male,92000,D05,2,No,7,2017-11-24
E02009,Piyush Agarwal,52,Male,60500,D04,4,No,8,2016-02-08
E02010,Siddharth Pillai,54,Male,100500,D07,5,No,13,2011-01-06
E02011,Vikram Desai,26,Male,49500,D06,3,No,1,2023-04-03
E02012,Ritu Sharma,39,Female,68500,D07,3,No,2,2022-01-02
E02013,Nisha Yadav,35,Female,66500,D02,2,Yes,5,2019-04-27
E02014,Nisha Nair,31,Female,54500,D07,2,No,8,2016-08-01
E02015,Sunita Yadav,48,Female,90500,D02,5,No,5,2019-06-03
E02016,Bharat Sharma,38,Male,76500,D07,3,No,6,2018-03-14
E02017,Sanjay Saxena,46,Male,119000,D05,3,No,3,2021-12-13
E02018,Padmaja Menon,25,Female,55500,D02,2,No,0,2024-01-20
E02019,Sonal Joshi,26,Female,68000,D05,2,Yes,1,2023-07-18
E02020,Sneha Singh,28,Female,37500,D04,2,Yes,2,2022-06-26
E02021,Pratik Bhosale,27,Male,,D02,2,Yes,6,2018-01-21
E02022,Sudha Gupta,54,Female,,D04,4,Yes,2,2022-11-13
E02023,Tanvi Jain,48,Female,81500,D07,3,No,15,2009-02-19
E02024,Priya Bhosale,38,Female,62500,D03,3,No,13,2011-01-05
E02025,Gaurav Thakur,31,Male,79000,D01,2,Yes,6,2018-01-05
E02026,Harish Verma,39,Male,72500,D03,4,Yes,14,2010-08-06
E02027,Poonam Mishra,42,Female,98000,D01,3,No,4,2020-08-14
E02028,Rakesh Joshi,39,Male,74000,D03,4,No,11,2013-10-18
E02029,Vinay Mehta,42,Male,111500,D05,4,No,2,2022-03-26
E02030,Sonal Dubey,56,Female,69000,D04,5,No,15,2009-09-14
E02031,Ritu Reddy,51,Female,,D04,3,No,0,2024-09-17
E02032,Saurabh Shenoy,27,Male,66500,D05,2,No,4,2020-01-16
E02033,Pallavi Gupta,25,Female,39500,D04,3,No,4,2020-04-13
E02034,Sunil Rao,39,Male,99000,D05,2,No,16,2008-07-09
E02035,Vivek Yadav,55,Male,69000,D04,4,No,8,2016-07-06
E02036,Sanjay Pawar,31,Male,,D07,3,No,5,2019-06-01
E02037,Arjun Shenoy,55,Male,67500,D04,5,No,9,2015-12-23
E02038,Rahul Kulkarni,55,Male,,D05,4,No,2,2022-02-09
E02039,Lokesh Yadav,31,Male,53500,D07,2,No,2,2022-11-16
E02040,Komal Shukla,24,Female,35000,D04,4,No,2,2022-05-18
E02041,Poornima Desai,46,Female,84500,D02,4,No,1,2023-01-20
E02042,Ajay Bhatt,29,Male,,D01,4,No,3,2021-08-03
E02043,Hemant Dubey,57,Male,86500,D06,4,No,8,2016-06-17
E02044,Arjun Pillai,38,Male,76000,D07,3,No,0,2024-02-12
E02045,Sneha Malhotra,42,Female,64500,D04,5,No,8,2016-05-19
E02046,Swati Singh,28,Female,70000,D01,3,No,2,2022-05-21
E02047,Ajit Das,31,Male,65000,D02,2,No,3,2021-09-15
E02048,Piyush Nair,24,Male,62500,D05,3,No,0,2024-08-09
E02049,Bharati Pillai,48,Female,78000,D03,2,Yes,7,2017-06-15
E02050,Ramesh Shenoy,30,Male,,D05,1,No,5,2019-02-18
E02051,Sameer Tiwari,44,Male,,D05,5,No,9,2015-11-28
E02052,Nandita Iyer,36,Female,84500,D01,1,Yes,13,2011-07-01
E02053,Abhijit Patel,23,Male,61000,D01,4,No,2,2022-03-07
E02054,Meera Mishra,27,Female,47000,D02,3,Yes,5,2019-05-18
E02055,Sejal Tiwari,36,Female,71000,D07,4,No,8,2016-05-13
E02056,Harish Malhotra,48,Male,,D02,5,Yes,9,2015-07-27
E02057,Rahul Thakur,53,Male,87000,D06,4,Yes,6,2018-12-10
E02058,Pooja Pawar,48,Female,120000,D05,3,No,5,2019-06-25
E02059,Piyush Malhotra,22,Male,60000,D05,2,No,1,2023-12-26
E02060,Swati Joshi,39,Female,103000,D01,4,No,14,2010-07-28
E02061,Poornima Bhosale,27,Female,40000,D06,2,Yes,4,2020-01-21
E02062,Sudhir Saxena,54,Male,140000,D05,4,No,9,2015-03-05
E02063,Deepa Saxena,48,Female,80000,D06,5,No,12,2012-09-05
E02064,Sunita Dubey,44,Female,85500,D02,3,No,8,2016-10-26
E02065,Sheetal Patel,29,Female,74500,D01,2,No,7,2017-04-18
E02066,Hemant Bhatt,36,Male,59000,D03,3,No,10,2014-11-19
E02067,Shailesh Kumar,55,Male,139000,D05,5,No,13,2011-09-01
E02068,Siddharth Shah,28,Male,64000,D01,3,No,1,2023-03-27
E02069,Pooja Iyer,37,Female,60500,D07,1,No,3,2021-12-13
E02070,Priya Patil,53,Female,,D02,5,No,16,2008-07-02
E02071,Suresh Dubey,50,Male,,D05,5,No,1,2023-02-03
E02072,Poornima Mehta,37,Female,94500,D01,4,No,15,2009-12-04
E02073,Ananya Shah,46,Female,,D02,4,No,11,2013-11-23
E02074,Nisha Kaur,40,Female,76000,D07,5,No,14,2010-09-11
E02075,Tejas Malhotra,43,Male,83500,D02,3,No,16,2008-03-23
E02076,Madhuri Sharma,52,Female,,D02,3,No,14,2010-10-25
E02077,Nisha Bhatt,23,Female,66000,D05,3,No,2,2022-02-25
E02078,Rakesh Dubey,46,Male,80000,D03,3,No,15,2009-02-18
E02079,Manasi Shenoy,28,Female,64000,D01,3,No,4,2020-09-01
E02080,Leena Das,24,Female,55000,D01,2,No,2,2022-11-28
E02081,Lakshmi Menon,29,Female,44500,D04,3,No,0,2024-07-20
E02082,Sunita Bhat,52,Female,124000,D01,4,No,14,2010-11-22
E02083,Vinay Thakur,31,Male,73500,D01,3,No,0,2024-12-04
E02084,Meera Sharma,52,Female,121500,D01,5,No,6,2018-06-02
E02085,Divya Agarwal,35,Female,61000,D06,2,Yes,11,2013-02-20
E02086,Deepika Kumar,36,Female,,D01,2,No,9,2015-02-24
E02087,Sunil Rao,24,Male,45000,D02,2,No,2,2022-02-13
E02088,Aparna Agarwal,47,Female,79000,D06,5,No,7,2017-04-22
E02089,Jyoti Patel,27,Female,64000,D01,2,No,0,2024-02-25
E02090,Girish Das,49,Male,97000,D07,4,No,3,2021-06-16
E02091,Nikhil Roy,26,Male,46500,D04,1,Yes,3,2021-06-26
E02092,Deepika Shah,43,Female,71500,D03,5,Yes,4,2020-07-28
E02093,Divya Rao,46,Female,106000,D01,4,No,9,2015-05-14
E02094,Roshni Bhosale,51,Female,,D02,3,No,11,2013-02-15
E02095,Kavya Thakur,46,Female,80500,D07,4,No,15,2009-09-21
E02096,Suresh Pawar,42,Male,69000,D03,3,No,16,2008-01-25
E02097,Deepika Tiwari,51,Female,75000,D06,4,No,12,2012-01-06
E02098,Chetana Kulkarni,47,Female,,D02,5,No,14,2010-03-18
E02099,Roshni Desai,30,Female,73000,D01,1,No,6,2018-11-07
E02100,Varun Reddy,57,Male,73500,D04,4,Yes,13,2011-12-05
E02101,Sonal Das,52,Female,128000,D05,3,No,13,2011-11-23
E02102,Reena Rao,33,Female,84500,D01,2,Yes,5,2019-06-25
E02103,Tushar Pillai,58,Male,75000,D04,5,No,2,2022-06-20
E02104,Sunil Pillai,42,Male,56500,D04,4,No,1,2023-12-16
E02105,Namita Desai,32,Female,52000,D04,3,Yes,1,2023-10-23
E02106,Swati Iyer,52,Female,109500,D02,4,No,12,2012-12-27
E02107,Gaurav Nair,52,Male,119500,D01,4,No,2,2022-08-27
E02108,Girish Shah,49,Male,90500,D02,5,No,9,2015-03-20
E02109,Sudha Shenoy,36,Female,86000,D01,2,No,5,2019-02-27
E02110,Gaurav Verma,33,Male,52500,D06,1,No,9,2015-09-01
E02111,Anita Pawar,26,Female,63500,D01,1,No,4,2020-01-28
E02112,Tejas Patel,47,Male,93000,D02,2,Yes,1,2023-06-22
E02113,Gaurav Nambiar,51,Male,97500,D02,3,Yes,8,2016-07-19
E02114,Vinay Jain,50,Male,62000,D04,5,Yes,0,2024-09-08
E02115,Sunita Singh,32,Female,59000,D03,4,No,11,2013-10-27
E02116,Amit Dubey,36,Male,72000,D02,2,Yes,5,2019-08-06
E02117,Lokesh Rao,44,Male,62500,D06,4,Yes,9,2015-10-27
E02118,Padmaja Bhat,43,Female,73500,D07,4,No,14,2010-03-18
E02119,Sunita Shukla,45,Female,,D01,4,No,0,2024-09-28
E02120,Smita Nambiar,23,Female,45000,D02,3,Yes,2,2022-01-22
E02121,Amol Gupta,32,Male,69000,D02,3,No,1,2023-06-25
E02122,Mohit Desai,56,Male,150000,D05,4,No,1,2023-10-08
E02123,Tejas Iyer,22,Male,45000,D02,1,No,1,2023-02-02
E02124,Namita Singh,29,Female,84000,D05,2,No,3,2021-06-10
E02125,Piyush Kaur,54,Male,99000,D07,4,No,9,2015-12-26
E02126,Pranav Agarwal,37,Male,,D04,3,No,5,2019-10-14
E02127,Manish Joshi,39,Male,68000,D07,1,No,2,2022-03-19
E02128,Tanvi Shukla,30,Female,68000,D01,2,Yes,2,2022-04-16
E02129,Anita Menon,26,Female,62500,D01,3,No,1,2023-10-25
E02130,Ruchika Shukla,28,Female,69000,D05,1,Yes,2,2022-07-15
E02131,Shailesh Bhat,30,Male,50000,D04,1,No,4,2020-08-11
E02132,Sunita Ghosh,28,Female,60000,D02,1,No,0,2024-10-14
E02133,Vinay Kaur,32,Male,56500,D06,3,No,8,2016-05-11
E02134,Rohit Mishra,36,Male,64000,D07,1,Yes,11,2013-01-11
E02135,Kartik Shah,41,Male,85000,D02,4,No,1,2023-09-28
E02136,Rajesh Bhosale,30,Male,56500,D03,4,No,4,2020-03-05
E02137,Bharati Tiwari,56,Female,95500,D07,4,No,5,2019-12-01
E02138,Vrinda Ghosh,58,Female,115000,D02,4,No,6,2018-04-25
E02139,Nisha Mishra,25,Female,48500,D02,3,No,3,2021-12-18
E02140,Bharati Das,44,Female,70500,D06,4,Yes,16,2008-04-27
E02141,Vandana Chauhan,30,Female,49000,D04,2,Yes,2,2022-01-24
E02142,Ashwin Saxena,35,Male,69500,D07,2,No,10,2014-06-24
E02143,Gaurav Iyer,44,Male,111500,D01,4,No,3,2021-09-06
E02144,Divya Saxena,50,Female,100500,D02,5,No,13,2011-04-19
E02145,Pranav Menon,37,Male,,D03,1,Yes,9,2015-10-19
E02146,Shruti Menon,50,Female,115500,D01,3,No,13,2011-07-01
E02147,Kartik Thakur,49,Male,92500,D02,3,Yes,2,2022-08-27
E02148,Karan Patel,58,Male,111000,D02,5,No,11,2013-04-18
E02149,Pooja Patel,36,Female,56500,D04,4,Yes,0,2024-12-02
E02150,Vrinda Gupta,42,Female,,D04,4,No,12,2012-02-22
E02151,Ritu Bhat,40,Female,83500,D02,2,No,16,2008-12-12
E02152,Sanjay Jain,49,Male,118000,D01,5,No,13,2011-11-05
E02153,Nitin Mehta,22,Male,45500,D06,1,No,1,2023-05-23
E02154,Nilesh Shah,46,Male,76500,D03,3,No,9,2015-02-24
E02155,Madhuri Thakur,52,Female,75000,D04,5,No,1,2023-07-28
E02156,Pratik Gupta,39,Male,59000,D04,5,Yes,2,2022-08-11
E02157,Aakash Pawar,58,Male,110000,D02,3,Yes,9,2015-12-06
E02158,Pallavi Jain,39,Female,99500,D01,3,No,15,2009-03-08
E02159,Sudhir Ghosh,58,Male,99500,D03,5,No,0,2024-03-12
E02160,Lokesh Joshi,48,Male,126500,D05,4,No,1,2023-05-23
E02161,Meera Sharma,22,Female,60000,D05,2,No,0,2024-09-28
E02162,Lakshmi Patel,47,Female,70500,D06,4,Yes,7,2017-06-25
E02163,Tushar Roy,26,Male,49500,D03,2,No,3,2021-01-10
E02164,Bharat Rao,51,Male,140000,D05,4,Yes,16,2008-05-09
E02165,Sanket Malhotra,44,Male,55500,D04,4,No,13,2011-08-05
E02166,Ashwin Saxena,27,Male,,D05,3,Yes,6,2018-09-24
E02167,Poornima Menon,58,Female,99000,D07,4,No,0,2024-09-10
E02168,Sneha Agarwal,37,Female,63500,D03,3,No,13,2011-01-11
E02169,Roshni Kaur,54,Female,,D02,5,No,0,2024-07-16
E02170,Poornima Mehta,57,Female,108000,D02,5,No,5,2019-07-14
E02171,Riddhi Patel,23,Female,44000,D07,2,No,1,2023-09-21
E02172,Chetana Dubey,24,Female,37000,D04,2,No,1,2023-10-14
E02173,Shruti Verma,42,Female,79500,D07,4,No,10,2014-01-28
E02174,Ajit Bhosale,25,Male,47500,D03,3,Yes,4,2020-07-25
E02175,Sneha Nambiar,47,Female,88500,D02,4,No,1,2023-02-13
E02176,Tushar Pillai,33,Male,67000,D07,3,No,8,2016-10-03
E02177,Girish Mehta,57,Male,112000,D02,5,No,10,2014-04-25
E02178,Sanket Bhatt,41,Male,104000,D05,3,Yes,5,2019-07-19
E02179,Aakash Patil,42,Male,76500,D03,4,No,0,2024-02-10
E02180,Sneha Ghosh,33,Female,83000,D01,1,No,5,2019-09-15
E02181,Mohit Rao,57,Male,150000,D05,4,Yes,8,2016-11-26
E02182,Abhijit Roy,29,Male,42500,D04,3,No,8,2016-01-13
E02183,Rakesh Mehta,43,Male,69000,D06,4,No,1,2023-02-13
E02184,Devendra Das,27,Male,40500,D03,1,No,1,2023-08-25
E02185,Nitin Saxena,24,Male,43500,D04,2,No,0,2024-04-01
E02186,Abhijit Menon,47,Male,94500,D02,4,No,5,2019-10-14
E02187,Madhuri Tiwari,23,Female,45500,D06,2,No,0,2024-08-05
E02188,Devendra Bhosale,39,Male,,D01,2,No,13,2011-09-01
E02189,Kavya Menon,52,Female,,D04,3,Yes,4,2020-01-18
E02190,Abhijit Singh,33,Male,42500,D04,2,Yes,10,2014-05-09
E02191,Devendra Desai,43,Male,115500,D05,3,No,15,2009-01-03
E02192,Dinesh Menon,45,Male,88500,D02,5,No,0,2024-10-03
E02193,Neha Sharma,33,Female,94500,D05,2,No,4,2020-10-15
E02194,Pratik Ghosh,50,Male,115500,D01,3,No,9,2015-04-13
E02195,Ananya Mishra,44,Female,91000,D02,4,No,13,2011-05-17
E02196,Riddhi Jain,23,Female,53500,D02,3,No,1,2023-12-09
E02197,Siddharth Yadav,50,Male,62000,D04,5,No,16,2008-06-09
E02198,Nikhil Rao,49,Male,117000,D01,4,No,12,2012-08-20
E02199,Nikhil Thakur,41,Male,113000,D05,3,Yes,15,2009-11-06
E02200,Lakshmi Menon,48,Female,127000,D05,4,Yes,4,2020-01-13
E02201,Lakshmi Pillai,44,Female,61500,D04,4,No,4,2020-10-24
E02202,Sunil Shenoy,52,Male,102500,D07,4,No,12,2012-09-17
E02203,Riddhi Bhatt,22,Female,40000,D03,1,No,0,2024-05-17
E02204,Nandita Patil,28,Female,,D03,1,Yes,3,2021-10-03
E02205,Rohit Agarwal,41,Male,102500,D01,4,No,14,2010-07-05
E02206,Komal Rao,24,Female,42000,D07,1,Yes,0,2024-04-10
E02207,Tanvi Nair,56,Female,67000,D04,5,No,1,2023-10-20
E02208,Pallavi Menon,30,Female,,D03,4,No,0,2024-06-20
E02209,Vivek Pandey,36,Male,89500,D01,3,No,15,2009-07-14
E02210,Jyoti Shukla,47,Female,100500,D02,4,No,1,2023-11-28
E02211,Tushar Thakur,37,Male,67000,D06,4,Yes,0,2024-08-20
E02212,Poornima Nair,40,Female,79500,D07,4,No,0,2024-05-08
E02213,Sunil Rao,26,Male,,D06,2,No,3,2021-11-20
E02214,Vrinda Pawar,34,Female,50000,D06,1,No,1,2023-08-12
E02215,Vikram Nair,43,Male,81000,D07,4,No,2,2022-10-07
E02216,Dinesh Iyer,40,Male,70500,D07,4,Yes,8,2016-08-10
E02217,Sneha Malhotra,56,Female,75000,D04,5,No,4,2020-04-11
E02218,Manasi Tiwari,26,Female,53500,D07,2,Yes,4,2020-02-26
E02219,Pooja Chauhan,37,Female,54500,D06,2,Yes,11,2013-02-09
E02220,Chetan Mishra,54,Male,,D01,3,No,11,2013-09-24
E02221,Sunita Jain,47,Female,72000,D06,3,No,7,2017-10-22
E02222,Priya Singh,40,Female,,D01,3,No,7,2017-01-23
E02223,Sneha Patil,56,Female,106000,D02,5,No,2,2022-09-01
E02224,Ramesh Gupta,37,Male,,D05,3,No,12,2012-11-09
E02225,Rupali Roy,22,Female,45000,D02,3,Yes,1,2023-03-20
E02226,Aparna Bhatt,35,Female,,D07,3,Yes,11,2013-04-11
E02227,Amol Bhosale,41,Male,77500,D03,5,No,0,2024-09-17
E02228,Ananya Das,57,Female,,D04,3,No,1,2023-10-06
E02229,Sanket Agarwal,36,Male,81500,D01,4,No,6,2018-11-28
E02230,Varun Roy,39,Male,100000,D05,3,No,1,2023-06-06
E02231,Amol Bhat,24,Male,43000,D03,2,No,1,2023-03-01
E02232,Tushar Chauhan,39,Male,,D03,4,No,8,2016-05-16
E02233,Sameer Pillai,27,Male,45000,D04,3,No,0,2024-05-13
E02234,Vinay Jain,48,Male,87500,D07,5,No,12,2012-07-05
E02235,Priya Thakur,36,Female,82500,D01,2,Yes,12,2012-02-24
E02236,Priya Reddy,46,Female,118500,D05,3,No,1,2023-06-27
E02237,Anil Sharma,45,Male,103500,D01,4,No,16,2008-11-03
E02238,Rahul Reddy,24,Male,60000,D05,3,No,1,2023-01-26
E02239,Arjun Dubey,38,Male,61500,D03,2,No,6,2018-08-25
E02240,Manish Yadav,33,Male,40000,D04,2,Yes,0,2024-10-23
E02241,Namita Pawar,40,Female,61500,D06,4,Yes,8,2016-05-21
E02242,Aparna Agarwal,43,Female,86500,D02,2,No,2,2022-02-18
E02243,Namita Mishra,55,Female,106000,D02,5,No,9,2015-06-13
E02244,Swati Mehta,53,Female,137500,D05,4,Yes,1,2023-06-23
E02245,Nisha Nambiar,30,Female,54000,D03,1,No,6,2018-01-15
E02246,Shruti Verma,30,Female,58500,D02,2,Yes,1,2023-06-17
E02247,Rohit Malhotra,36,Male,,D06,4,No,2,2022-07-16
E02248,Sudha Singh,45,Female,84500,D02,3,No,8,2016-05-03
E02249,Deepa Ghosh,38,Female,65500,D06,4,No,11,2013-04-04
E02250,Reena Singh,42,Female,66500,D06,3,No,3,2021-10-24
E02251,Roshni Saxena,47,Female,118000,D05,5,No,13,2011-06-13
E02252,Vandana Dubey,53,Female,94000,D03,5,No,14,2010-07-18
E02253,Ajay Chauhan,52,Male,98500,D07,4,Yes,2,2022-09-09
E02254,Pranav Verma,45,Male,60500,D04,5,Yes,7,2017-04-07
E02255,Megha Joshi,35,Female,98500,D05,1,No,6,2018-05-09
E02256,Neha Menon,47,Female,92500,D07,5,No,14,2010-07-20
E02257,Poornima Patil,32,Female,68500,D02,1,Yes,8,2016-06-21
E02258,Vinay Shah,38,Male,53000,D06,1,No,2,2022-07-20
E02259,Sheetal Joshi,35,Female,62000,D03,2,Yes,10,2014-02-20
E02260,Ruchika Tiwari,27,Female,54000,D03,1,No,2,2022-12-11
E02261,Tanvi Bhatt,58,Female,,D06,5,Yes,2,2022-04-18
E02262,Sheetal Patil,35,Female,51500,D06,3,Yes,2,2022-07-21
E02263,Leena Bhosale,35,Female,77500,D02,4,No,1,2023-07-24
E02264,Pallavi Chauhan,23,Female,43000,D07,2,Yes,0,2024-04-18
E02265,Archana Tiwari,32,Female,,D05,2,No,4,2020-03-21
E02266,Vandana Saxena,25,Female,57500,D02,3,No,3,2021-05-01
E02267,Deepika Menon,49,Female,64000,D04,5,No,4,2020-06-19
E02268,Rahul Gupta,37,Male,58500,D06,4,No,6,2018-09-22
E02269,Sunita Nambiar,26,Female,48000,D03,2,No,3,2021-05-11
E02270,Kartik Yadav,53,Male,84000,D06,3,No,8,2016-10-26
E02271,Ananya Kaur,42,Female,74000,D07,4,No,0,2024-05-20
E02272,Riddhi Bhatt,40,Female,74000,D02,4,No,4,2020-12-08
E02273,Suresh Menon,57,Male,150000,D05,5,No,2,2022-11-28
E02274,Shweta Desai,23,Female,61000,D01,2,No,0,2024-03-22
E02275,Nikhil Pillai,55,Male,90000,D06,4,No,9,2015-08-10
E02276,Shruti Bhosale,54,Female,84500,D06,5,Yes,2,2022-09-25
E02277,Saurabh Kulkarni,56,Male,,D06,5,No,1,2023-06-22
E02278,Lokesh Kumar,34,Male,59000,D06,2,Yes,4,2020-10-21
E02279,Shruti Verma,42,Female,109000,D05,4,No,14,2010-10-09
E02280,Rahul Shukla,50,Male,94500,D02,4,Yes,12,2012-02-02
E02281,Pooja Ghosh,47,Female,85500,D02,4,No,3,2021-07-11
E02282,Anita Pandey,53,Female,90000,D06,4,No,16,2008-07-11
E02283,Nisha Iyer,38,Female,52000,D04,1,No,8,2016-01-01
E02284,Madhuri Joshi,40,Female,,D06,2,Yes,11,2013-02-14
E02285,Rajesh Saxena,38,Male,97500,D01,4,No,16,2008-10-20
E02286,Sanjay Kulkarni,48,Male,124000,D05,3,No,0,2024-09-25
E02287,Shailesh Kumar,50,Male,129000,D01,3,No,7,2017-07-07
E02288,Swati Reddy,54,Female,,D06,5,No,1,2023-03-02
E02289,Arjun Dubey,39,Male,55500,D06,2,No,6,2018-05-22
E02290,Amol Chauhan,53,Male,102000,D07,4,No,15,2009-03-27
E02291,Tejas Thakur,46,Male,116500,D05,3,Yes,16,2008-01-10
E02292,Sejal Pawar,41,Female,115500,D05,4,No,0,2024-10-11
E02293,Chetana Verma,43,Female,118000,D05,5,Yes,1,2023-03-22
E02294,Anita Nair,24,Female,42000,D07,3,No,0,2024-06-17
E02295,Archana Verma,51,Female,107000,D02,4,No,9,2015-03-02
E02296,Poornima Agarwal,56,Female,72500,D04,5,Yes,11,2013-10-12
E02297,Komal Jain,55,Female,80500,D06,5,No,6,2018-01-17
E02298,Poonam Kulkarni,47,Female,74500,D06,4,No,8,2016-02-19
E02299,Anil Verma,45,Male,72000,D06,4,Yes,12,2012-12-20
E02300,Sheetal Kulkarni,35,Female,91500,D01,1,No,7,2017-04-23
E02301,Hemant Patel,45,Male,114500,D01,4,No,16,2008-02-15
E02302,Smita Pandey,58,Female,99000,D03,4,No,0,2024-07-05
E02303,Kavya Malhotra,54,Female,,D05,4,No,4,2020-03-08
E02304,Tanvi Jain,56,Female,89500,D06,5,No,14,2010-01-22
E02305,Reena Tiwari,38,Female,95000,D01,3,No,14,2010-07-16
E02306,Saurabh Reddy,51,Male,125500,D05,3,No,11,2013-10-03
E02307,Smita Das,46,Female,90500,D02,4,No,6,2018-09-09
E02308,Harish Verma,52,Male,,D04,4,Yes,4,2020-04-19
E02309,Sameer Pandey,27,Male,79000,D05,1,No,6,2018-09-04
E02310,Poonam Shah,54,Female,92000,D07,4,No,0,2024-11-27
E02311,Manish Singh,51,Male,126500,D05,3,No,7,2017-08-25
E02312,Vivek Jain,54,Male,,D06,5,No,13,2011-11-10
E02313,Ananya Nambiar,53,Female,91000,D03,5,No,16,2008-10-14
E02314,Varun Mishra,50,Male,126000,D01,5,No,15,2009-08-08
E02315,Suresh Tiwari,43,Male,77500,D03,4,No,1,2023-11-28
E02316,Ritu Patel,55,Female,,D04,5,No,7,2017-09-09
E02317,Deepika Roy,35,Female,,D01,3,No,1,2023-05-03
E02318,Deepak Nair,36,Male,,D06,4,No,10,2014-01-07
E02319,Riddhi Roy,26,Female,38000,D06,3,No,4,2020-11-15
E02320,Harish Rao,41,Male,80000,D07,4,No,8,2016-06-14
E02321,Sneha Rao,49,Female,83000,D06,3,No,13,2011-05-27
E02322,Poornima Reddy,53,Female,140500,D05,5,No,6,2018-02-12
E02323,Amol Nair,50,Male,,D02,4,No,16,2008-07-18
E02324,Varun Shenoy,45,Male,74000,D06,5,No,9,2015-11-06
E02325,Lokesh Thakur,26,Male,67500,D05,2,No,5,2019-12-09
E02326,Abhijit Reddy,41,Male,76500,D03,3,No,12,2012-08-23
E02327,Rupali Agarwal,27,Female,,D06,1,Yes,2,2022-12-20
E02328,Pranav Menon,26,Male,73000,D05,2,No,0,2024-07-19
E02329,Vivek Saxena,39,Male,62500,D06,4,No,12,2012-12-02
E02330,Padmaja Agarwal,23,Female,38000,D06,1,No,2,2022-12-28
E02331,Sanjay Verma,31,Male,53000,D04,1,No,10,2014-06-24
E02332,Manish Shenoy,34,Male,46500,D04,2,Yes,7,2017-08-04
E02333,Meera Sharma,30,Female,,D03,1,No,6,2018-04-09
E02334,Nikhil Rao,39,Male,104000,D05,4,No,1,2023-02-07
E02335,Vrinda Mishra,23,Female,57000,D01,2,No,1,2023-10-03
E02336,Kavya Jain,40,Female,99500,D01,4,No,5,2019-04-08
E02337,Smita Bhatt,41,Female,88000,D02,4,No,12,2012-01-04
E02338,Megha Kumar,58,Female,150000,D05,4,No,11,2013-12-21
E02339,Sameer Iyer,53,Male,,D06,3,No,12,2012-05-26
E02340,Priya Iyer,43,Female,68000,D03,3,No,6,2018-05-25
E02341,Poornima Nair,33,Female,94500,D05,1,No,8,2016-04-19
E02342,Rohit Desai,45,Male,76500,D03,4,No,2,2022-06-22
E02343,Pooja Mehta,38,Female,66000,D06,4,No,14,2010-09-17
E02344,Ajit Sharma,40,Male,99000,D01,4,No,10,2014-05-08
E02345,Karan Kulkarni,45,Male,110500,D05,4,No,1,2023-02-24
E02346,Megha Kaur,27,Female,42000,D03,2,No,0,2024-05-08
E02347,Rahul Pawar,57,Male,138500,D01,5,No,14,2010-02-02
E02348,Pallavi Joshi,43,Female,78000,D07,4,No,1,2023-07-21
E02349,Reena Pillai,37,Female,,D07,3,No,2,2022-06-09
E02350,Karan Iyer,34,Male,78500,D01,2,No,8,2016-07-28
E02351,Rakesh Tiwari,30,Male,57500,D02,3,Yes,1,2023-02-10
E02352,Suresh Tiwari,26,Male,44000,D03,1,Yes,5,2019-10-19
E02353,Neha Reddy,55,Female,103500,D02,3,No,4,2020-03-09
E02354,Gaurav Iyer,25,Male,43000,D03,1,No,1,2023-11-01
E02355,Rohit Mehta,35,Male,62500,D03,2,Yes,4,2020-04-08
E02356,Lakshmi Kulkarni,46,Female,116500,D01,4,No,6,2018-03-08
E02357,Chetana Agarwal,43,Female,81500,D02,4,No,9,2015-03-17
E02358,Roshni Sharma,33,Female,,D03,1,Yes,8,2016-07-14
E02359,Neha Bhatt,51,Female,83000,D06,5,No,15,2009-11-28
E02360,Lakshmi Shukla,52,Female,90500,D07,5,No,11,2013-07-27
E02361,Shruti Thakur,43,Female,118500,D05,4,No,2,2022-05-16
E02362,Sameer Das,25,Male,74500,D05,1,No,3,2021-07-10
E02363,Ajay Bhat,45,Male,86500,D02,4,No,14,2010-05-25
E02364,Megha Shenoy,48,Female,100000,D02,4,No,10,2014-12-08
E02365,Vrinda Kaur,31,Female,48500,D03,1,No,5,2019-08-03
E02366,Preeti Shenoy,36,Female,60000,D03,2,No,6,2018-11-10
E02367,Hemant Yadav,23,Male,41000,D04,2,Yes,0,2024-07-24
E02368,Pratik Dubey,56,Male,104500,D07,4,No,2,2022-07-04
E02369,Suresh Bhat,54,Male,79500,D06,4,No,14,2010-02-01
E02370,Lokesh Singh,52,Male,76000,D06,4,No,0,2024-02-09
E02371,Chetan Joshi,46,Male,69000,D06,5,No,6,2018-02-05
E02372,Kartik Saxena,50,Male,61000,D04,4,No,10,2014-11-09
E02373,Lokesh Agarwal,44,Male,79000,D07,3,Yes,6,2018-04-20
E02374,Priya Reddy,47,Female,,D07,4,No,8,2016-09-28
E02375,Aparna Ghosh,40,Female,104500,D05,4,No,2,2022-10-14
E02376,Tejas Pandey,36,Male,89000,D05,1,No,1,2023-02-13
E02377,Manish Bhat,37,Male,99500,D05,1,No,8,2016-12-19
E02378,Mohit Jain,35,Male,56500,D04,4,No,10,2014-07-27
E02379,Rupali Shah,40,Female,103000,D01,3,Yes,8,2016-02-24
E02380,Vikram Kumar,38,Male,93500,D05,4,No,3,2021-07-01
E02381,Ramesh Verma,25,Male,44500,D07,2,No,1,2023-01-05
E02382,Kavya Bhat,56,Female,139500,D01,3,No,2,2022-10-20
E02383,Rajesh Das,43,Male,76000,D03,3,No,8,2016-03-02
E02384,Sudha Shah,53,Female,103500,D07,4,Yes,3,2021-04-18
E02385,Ajit Patel,53,Male,123500,D01,5,No,4,2020-12-04
E02386,Nikhil Saxena,51,Male,86000,D06,5,No,0,2024-03-17
E02387,Nikhil Roy,51,Male,,D07,5,No,9,2015-06-05
E02388,Anil Chauhan,54,Male,93500,D03,4,No,12,2012-05-28
E02389,Vikram Pawar,41,Male,115500,D05,3,No,3,2021-11-13
E02390,Devendra Nair,29,Male,48500,D03,2,No,0,2024-02-23
E02391,Nitin Dubey,49,Male,72000,D06,4,No,12,2012-02-14
E02392,Lakshmi Pawar,41,Female,,D01,2,No,4,2020-11-12
E02393,Reena Roy,39,Female,103000,D05,4,No,11,2013-07-13
E02394,Karan Verma,45,Male,111000,D01,3,No,10,2014-07-15
E02395,Smita Das,40,Female,86000,D02,4,No,5,2019-08-21
E02396,Deepak Thakur,47,Male,,D03,2,Yes,8,2016-07-28
E02397,Poonam Jain,29,Female,50000,D07,3,No,0,2024-07-17
E02398,Ananya Das,50,Female,96000,D07,5,No,3,2021-01-01
E02399,Rakesh Jain,28,Male,36000,D04,2,Yes,2,2022-01-16
E02400,Siddharth Menon,30,Male,,D02,1,Yes,8,2016-03-06
E02401,Poornima Tiwari,31,Female,77500,D05,2,Yes,5,2019-10-19
E02402,Shailesh Shenoy,39,Male,,D04,5,Yes,3,2021-04-12
E02403,Siddharth Verma,42,Male,81000,D02,4,No,14,2010-03-06
E02404,Anil Agarwal,29,Male,51500,D06,4,No,5,2019-08-18
E02405,Arjun Joshi,56,Male,140000,D01,4,No,2,2022-01-10
E02406,Neha Saxena,26,Female,67500,D05,4,No,1,2023-09-25
E02407,Jyoti Nambiar,51,Female,92500,D03,4,No,4,2020-09-02
E02408,Arjun Ghosh,36,Male,64000,D07,3,Yes,15,2009-09-21
E02409,Jyoti Kaur,29,Female,42500,D06,3,No,1,2023-04-27
E02410,Neha Bhat,58,Female,137000,D01,5,No,10,2014-09-11
E02411,Aparna Verma,56,Female,98000,D07,3,No,5,2019-10-24
E02412,Ajit Saxena,44,Male,88500,D02,3,Yes,13,2011-01-13
E02413,Neha Rao,50,Female,87500,D07,3,No,11,2013-08-02
E02414,Vivek Nambiar,57,Male,134500,D01,4,Yes,1,2023-03-12
E02415,Sonal Bhat,32,Female,54500,D06,2,No,6,2018-05-09
E02416,Sunil Sharma,56,Male,99500,D03,4,No,5,2019-04-24
E02417,Ramesh Gupta,39,Male,94500,D01,4,No,4,2020-05-04
E02418,Nandita Shah,42,Female,,D05,4,No,10,2014-08-10
E02419,Girish Yadav,46,Male,106500,D01,4,No,8,2016-03-12
E02420,Hemant Nair,43,Male,70000,D06,5,No,9,2015-06-06
E02421,Manoj Ghosh,36,Male,84500,D01,2,Yes,0,2024-03-20
E02422,Saurabh Menon,28,Male,,D04,3,Yes,2,2022-10-05
E02423,Rupali Iyer,29,Female,55000,D03,3,No,3,2021-10-06
E02424,Piyush Rao,30,Male,54000,D07,3,No,0,2024-04-04
E02425,Rupali Mishra,22,Female,45000,D02,3,Yes,0,2024-07-04
E02426,Tejas Thakur,36,Male,,D04,1,Yes,15,2009-02-20
E02427,Roshni Shah,46,Female,86500,D02,4,No,10,2014-07-23
E02428,Namita Dubey,41,Female,,D01,4,No,14,2010-10-20
E02429,Sonal Reddy,30,Female,45500,D06,3,No,1,2023-07-21
E02430,Bharat Pandey,46,Male,79000,D03,2,No,9,2015-04-15
E02431,Preeti Shukla,28,Female,72000,D01,4,No,7,2017-08-14
E02432,Lakshmi Chauhan,48,Female,110500,D01,4,No,0,2024-10-06
E02433,Jyoti Singh,48,Female,69000,D06,3,No,1,2023-03-05
E02434,Sneha Ghosh,52,Female,80500,D06,4,Yes,6,2018-06-08
E02435,Reena Nair,26,Female,43500,D07,3,No,3,2021-11-17
E02436,Girish Patel,27,Male,54000,D03,1,Yes,1,2023-10-10
E02437,Abhijit Pandey,37,Male,102000,D05,4,No,4,2020-04-23
E02438,Nandita Das,46,Female,63500,D04,4,No,6,2018-03-16
E02439,Trupti Shenoy,34,Female,66000,D07,2,No,7,2017-07-11
E02440,Manoj Joshi,24,Male,55000,D01,1,No,2,2022-11-28
E02441,Shruti Agarwal,33,Female,46500,D04,3,Yes,12,2012-04-28
E02442,Mohit Tiwari,44,Male,95500,D02,4,No,7,2017-08-27
E02443,Archana Chauhan,48,Female,84000,D03,4,No,14,2010-09-10
E02444,Vandana Thakur,29,Female,68500,D01,2,No,6,2018-11-05
E02445,Tanvi Ghosh,56,Female,100000,D03,5,No,3,2021-03-27
E02446,Manasi Pawar,33,Female,95000,D05,3,No,3,2021-12-11
E02447,Rajesh Jain,30,Male,68000,D01,2,No,9,2015-02-10
E02448,Gaurav Nair,34,Male,66500,D03,4,No,7,2017-08-18
E02449,Bharat Mishra,53,Male,84000,D06,4,No,14,2010-03-12
E02450,Abhijit Verma,35,Male,73000,D02,1,No,9,2015-09-05
E02451,Ramesh Patil,34,Male,51000,D04,1,No,11,2013-03-23
E02452,Meera Bhat,53,Female,74000,D04,4,No,14,2010-01-13
E02453,Preeti Sharma,29,Female,66000,D01,4,Yes,2,2022-01-27
E02454,Deepika Jain,30,Female,49500,D04,2,No,4,2020-09-07
E02455,Chetana Yadav,46,Female,119000,D01,5,No,16,2008-03-23
E02456,Ajit Reddy,46,Male,117500,D01,3,No,10,2014-11-22
E02457,Arjun Shenoy,45,Male,57000,D04,3,Yes,1,2023-02-28
E02458,Vinay Reddy,45,Male,,D01,5,No,0,2024-02-04
E02459,Madhuri Singh,56,Female,131000,D01,5,No,16,2008-12-17
E02460,Sunita Kumar,25,Female,40000,D03,2,No,2,2022-04-03
E02461,Rakesh Reddy,43,Male,86500,D02,4,No,3,2021-05-17
E02462,Deepika Singh,34,Female,85500,D01,4,No,10,2014-01-04
E02463,Padmaja Mehta,53,Female,101500,D07,3,No,14,2010-09-09
E02464,Abhijit Shah,47,Male,123000,D05,3,No,6,2018-08-23
E02465,Roshni Kulkarni,49,Female,112000,D01,4,No,15,2009-07-15
E02466,Pranav Nambiar,26,Male,45500,D04,3,No,0,2024-12-11
E02467,Ashwin Pillai,38,Male,69000,D03,4,No,2,2022-10-12
E02468,Neha Thakur,37,Female,75500,D02,1,No,16,2008-03-10
E02469,Riddhi Chauhan,43,Female,105000,D05,4,No,2,2022-11-11
E02470,Nandita Reddy,22,Female,48500,D07,3,No,0,2024-01-05
E02471,Lakshmi Chauhan,46,Female,63500,D04,3,No,7,2017-05-11
E02472,Pranav Tiwari,30,Male,56500,D07,1,Yes,5,2019-05-14
E02473,Preeti Sharma,56,Female,150000,D05,5,No,15,2009-03-24
E02474,Chetan Menon,52,Male,94500,D07,5,Yes,15,2009-08-24
E02475,Ritu Tiwari,30,Female,53500,D06,4,Yes,7,2017-11-17
E02476,Rahul Malhotra,27,Male,48000,D02,3,Yes,0,2024-03-23
E02477,Vrinda Reddy,25,Female,49000,D03,2,No,3,2021-12-22
E02478,Kavya Kaur,52,Female,124000,D01,4,No,11,2013-12-20
E02479,Manasi Agarwal,24,Female,67000,D05,2,No,3,2021-09-28
E02480,Pratik Thakur,31,Male,70000,D02,2,No,4,2020-03-22
E02481,Archana Pillai,33,Female,72000,D02,3,No,1,2023-10-03
E02482,Abhijit Verma,45,Male,68000,D06,4,No,15,2009-11-08
E02483,Aakash Pandey,24,Male,44500,D06,2,No,0,2024-01-03
E02484,Arjun Das,24,Male,47500,D02,3,No,2,2022-09-19
E02485,Nandita Bhosale,57,Female,98500,D07,5,No,7,2017-06-10
E02486,Amol Iyer,28,Male,51500,D03,1,Yes,6,2018-08-19
E02487,Bharati Ghosh,40,Female,69500,D06,5,Yes,7,2017-03-01
E02488,Aparna Joshi,48,Female,62000,D04,3,No,4,2020-09-05
E02489,Shailesh Pawar,30,Male,45500,D03,3,No,0,2024-01-23
E02490,Trupti Singh,27,Female,,D03,1,Yes,5,2019-07-26
E02491,Anita Reddy,31,Female,51500,D04,2,Yes,1,2023-07-21
E02492,Ajay Tiwari,48,Male,90000,D07,5,No,6,2018-07-20
E02493,Aakash Singh,25,Male,,D06,3,No,4,2020-01-17
E02494,Madhuri Mehta,22,Female,49500,D07,1,No,1,2023-09-02
E02495,Aparna Jain,26,Female,47500,D03,3,No,4,2020-03-20
E02496,Vandana Rao,50,Female,65000,D04,4,Yes,2,2022-04-25
E02497,Sudhir Patel,30,Male,63500,D02,2,No,6,2018-09-03
E02498,Riddhi Bhosale,38,Female,69500,D07,2,No,0,2024-06-23
E02499,Vikram Mishra,57,Male,115000,D02,5,No,7,2017-01-28
E02500,Archana Das,40,Female,73500,D02,1,No,3,2021-12-10
E02501,Sonal Mishra,23,Female,47500,D07,2,No,0,2024-07-26
E02502,Poornima Bhat,30,Female,50500,D06,4,No,8,2016-04-14
E02503,Sneha Patel,47,Female,90500,D07,4,Yes,5,2019-08-13
E02504,Padmaja Das,54,Female,132000,D01,4,No,6,2018-08-21
E02505,Divya Iyer,57,Female,90000,D06,5,No,0,2024-08-10
E02506,Nikhil Tiwari,43,Male,112500,D05,4,No,15,2009-08-05
E02507,Sheetal Verma,57,Female,,D07,3,Yes,11,2013-12-18
E02508,Kavya Malhotra,28,Female,51000,D07,2,No,5,2019-08-18
E02509,Kartik Mishra,47,Male,87000,D03,4,No,2,2022-09-18
E02510,Madhuri Bhatt,24,Female,66000,D01,3,No,2,2022-01-01
E02511,Manoj Malhotra,57,Male,105000,D07,4,Yes,15,2009-06-21
E02512,Ramesh Nair,34,Male,77500,D01,2,Yes,1,2023-12-05
E02513,Bharati Gupta,53,Female,86500,D03,5,No,0,2024-07-22
E02514,Vivek Pillai,48,Male,,D05,2,Yes,3,2021-11-18
E02515,Bharati Pillai,23,Female,52500,D02,3,No,1,2023-03-13
E02516,Smita Patil,52,Female,98500,D07,5,No,9,2015-01-23
E02517,Devendra Jain,41,Male,,D04,4,No,11,2013-07-22
E02518,Rupali Pawar,35,Female,,D03,2,No,4,2020-05-12
E02519,Poonam Bhatt,57,Female,150000,D05,5,No,13,2011-06-28
E02520,Bharat Shenoy,36,Male,65500,D06,5,No,11,2013-11-18
E02521,Megha Bhatt,47,Female,82500,D07,3,No,16,2008-06-08
E02522,Smita Kulkarni,52,Female,133000,D01,4,No,16,2008-10-10
E02523,Hemant Desai,41,Male,88000,D02,3,No,13,2011-10-23
E02524,Tanvi Singh,45,Female,63500,D06,4,Yes,5,2019-09-09
E02525,Abhijit Pillai,39,Male,85000,D02,4,No,6,2018-10-02
E02526,Swati Kaur,42,Female,75500,D03,5,Yes,11,2013-11-21
E02527,Rohit Nambiar,30,Male,54500,D03,1,Yes,5,2019-02-12
E02528,Dinesh Pandey,23,Male,,D06,2,Yes,2,2022-02-10
E02529,Nandita Desai,36,Female,,D07,3,No,15,2009-10-28
E02530,Manish Nair,37,Male,57500,D06,1,No,0,2024-05-28
E02531,Swati Shenoy,49,Female,,D07,5,Yes,12,2012-03-26
E02532,Vrinda Rao,55,Female,110000,D02,4,Yes,11,2013-06-10
E02533,Ananya Dubey,27,Female,68500,D05,2,No,2,2022-02-03
E02534,Tanvi Rao,51,Female,72500,D06,3,No,13,2011-03-16
E02535,Ajay Malhotra,38,Male,46500,D04,2,No,4,2020-02-22
E02536,Deepak Bhatt,38,Male,87500,D01,2,Yes,13,2011-01-17
E02537,Shruti Menon,22,Female,62000,D05,2,No,0,2024-07-19
E02538,Ajay Shukla,43,Male,103500,D01,3,No,15,2009-01-10
E02539,Nikhil Nambiar,50,Male,102500,D02,4,No,3,2021-03-25
E02540,Dinesh Das,44,Male,88000,D07,4,Yes,2,2022-11-10
E02541,Piyush Saxena,45,Male,115500,D01,4,No,4,2020-09-06
E02542,Tushar Thakur,45,Male,59000,D04,4,Yes,14,2010-03-20
E02543,Amit Agarwal,38,Male,83000,D02,4,No,2,2022-09-28
E02544,Shweta Patel,24,Female,43500,D06,2,Yes,1,2023-11-19
E02545,Sneha Nambiar,31,Female,52500,D06,3,No,1,2023-11-15
E02546,Meera Malhotra,35,Female,,D07,2,No,8,2016-02-27
E02547,Shailesh Das,53,Male,110500,D02,5,No,4,2020-03-04
E02548,Sunil Malhotra,35,Male,56500,D06,3,No,6,2018-08-04
E02549,Vrinda Sharma,50,Female,75000,D06,4,No,11,2013-10-24
E02550,Karan Desai,39,Male,61000,D03,1,No,0,2024-03-01
E02551,Chetan Pawar,57,Male,140000,D05,5,No,6,2018-12-10
E02552,Deepika Bhat,50,Female,89500,D07,5,No,1,2023-04-21
E02553,Mohit Nambiar,51,Male,77500,D06,5,No,9,2015-11-03
E02554,Rupali Das,28,Female,,D01,1,Yes,3,2021-09-22
E02555,Nisha Patil,37,Female,,D03,2,Yes,1,2023-02-18
E02556,Ashwin Patil,33,Male,85500,D01,3,Yes,8,2016-12-07
E02557,Madhuri Mehta,48,Female,,D02,4,No,0,2024-04-18
E02558,Neha Ghosh,22,Female,,D04,2,Yes,1,2023-11-16
E02559,Ritu Patel,38,Female,65000,D06,5,No,3,2021-01-16
E02560,Jyoti Thakur,23,Female,46500,D07,3,Yes,2,2022-09-27
E02561,Manoj Thakur,27,Male,44500,D07,1,Yes,6,2018-10-25
E02562,Sunita Thakur,48,Female,,D05,3,No,4,2020-10-13
E02563,Abhijit Bhatt,53,Male,124000,D01,5,No,14,2010-08-24
E02564,Sejal Nair,49,Female,99000,D02,4,No,11,2013-07-04
E02565,Rupali Rao,23,Female,40000,D03,1,No,1,2023-04-15
E02566,Komal Agarwal,24,Female,53000,D02,3,No,1,2023-04-22
E02567,Meera Saxena,41,Female,,D07,4,No,12,2012-03-16
E02568,Rohit Bhosale,48,Male,81000,D07,4,No,9,2015-03-21
E02569,Manish Dubey,47,Male,126500,D05,3,Yes,13,2011-04-14
E02570,Gayatri Roy,58,Female,75000,D04,4,No,16,2008-08-01
E02571,Rahul Verma,39,Male,98000,D05,4,No,15,2009-11-20
E02572,Deepak Mishra,58,Male,115000,D02,4,No,4,2020-12-20
E02573,Lokesh Pandey,36,Male,56500,D03,2,No,1,2023-05-02
E02574,Aakash Roy,50,Male,,D02,4,No,16,2008-03-09
E02575,Saurabh Kaur,47,Male,67000,D06,4,No,15,2009-06-22
E02576,Sudha Chauhan,40,Female,107000,D05,3,No,14,2010-10-20
E02577,Girish Mehta,29,Male,52500,D03,2,No,6,2018-06-14
E02578,Rahul Bhatt,26,Male,35000,D04,4,No,5,2019-11-28
E02579,Suresh Nambiar,34,Male,56500,D07,4,No,2,2022-10-15
E02580,Amit Nambiar,28,Male,43500,D04,2,No,4,2020-10-14
E02581,Vinay Reddy,55,Male,,D07,5,No,1,2023-07-17
E02582,Devendra Sharma,53,Male,,D01,5,No,15,2009-06-07
E02583,Ajit Pillai,48,Male,121500,D01,5,No,7,2017-02-16
E02584,Deepak Gupta,41,Male,67500,D06,4,No,1,2023-04-16
E02585,Madhuri Pandey,54,Female,105000,D02,5,No,13,2011-04-22
E02586,Harish Chauhan,39,Male,,D06,3,No,4,2020-03-11
E02587,Meera Dubey,33,Female,59500,D03,3,No,1,2023-11-24
E02588,Manasi Iyer,28,Female,56000,D07,2,Yes,2,2022-12-07
E02589,Shweta Yadav,38,Female,63000,D03,3,No,3,2021-04-24
E02590,Gayatri Reddy,25,Female,63500,D05,2,No,0,2024-08-20
E02591,Devendra Kaur,49,Male,80000,D06,5,No,9,2015-06-26
E02592,Chetan Shukla,33,Male,47500,D06,3,Yes,7,2017-08-21
E02593,Nitin Bhat,54,Male,123500,D01,4,No,6,2018-04-20
E02594,Aparna Joshi,29,Female,45500,D04,4,No,3,2021-12-10
E02595,Devendra Menon,32,Male,58500,D06,3,No,4,2020-02-23
E02596,Karan Nambiar,37,Male,78000,D02,3,Yes,7,2017-07-11
E02597,Devendra Saxena,40,Male,65000,D03,3,No,9,2015-09-28
E02598,Pranav Jain,37,Male,74000,D07,4,No,11,2013-01-23
E02599,Manish Das,49,Male,70000,D06,2,No,10,2014-07-09
E02600,Vrinda Mishra,34,Female,91000,D05,3,No,9,2015-12-03
E02601,Dinesh Tiwari,27,Male,47500,D06,4,Yes,4,2020-01-17
E02602,Arjun Pillai,42,Male,,D04,4,No,8,2016-03-24
E02603,Ajay Chauhan,46,Male,71000,D06,5,No,13,2011-10-22
E02604,Vinay Mishra,36,Male,73000,D02,2,No,12,2012-02-19
E02605,Amol Verma,36,Male,71500,D07,4,No,9,2015-03-09
E02606,Roshni Iyer,54,Female,79500,D06,4,No,8,2016-07-07
E02607,Ajay Desai,35,Male,47500,D04,2,No,1,2023-12-17
E02608,Sudhir Bhatt,45,Male,79000,D07,4,No,5,2019-05-08
E02609,Chetan Pandey,43,Male,104000,D01,4,Yes,8,2016-04-11
E02610,Deepak Shenoy,55,Male,102000,D07,5,No,11,2013-10-09
E02611,Ajay Yadav,49,Male,96000,D07,4,No,13,2011-05-11
E02612,Shruti Pandey,24,Female,43000,D03,2,Yes,0,2024-09-17
E02613,Anita Joshi,57,Female,150000,D05,5,No,14,2010-04-09
E02614,Trupti Ghosh,55,Female,,D04,5,No,14,2010-10-18
E02615,Abhijit Verma,49,Male,,D05,4,No,2,2022-05-20
E02616,Manoj Desai,50,Male,118500,D01,4,No,12,2012-08-27
E02617,Meera Roy,54,Female,75000,D04,4,No,0,2024-11-04
E02618,Tejas Agarwal,35,Male,63500,D03,2,No,14,2010-11-14
E02619,Tanvi Verma,43,Female,77500,D07,4,No,13,2011-12-19
E02620,Nikhil Desai,33,Male,62500,D07,3,No,6,2018-02-16
E02621,Padmaja Mehta,41,Female,105500,D01,5,No,4,2020-06-02
E02622,Vandana Pawar,49,Female,72000,D06,5,Yes,12,2012-05-17
E02623,Manoj Agarwal,58,Male,115000,D02,3,No,13,2011-09-28
E02624,Shweta Verma,27,Female,71500,D01,2,No,0,2024-03-15
E02625,Rahul Agarwal,54,Male,96000,D07,4,No,4,2020-12-16
E02626,Tejas Ghosh,42,Male,51500,D04,2,Yes,1,2023-04-24
E02627,Sameer Dubey,38,Male,53000,D04,3,Yes,12,2012-12-24
E02628,Sanjay Rao,45,Male,,D04,4,No,13,2011-02-16
E02629,Manish Malhotra,41,Male,78000,D03,5,No,11,2013-08-15
E02630,Lokesh Patil,47,Male,63500,D04,4,No,10,2014-12-02
E02631,Vrinda Desai,53,Female,102500,D07,5,No,11,2013-10-09
E02632,Ritu Kaur,44,Female,75500,D07,4,No,14,2010-12-15
E02633,Tushar Ghosh,51,Male,68500,D04,4,Yes,15,2009-05-01
E02634,Manasi Bhosale,44,Female,104000,D01,3,Yes,14,2010-06-07
E02635,Devendra Reddy,25,Male,69000,D05,3,No,0,2024-01-21
E02636,Nitin Thakur,47,Male,85500,D03,5,No,16,2008-03-08
E02637,Poonam Bhatt,45,Female,87500,D02,4,No,5,2019-04-28
E02638,Sameer Sharma,24,Male,43000,D03,1,Yes,0,2024-10-24
E02639,Reena Thakur,48,Female,109500,D01,4,No,16,2008-10-19
E02640,Chetan Shah,42,Male,105500,D05,4,No,14,2010-05-13
E02641,Roshni Patel,54,Female,88500,D06,5,No,13,2011-09-16
E02642,Shruti Ghosh,57,Female,115000,D02,5,No,0,2024-12-12
E02643,Sneha Kulkarni,26,Female,50500,D03,3,Yes,1,2023-12-08
E02644,Girish Bhatt,40,Male,66000,D07,2,Yes,10,2014-05-27
E02645,Harish Kumar,38,Male,90500,D01,2,No,2,2022-04-03
E02646,Padmaja Patil,35,Female,94000,D05,2,No,13,2011-02-09
E02647,Leena Saxena,41,Female,,D07,3,No,0,2024-04-11
E02648,Shailesh Rao,54,Male,73000,D04,5,No,7,2017-06-03
E02649,Manasi Saxena,53,Female,,D04,5,No,3,2021-04-03
E02650,Rahul Nair,44,Male,,D05,4,No,6,2018-05-14
E02651,Pratik Kulkarni,56,Male,99000,D03,4,No,5,2019-12-04
E02652,Vinay Kulkarni,41,Male,72000,D06,5,No,2,2022-03-18
E02653,Lokesh Bhosale,44,Male,82500,D07,3,No,5,2019-04-18
E02654,Rupali Yadav,27,Female,79000,D05,1,Yes,5,2019-01-24
E02655,Gayatri Pillai,38,Female,79500,D02,3,No,5,2019-05-06
E02656,Komal Patil,25,Female,49000,D07,2,Yes,0,2024-03-03
E02657,Pooja Patel,40,Female,62500,D06,3,No,2,2022-04-08
E02658,Karan Kumar,42,Male,76500,D02,2,Yes,6,2018-01-26
E02659,Hemant Shah,25,Male,74000,D05,2,No,3,2021-06-20
E02660,Manasi Bhatt,37,Female,65000,D06,3,No,9,2015-06-10
E02661,Harish Nambiar,39,Male,63000,D03,3,No,1,2023-07-10
E02662,Arjun Nambiar,28,Male,,D06,3,Yes,6,2018-11-13
E02663,Pranav Desai,30,Male,60000,D07,1,No,1,2023-07-18
E02664,Rakesh Patel,53,Male,99000,D03,5,No,12,2012-03-21
E02665,Swati Verma,55,Female,111500,D02,5,No,8,2016-08-19
E02666,Siddharth Yadav,36,Male,75000,D02,3,No,11,2013-08-05
E02667,Pranav Nair,23,Male,65000,D01,4,No,2,2022-11-15
E02668,Komal Joshi,38,Female,65000,D07,3,Yes,14,2010-02-05
E02669,Varun Das,23,Male,,D06,2,No,0,2024-11-17
E02670,Gaurav Iyer,38,Male,91500,D01,2,No,11,2013-05-16
E02671,Ananya Kaur,23,Female,48000,D03,4,No,0,2024-11-17
E02672,Aparna Desai,35,Female,79000,D01,3,No,14,2010-07-11
E02673,Sudhir Shenoy,53,Male,138000,D05,5,No,16,2008-08-24
E02674,Rohit Reddy,46,Male,80500,D06,4,No,1,2023-07-21
E02675,Aakash Shah,34,Male,88500,D05,3,No,0,2024-05-16
E02676,Deepak Yadav,22,Male,45500,D02,1,No,0,2024-04-11
E02677,Sonal Patil,57,Female,115000,D02,5,No,9,2015-05-03
E02678,Ashwin Rao,41,Male,50000,D04,3,No,7,2017-10-12
E02679,Sameer Singh,58,Male,100000,D03,5,No,7,2017-03-22
E02680,Deepika Kulkarni,47,Female,88000,D07,4,No,16,2008-12-25
E02681,Kartik Menon,45,Male,85000,D07,5,No,5,2019-03-17
E02682,Manoj Reddy,31,Male,60500,D02,3,No,3,2021-01-14
E02683,Chetana Bhatt,53,Female,72000,D04,5,No,15,2009-09-01
E02684,Tushar Jain,39,Male,100000,D05,1,No,15,2009-06-05
E02685,Tanvi Mishra,43,Female,115000,D05,4,No,5,2019-09-23
E02686,Pooja Kumar,40,Female,103500,D05,3,No,5,2019-07-15
E02687,Pratik Shukla,53,Male,65500,D04,5,No,10,2014-04-09
E02688,Riddhi Bhatt,41,Female,102000,D01,4,No,12,2012-08-17
E02689,Vinay Reddy,44,Male,70000,D06,3,No,5,2019-01-27
E02690,Deepak Tiwari,58,Male,75000,D04,4,No,4,2020-03-09
E02691,Dinesh Dubey,32,Male,44500,D04,2,No,6,2018-09-02
E02692,Aakash Das,24,Male,40000,D03,2,Yes,1,2023-04-10
E02693,Saurabh Patil,45,Male,88500,D07,5,No,16,2008-07-13
E02694,Sunita Jain,48,Female,114000,D01,5,Yes,7,2017-10-05
E02695,Anita Bhat,30,Female,38000,D04,3,No,0,2024-11-11
E02696,Archana Yadav,26,Female,66500,D01,2,No,5,2019-03-23
E02697,Sudhir Thakur,24,Male,45000,D02,3,No,2,2022-06-24
E02698,Chetan Patil,23,Male,39500,D06,2,Yes,1,2023-06-28
E02699,Lakshmi Nambiar,38,Female,83500,D02,4,No,11,2013-07-16
E02700,Saurabh Shenoy,23,Male,43500,D07,3,No,1,2023-02-22
E02701,Amol Das,26,Male,39500,D04,1,No,2,2022-06-03
E02702,Dinesh Dubey,32,Male,52000,D03,4,No,10,2014-02-14
E02703,Manoj Pandey,58,Male,71500,D04,4,No,14,2010-08-14
E02704,Tushar Verma,45,Male,75500,D03,4,No,8,2016-11-26
E02705,Rupali Chauhan,53,Female,125500,D01,5,No,13,2011-10-06
E02706,Riddhi Shukla,25,Female,37000,D04,1,Yes,1,2023-05-28
E02707,Kavya Singh,25,Female,56000,D01,2,No,2,2022-11-09
E02708,Neha Kumar,38,Female,62000,D06,4,No,15,2009-03-06
E02709,Shruti Desai,28,Female,54500,D02,3,No,4,2020-11-24
E02710,Poonam Thakur,51,Female,103500,D02,5,No,10,2014-03-08
E02711,Jyoti Verma,44,Female,63500,D04,5,Yes,9,2015-08-12
E02712,Harish Kulkarni,38,Male,63500,D06,3,No,3,2021-04-14
E02713,Padmaja Sharma,41,Female,99500,D01,4,No,3,2021-05-13
E02714,Rajesh Pawar,53,Male,88000,D06,5,No,7,2017-05-04
E02715,Manoj Reddy,53,Male,90000,D03,4,No,12,2012-01-04
E02716,Arjun Kumar,51,Male,90500,D03,3,Yes,0,2024-11-28
E02717,Leena Yadav,39,Female,95000,D05,3,No,15,2009-09-14
E02718,Chetana Shah,47,Female,68500,D06,4,No,3,2021-12-26
E02719,Padmaja Bhat,37,Female,60000,D03,2,No,13,2011-08-08
E02720,Ananya Pawar,25,Female,35000,D04,2,No,1,2023-09-18
E02721,Siddharth Shah,34,Male,82000,D05,1,No,1,2023-05-07
E02722,Girish Saxena,36,Male,49000,D04,3,No,7,2017-06-16
E02723,Ajit Jain,55,Male,128000,D01,5,No,0,2024-11-02
E02724,Riddhi Bhatt,45,Female,123000,D05,2,Yes,4,2020-07-27
E02725,Hemant Nambiar,37,Male,59500,D06,3,Yes,8,2016-12-25
E02726,Roshni Kaur,28,Female,74500,D01,4,No,2,2022-11-05
E02727,Bharati Menon,42,Female,71500,D07,4,No,12,2012-02-04
E02728,Varun Shukla,41,Male,60500,D04,4,Yes,10,2014-08-09
E02729,Gaurav Thakur,42,Male,70000,D03,3,No,2,2022-02-17
E02730,Pooja Reddy,46,Female,56500,D04,3,Yes,16,2008-01-22
E02731,Ajit Kaur,35,Male,55000,D04,3,Yes,11,2013-07-17
E02732,Vrinda Patel,38,Female,56000,D04,5,No,4,2020-03-01
E02733,Ajay Tiwari,39,Male,102000,D01,4,No,3,2021-02-06
E02734,Sanjay Sharma,54,Male,75000,D04,5,Yes,12,2012-05-15
E02735,Trupti Chauhan,49,Female,,D01,4,No,7,2017-08-13
E02736,Poonam Chauhan,26,Female,42500,D06,1,Yes,1,2023-02-16
E02737,Jyoti Singh,41,Female,100000,D01,2,No,12,2012-10-08
E02738,Pallavi Pandey,47,Female,83500,D03,3,No,13,2011-08-10
E02739,Vandana Rao,23,Female,41000,D04,4,No,1,2023-10-02
E02740,Vivek Saxena,30,Male,58500,D03,2,Yes,1,2023-12-20
E02741,Jyoti Yadav,28,Female,55000,D02,2,Yes,2,2022-10-13
E02742,Varun Patil,26,Male,66000,D05,1,No,5,2019-07-24
E02743,Priya Joshi,33,Female,80000,D01,1,No,9,2015-12-25
E02744,Deepika Sharma,31,Female,63500,D07,3,No,9,2015-04-07
E02745,Preeti Shukla,27,Female,,D01,3,No,2,2022-08-08
E02746,Ruchika Desai,46,Female,115500,D05,5,No,11,2013-02-01
E02747,Harish Roy,37,Male,67500,D02,4,No,10,2014-06-17
E02748,Vivek Pandey,51,Male,,D01,4,Yes,15,2009-02-28
E02749,Deepika Malhotra,25,Female,,D05,4,No,0,2024-03-09
E02750,Piyush Desai,56,Male,,D07,4,No,10,2014-04-08
E02751,Sejal Bhat,51,Female,73500,D04,4,Yes,13,2011-01-01
E02752,Chetana Rao,27,Female,49500,D06,2,Yes,3,2021-04-02
E02753,Komal Malhotra,43,Female,79000,D07,4,No,8,2016-06-04
E02754,Kartik Saxena,50,Male,,D06,3,No,6,2018-02-18
E02755,Sheetal Menon,52,Female,125500,D01,5,No,11,2013-10-23
E02756,Suresh Shah,25,Male,46000,D04,2,Yes,4,2020-08-13
E02757,Manasi Pandey,51,Female,102000,D02,4,No,14,2010-03-06
E02758,Anita Verma,35,Female,84500,D05,4,No,9,2015-09-09
E02759,Priya Bhatt,46,Female,74500,D06,5,Yes,5,2019-11-23
E02760,Jyoti Chauhan,24,Female,,D05,2,No,3,2021-08-15
E02761,Vinay Yadav,48,Male,93500,D02,4,No,7,2017-08-15
E02762,Meera Patel,25,Female,43000,D04,1,No,1,2023-06-04
E02763,Nitin Roy,32,Male,,D03,3,No,2,2022-04-07
E02764,Tejas Shukla,36,Male,,D03,2,No,12,2012-01-26
E02765,Sudha Desai,36,Female,65000,D06,3,Yes,0,2024-07-20
E02766,Tanvi Joshi,41,Female,,D01,4,No,16,2008-06-08
E02767,Sunita Desai,55,Female,101000,D07,4,No,10,2014-05-18
E02768,Kartik Kulkarni,22,Male,,D03,4,No,1,2023-06-10
E02769,Saurabh Nambiar,41,Male,80000,D02,4,No,10,2014-01-16
E02770,Rupali Bhat,23,Female,38000,D06,2,Yes,0,2024-04-24
E02771,Tushar Gupta,27,Male,80500,D05,2,No,5,2019-06-18
E02772,Sanket Chauhan,58,Male,150000,D05,4,No,15,2009-03-17
E02773,Divya Saxena,58,Female,100000,D03,5,No,13,2011-03-19
E02774,Pallavi Saxena,29,Female,,D04,1,No,3,2021-04-25
E02775,Arjun Tiwari,27,Male,38000,D06,2,No,1,2023-09-16
E02776,Harish Menon,22,Male,59000,D01,2,No,1,2023-06-10
E02777,Archana Joshi,26,Female,70500,D01,1,No,2,2022-07-14
E02778,Ramesh Shah,44,Male,86500,D02,3,Yes,14,2010-05-09
E02779,Deepa Chauhan,56,Female,99000,D07,5,No,9,2015-12-18
E02780,Deepika Pawar,31,Female,66000,D02,2,No,8,2016-04-13
E02781,Rajesh Pandey,50,Male,124500,D05,4,No,7,2017-03-13
E02782,Deepika Shah,51,Female,117000,D01,3,No,11,2013-01-24
E02783,Trupti Joshi,23,Female,60000,D05,1,Yes,1,2023-02-19
E02784,Ritu Patil,36,Female,52500,D06,2,No,14,2010-01-27
E02785,Reena Pandey,54,Female,109000,D02,5,No,3,2021-06-18
E02786,Kavya Kumar,49,Female,84500,D07,4,No,14,2010-02-10
E02787,Ruchika Bhosale,41,Female,71500,D06,3,No,3,2021-05-06
E02788,Divya Ghosh,30,Female,55000,D03,2,Yes,1,2023-09-18
E02789,Sonal Malhotra,37,Female,75500,D07,4,No,13,2011-12-26
E02790,Preeti Saxena,34,Female,62000,D06,5,No,5,2019-05-20
E02791,Smita Chauhan,29,Female,58500,D03,2,No,6,2018-12-28
E02792,Pranav Shukla,58,Male,140000,D01,5,No,7,2017-05-18
E02793,Reena Nambiar,25,Female,38000,D06,1,Yes,0,2024-10-10
E02794,Shweta Chauhan,48,Female,92500,D02,4,No,5,2019-07-13
E02795,Ashwin Desai,31,Male,72000,D01,1,No,6,2018-10-08
E02796,Bharati Singh,28,Female,44000,D06,1,No,2,2022-08-08
E02797,Gaurav Bhat,41,Male,96000,D01,4,No,15,2009-06-14
E02798,Manoj Jain,30,Male,85000,D05,3,No,3,2021-04-11
E02799,Divya Menon,58,Female,150000,D05,4,No,7,2017-11-25
E02800,Poornima Patel,44,Female,94000,D02,4,No,0,2024-03-06
E02801,Sonal Patil,47,Female,74000,D03,3,No,1,2023-12-07
E02802,Anil Saxena,51,Male,60500,D04,4,No,9,2015-05-05
E02803,Tanvi Desai,25,Female,49500,D06,2,No,2,2022-03-21
E02804,Shailesh Singh,49,Male,72500,D04,4,Yes,11,2013-05-19
E02805,Reena Verma,39,Female,74500,D03,4,No,6,2018-12-25
E02806,Lakshmi Das,52,Female,138500,D05,4,No,7,2017-06-15
E02807,Vivek Patil,23,Male,35000,D04,3,No,1,2023-06-08
E02808,Vivek Bhatt,41,Male,,D01,4,No,5,2019-03-10
E02809,Preeti Bhosale,32,Female,,D01,2,Yes,3,2021-06-02
E02810,Nikhil Tiwari,28,Male,45000,D07,2,No,7,2017-12-03
E02811,Deepa Kaur,39,Female,66000,D06,3,No,1,2023-05-05
E02812,Ruchika Bhat,41,Female,93000,D01,2,Yes,5,2019-06-27
E02813,Girish Kulkarni,26,Male,63500,D05,4,No,1,2023-12-12
E02814,Archana Desai,26,Female,73500,D05,3,No,3,2021-02-11
E02815,Kavya Bhat,49,Female,85000,D07,4,No,5,2019-09-21
E02816,Anil Mehta,48,Male,101500,D02,5,No,2,2022-11-22
E02817,Neha Tiwari,30,Female,80000,D01,4,No,0,2024-08-14
E02818,Sunil Dubey,57,Male,87000,D06,5,No,16,2008-06-22
E02819,Dinesh Pillai,35,Male,,D06,2,No,6,2018-01-17
E02820,Aakash Agarwal,48,Male,69000,D06,4,No,1,2023-12-07
E02821,Sanket Dubey,35,Male,82500,D01,1,No,12,2012-07-22
E02822,Nitin Das,52,Male,82000,D06,5,No,11,2013-02-17
E02823,Siddharth Gupta,46,Male,78500,D03,3,Yes,5,2019-07-16
E02824,Nilesh Pawar,32,Male,51500,D07,1,No,11,2013-11-18
E02825,Swati Pillai,51,Female,99000,D02,4,No,13,2011-05-01
E02826,Sanket Rao,25,Male,46000,D07,3,No,4,2020-08-17
E02827,Nisha Desai,44,Female,78500,D03,5,No,6,2018-07-15
E02828,Anil Ghosh,55,Male,146500,D05,3,No,13,2011-08-12
E02829,Aakash Bhatt,41,Male,70500,D03,4,No,1,2023-06-22
E02830,Neha Patel,54,Female,,D01,5,Yes,14,2010-04-19
E02831,Madhuri Mishra,49,Female,89500,D03,4,No,6,2018-04-25
E02832,Rakesh Pillai,28,Male,,D04,3,No,7,2017-02-19
E02833,Jyoti Chauhan,31,Female,82000,D01,3,No,1,2023-03-09
E02834,Ruchika Tiwari,23,Female,38000,D06,4,No,1,2023-05-19
E02835,Hemant Yadav,57,Male,98500,D07,4,No,15,2009-07-21
E02836,Gayatri Shah,47,Female,,D02,4,No,6,2018-05-08
E02837,Kartik Patel,40,Male,,D02,4,No,5,2019-10-10
E02838,Nisha Malhotra,58,Female,150000,D05,4,No,13,2011-06-09
E02839,Aparna Pillai,44,Female,107500,D01,3,No,12,2012-03-05
E02840,Deepa Sharma,32,Female,60500,D02,3,No,0,2024-03-08
E02841,Padmaja Shah,33,Female,51500,D03,2,Yes,10,2014-06-17
E02842,Ramesh Das,22,Male,,D03,1,No,1,2023-07-14
E02843,Tejas Kaur,30,Male,,D04,2,No,8,2016-05-25
E02844,Preeti Nambiar,27,Female,42500,D03,2,No,3,2021-07-20
E02845,Pallavi Saxena,31,Female,70500,D01,2,No,2,2022-05-23
E02846,Preeti Kumar,37,Female,68000,D07,2,Yes,7,2017-08-03
E02847,Sanket Gupta,31,Male,48000,D04,3,No,6,2018-11-19
E02848,Hemant Yadav,48,Male,,D01,4,No,2,2022-01-09
E02849,Suresh Kaur,30,Male,46500,D06,2,No,6,2018-11-22
E02850,Jyoti Shenoy,35,Female,54500,D03,1,Yes,0,2024-04-09
E02851,Manish Shenoy,28,Male,42000,D03,3,No,5,2019-02-23
E02852,Reena Sharma,41,Female,71000,D03,4,No,1,2023-09-12
E02853,Lokesh Bhosale,28,Male,53000,D03,1,Yes,7,2017-09-07
E02854,Sejal Ghosh,39,Female,68000,D03,3,No,4,2020-03-15
E02855,Abhijit Jain,23,Male,45000,D02,3,No,1,2023-05-09
E02856,Priya Dubey,36,Female,74000,D02,2,No,3,2021-12-08
E02857,Gaurav Bhat,41,Male,92000,D01,1,No,12,2012-01-08
E02858,Rohit Shenoy,24,Male,,D03,3,Yes,3,2021-04-03
E02859,Poonam Pandey,40,Female,60000,D04,3,Yes,3,2021-03-11
E02860,Karan Jain,50,Male,94000,D03,5,No,16,2008-07-15
E02861,Deepika Desai,55,Female,132500,D01,4,No,0,2024-11-08
E02862,Leena Sharma,26,Female,39500,D04,2,No,1,2023-11-16
E02863,Vikram Malhotra,55,Male,126500,D01,5,No,2,2022-08-04
E02864,Mohit Shukla,23,Male,54000,D02,2,No,0,2024-05-10
E02865,Reena Bhatt,50,Female,82500,D03,4,No,7,2017-04-22
E02866,Aparna Pandey,45,Female,85500,D02,4,No,3,2021-08-25
E02867,Neha Sharma,25,Female,47000,D03,2,No,4,2020-10-06
E02868,Vandana Mehta,52,Female,87000,D06,5,No,14,2010-04-04
E02869,Sejal Bhatt,31,Female,55500,D03,1,No,7,2017-12-24
E02870,Madhuri Ghosh,43,Female,64500,D06,4,No,4,2020-08-22
E02871,Aparna Patel,37,Female,66500,D03,2,No,6,2018-02-25
E02872,Anil Sharma,45,Male,79500,D03,3,No,3,2021-08-28
E02873,Nilesh Mehta,46,Male,89000,D02,4,No,0,2024-07-23
E02874,Sejal Desai,47,Female,,D03,4,No,6,2018-10-18
E02875,Trupti Tiwari,45,Female,52500,D04,2,No,7,2017-10-23
E02876,Shailesh Roy,47,Male,70500,D04,4,No,4,2020-06-11
E02877,Sneha Shukla,33,Female,40000,D04,1,No,0,2024-01-22
E02878,Aakash Tiwari,49,Male,117500,D01,3,No,2,2022-10-15
E02879,Nikhil Patel,36,Male,81000,D01,1,No,4,2020-11-25
E02880,Sudha Shukla,25,Female,50500,D07,1,No,4,2020-07-16
E02881,Rajesh Desai,55,Male,133000,D01,5,No,14,2010-11-08
E02882,Tanvi Nambiar,26,Female,64500,D05,4,No,1,2023-02-25
E02883,Nitin Reddy,27,Male,76500,D05,2,Yes,3,2021-05-04
E02884,Arjun Nair,34,Male,44500,D04,3,No,12,2012-02-23
E02885,Sunil Shukla,26,Male,45500,D04,1,Yes,3,2021-07-09
E02886,Nilesh Yadav,36,Male,53000,D06,3,Yes,10,2014-03-26
E02887,Leena Shah,33,Female,54000,D04,4,No,9,2015-04-15
E02888,Divya Iyer,42,Female,90500,D02,3,No,13,2011-05-09
E02889,Amit Bhatt,56,Male,73000,D04,4,No,3,2021-02-03
E02890,Sunita Verma,55,Female,130000,D01,5,No,15,2009-08-03
E02891,Ramesh Ghosh,32,Male,59500,D07,1,No,8,2016-08-20
E02892,Arjun Jain,46,Male,91500,D02,3,No,5,2019-02-14
E02893,Tejas Nair,34,Male,60500,D03,3,No,4,2020-02-18
E02894,Leena Rao,51,Female,94000,D07,4,No,6,2018-10-27
E02895,Meera Yadav,31,Female,59000,D03,1,Yes,7,2017-05-22
E02896,Leena Sharma,35,Female,57500,D06,2,No,6,2018-03-12
E02897,Suresh Menon,45,Male,,D05,2,Yes,5,2019-04-07
E02898,Neha Gupta,54,Female,78500,D06,5,No,5,2019-11-09
E02899,Pranav Mehta,24,Male,40500,D04,3,Yes,1,2023-02-06
E02900,Sejal Agarwal,56,Female,91000,D03,4,Yes,5,2019-01-16
E02901,Chetan Agarwal,30,Male,79500,D05,2,No,4,2020-11-03
E02902,Sejal Reddy,47,Female,,D03,4,No,5,2019-10-24
E02903,Arjun Thakur,27,Male,67000,D01,3,No,0,2024-10-10
E02904,Anil Iyer,35,Male,49500,D06,1,No,0,2024-04-14
E02905,Ananya Nair,55,Female,101000,D02,5,No,6,2018-11-09
E02906,Abhijit Pandey,35,Male,86500,D05,3,No,6,2018-10-05
E02907,Nitin Bhat,36,Male,87000,D01,3,No,13,2011-10-13
E02908,Ajay Reddy,22,Male,40000,D03,4,No,1,2023-05-03
E02909,Reena Bhosale,22,Female,,D01,3,No,1,2023-05-26
E02910,Girish Nambiar,41,Male,83500,D02,4,No,13,2011-12-06
E02911,Siddharth Sharma,42,Male,69500,D07,4,No,13,2011-10-19
E02912,Manish Pandey,32,Male,50000,D06,2,Yes,5,2019-03-23
E02913,Sunil Das,57,Male,112500,D02,4,No,14,2010-11-10
E02914,Vrinda Bhat,33,Female,,D03,2,No,10,2014-04-20
E02915,Riddhi Menon,42,Female,73500,D03,4,No,13,2011-03-15
E02916,Ananya Rao,27,Female,37000,D04,4,Yes,4,2020-10-01
E02917,Rupali Das,22,Female,42500,D06,2,Yes,1,2023-02-27
E02918,Ritu Iyer,36,Female,71000,D03,3,No,10,2014-12-25
E02919,Vikram Tiwari,44,Male,113500,D05,4,No,14,2010-06-15
E02920,Rakesh Pillai,50,Male,135000,D05,4,No,7,2017-01-23
E02921,Saurabh Desai,42,Male,83000,D07,2,No,3,2021-02-13
E02922,Madhuri Yadav,51,Female,,D01,5,No,3,2021-06-22
E02923,Sanjay Ghosh,55,Male,147000,D05,5,No,12,2012-01-01
E02924,Nikhil Das,58,Male,150000,D05,5,No,7,2017-01-22
E02925,Amit Mehta,37,Male,,D06,4,Yes,15,2009-10-28
E02926,Aparna Bhat,25,Female,53500,D07,3,No,1,2023-04-17
E02927,Swati Das,45,Female,74000,D06,4,No,16,2008-07-17
E02928,Vinay Bhosale,47,Male,70000,D06,2,Yes,1,2023-12-19
E02929,Archana Kaur,41,Female,72000,D07,5,No,10,2014-08-22
E02930,Anita Mehta,24,Female,36000,D04,1,No,1,2023-12-14
E02931,Poonam Rao,41,Female,74500,D07,4,Yes,11,2013-10-04
E02932,Neha Pandey,54,Female,114500,D02,5,No,16,2008-06-21
E02933,Nandita Yadav,49,Female,85500,D03,5,No,10,2014-08-17
E02934,Trupti Shenoy,26,Female,,D04,2,Yes,4,2020-05-27
E02935,Karan Malhotra,28,Male,56000,D07,1,No,7,2017-08-13
E02936,Sunil Verma,22,Male,35500,D04,1,Yes,0,2024-07-19
E02937,Sheetal Sharma,37,Female,73000,D02,2,No,10,2014-03-18
E02938,Aakash Joshi,47,Male,77000,D03,3,No,5,2019-08-08
E02939,Bharat Shukla,50,Male,95500,D02,5,No,1,2023-04-05
E02940,Bharat Bhatt,43,Male,106000,D01,3,No,7,2017-12-12
E02941,Harish Gupta,24,Male,35000,D04,1,No,3,2021-05-03
E02942,Sudha Jain,52,Female,93000,D07,5,No,3,2021-03-04
E02943,Sameer Nair,52,Male,,D06,3,No,0,2024-07-11
E02944,Pranav Nair,56,Male,83000,D06,4,No,0,2024-06-13
E02945,Hemant Sharma,38,Male,64500,D03,2,Yes,10,2014-06-19
E02946,Roshni Sharma,53,Female,69500,D04,5,No,9,2015-04-08
E02947,Vinay Dubey,25,Male,48000,D03,2,No,3,2021-01-01
E02948,Sudha Ghosh,31,Female,,D04,4,Yes,9,2015-01-06
E02949,Smita Pandey,23,Female,35000,D04,2,No,1,2023-10-02
E02950,Varun Shah,33,Male,,D01,2,No,3,2021-10-28
E02951,Nandita Chauhan,32,Female,77000,D01,2,Yes,2,2022-12-03
E02952,Kartik Kumar,32,Male,92000,D05,1,Yes,6,2018-11-20
E02953,Tushar Patel,32,Male,71500,D02,1,No,6,2018-01-28
E02954,Devendra Bhosale,50,Male,75000,D06,3,No,5,2019-08-25
E02955,Komal Roy,56,Female,75000,D04,3,Yes,5,2019-09-05
E02956,Aakash Menon,48,Male,126000,D05,4,No,1,2023-05-09
E02957,Ritu Jain,53,Female,61500,D04,2,Yes,13,2011-12-27
E02958,Padmaja Nair,38,Female,67500,D07,2,No,5,2019-06-15
E02959,Vrinda Shenoy,56,Female,89000,D03,5,No,14,2010-01-26
E02960,Leena Bhosale,25,Female,35000,D04,2,No,1,2023-10-17
E02961,Swati Bhat,55,Female,138000,D01,5,No,4,2020-09-26
E02962,Nilesh Ghosh,38,Male,92000,D01,1,No,0,2024-01-11
E02963,Ananya Pandey,46,Female,76500,D06,2,Yes,12,2012-09-17
E02964,Gayatri Saxena,52,Female,96000,D07,4,No,11,2013-11-03
E02965,Gaurav Desai,30,Male,83000,D05,3,No,5,2019-04-12
E02966,Aakash Yadav,27,Male,73500,D05,1,No,5,2019-05-18
E02967,Tushar Sharma,54,Male,,D07,5,No,12,2012-08-28
E02968,Poonam Shah,25,Female,44000,D04,2,Yes,2,2022-01-10
E02969,Sonal Malhotra,46,Female,65000,D04,4,No,4,2020-11-10
E02970,Aakash Gupta,58,Male,133000,D01,4,No,15,2009-01-27
E02971,Rahul Thakur,25,Male,48500,D02,1,No,2,2022-10-16
E02972,Vikram Patel,22,Male,38000,D06,3,No,1,2023-06-20
E02973,Bharati Rao,49,Female,86500,D03,4,No,14,2010-12-10
E02974,Trupti Shukla,38,Female,63500,D06,3,No,5,2019-01-10
E02975,Saurabh Agarwal,24,Male,50500,D07,2,No,2,2022-02-07
E02976,Saurabh Bhatt,47,Male,75500,D06,3,No,14,2010-07-18
E02977,Manoj Tiwari,43,Male,63000,D04,4,Yes,2,2022-08-10
E02978,Archana Bhat,55,Female,136000,D05,5,No,8,2016-05-19
E02979,Deepika Bhat,32,Female,,D03,2,Yes,0,2024-11-12
E02980,Megha Iyer,38,Female,,D03,5,No,7,2017-06-05
E02981,Aakash Singh,55,Male,100000,D03,4,No,2,2022-09-09
E02982,Nandita Rao,32,Female,,D01,1,No,5,2019-10-14
E02983,Sonal Pillai,39,Female,70000,D06,3,No,0,2024-01-05
E02984,Archana Pawar,30,Female,71500,D01,3,No,5,2019-05-18
E02985,Jyoti Shah,31,Female,82000,D01,2,No,4,2020-08-22
E02986,Gayatri Sharma,40,Female,81500,D02,4,No,7,2017-08-04
E02987,Lakshmi Patel,38,Female,46000,D04,2,Yes,14,2010-03-16
E02988,Pratik Iyer,49,Male,71000,D04,5,No,13,2011-10-17
E02989,Poornima Pandey,40,Female,67500,D03,4,No,16,2008-05-15
E02990,Manish Shukla,30,Male,,D06,2,No,9,2015-12-07
E02991,Nandita Bhatt,33,Female,53500,D06,4,No,5,2019-11-03
E02992,Manoj Dubey,23,Male,55000,D01,3,No,1,2023-09-10
E02993,Manasi Mehta,26,Female,45500,D03,3,No,4,2020-07-05
E02994,Abhijit Verma,48,Male,,D03,5,No,8,2016-09-01
E02995,Nikhil Joshi,50,Male,85500,D06,3,No,9,2015-04-08
E02996,Devendra Pawar,26,Male,69000,D05,2,No,5,2019-11-06
E02997,Preeti Kumar,28,Female,59000,D02,3,No,1,2023-04-18
E02998,Rupali Singh,47,Female,56000,D04,3,No,10,2014-12-10
E02999,Gayatri Rao,44,Female,57000,D04,5,Yes,9,2015-02-17
E03000,Varun Joshi,26,Male,,D02,2,No,5,2019-09-23
E03001,Archana Jain,46,Female,127000,D05,4,No,16,2008-05-06
E03002,Padmaja Gupta,43,Female,78500,D02,3,No,7,2017-02-22
E03003,Pooja Menon,35,Female,51500,D06,3,No,14,2010-01-07
E03004,Ritu Malhotra,52,Female,133500,D05,5,No,4,2020-07-18
E03005,Manoj Bhosale,46,Male,115500,D01,4,No,7,2017-03-01
E03006,Mohit Malhotra,27,Male,38000,D06,2,No,3,2021-03-22
E03007,Sejal Thakur,52,Female,101000,D02,5,Yes,13,2011-03-07
E03008,Vrinda Gupta,25,Female,42500,D03,2,No,1,2023-06-17
E03009,Ramesh Bhosale,36,Male,60500,D06,2,No,4,2020-03-18
E03010,Dinesh Menon,38,Male,97500,D01,3,No,4,2020-06-11
E03011,Kartik Malhotra,51,Male,72500,D06,4,No,9,2015-02-04
E03012,Ashwin Kaur,48,Male,80500,D06,5,No,9,2015-07-28
E03013,Gayatri Dubey,22,Female,48000,D03,4,No,1,2023-09-22
E03014,Komal Rao,35,Female,74000,D02,1,No,2,2022-10-28
E03015,Namita Roy,51,Female,79000,D06,5,No,0,2024-01-22
E03016,Tanvi Kaur,39,Female,77000,D02,4,No,8,2016-01-16
E03017,Karan Patel,30,Male,42500,D06,2,No,3,2021-04-19
E03018,Pooja Ghosh,31,Female,78000,D05,2,Yes,3,2021-06-14
E03019,Vikram Roy,23,Male,55500,D01,2,No,0,2024-04-15
E03020,Sneha Joshi,50,Female,61000,D04,5,No,16,2008-08-03
E03021,Trupti Shukla,45,Female,64000,D04,3,No,9,2015-06-16
E03022,Sneha Pandey,42,Female,,D06,4,Yes,12,2012-03-19
E03023,Sheetal Kumar,57,Female,115000,D02,4,No,11,2013-03-23
E03024,Swati Singh,51,Female,84500,D06,4,No,16,2008-11-17
E03025,Nisha Kumar,33,Female,,D01,3,No,5,2019-08-10
E03026,Vikram Joshi,52,Male,79500,D06,3,No,8,2016-08-07
E03027,Deepa Pillai,45,Female,77500,D06,5,No,7,2017-03-24
E03028,Sheetal Sharma,33,Female,83000,D05,2,No,12,2012-07-08
E03029,Pooja Iyer,27,Female,52000,D07,3,Yes,0,2024-06-23
E03030,Reena Yadav,25,Female,38000,D06,4,Yes,2,2022-08-20
E03031,Harish Tiwari,41,Male,,D04,1,No,2,2022-09-20
E03032,Komal Rao,38,Female,70000,D07,2,No,11,2013-08-03
E03033,Aparna Iyer,51,Female,68000,D04,4,Yes,13,2011-02-06
E03034,Harish Verma,32,Male,,D05,2,No,11,2013-12-07
E03035,Reena Saxena,57,Female,132500,D01,5,No,16,2008-10-02
E03036,Chetana Nambiar,41,Female,73000,D07,4,Yes,5,2019-04-04
E03037,Sudhir Nair,26,Male,39500,D06,4,No,1,2023-06-13
E03038,Saurabh Nair,36,Male,65500,D07,4,No,12,2012-08-02
E03039,Tushar Patel,22,Male,,D07,4,Yes,0,2024-12-18
E03040,Sheetal Gupta,42,Female,,D07,4,No,0,2024-02-08
E03041,Mohit Desai,45,Male,53000,D04,3,No,15,2009-02-09
E03042,Nilesh Pawar,51,Male,92500,D03,5,No,4,2020-06-23
E03043,Sejal Reddy,29,Female,,D04,4,No,3,2021-11-16
E03044,Sunil Malhotra,23,Male,51500,D02,3,No,2,2022-10-13
E03045,Sneha Sharma,44,Female,117000,D05,5,No,8,2016-07-20
E03046,Nilesh Joshi,37,Male,77500,D02,4,No,14,2010-01-01
E03047,Arjun Kaur,53,Male,103000,D07,3,No,2,2022-05-21
E03048,Dinesh Reddy,23,Male,48000,D07,3,No,1,2023-06-18
E03049,Pratik Menon,37,Male,49000,D04,1,No,0,2024-10-16
E03050,Rakesh Thakur,57,Male,100000,D03,5,No,8,2016-06-11
E03051,Vinay Nambiar,23,Male,54000,D02,1,No,1,2023-09-28
E03052,Chetan Pawar,34,Male,,D04,3,Yes,9,2015-11-07
E03053,Aparna Patil,48,Female,82500,D03,4,No,11,2013-09-10
E03054,Komal Chauhan,39,Female,93500,D01,3,Yes,7,2017-08-25
E03055,Ruchika Mishra,32,Female,84000,D05,1,No,7,2017-07-02
E03056,Manish Jain,38,Male,63500,D07,2,No,11,2013-08-06
E03057,Meera Kumar,48,Female,123000,D05,4,Yes,3,2021-02-10
E03058,Meera Patel,55,Female,137000,D05,3,No,12,2012-12-24
E03059,Gayatri Mishra,38,Female,80500,D02,4,No,12,2012-09-08
E03060,Girish Malhotra,27,Male,53500,D03,3,No,0,2024-04-10
E03061,Anita Pandey,58,Female,100000,D03,3,No,13,2011-07-01
E03062,Amol Nambiar,30,Male,60500,D02,2,No,2,2022-04-17
E03063,Ajit Shah,50,Male,84500,D06,5,No,6,2018-07-26
E03064,Kartik Tiwari,50,Male,,D01,5,No,6,2018-05-01
E03065,Ananya Roy,29,Female,66500,D01,2,No,6,2018-12-26
E03066,Ajay Jain,55,Male,82000,D06,5,No,8,2016-04-28
E03067,Ajit Nambiar,33,Male,61000,D07,3,No,9,2015-06-23
E03068,Lakshmi Dubey,44,Female,,D03,3,Yes,12,2012-07-19
E03069,Aparna Mishra,49,Female,97500,D02,2,Yes,10,2014-03-17
E03070,Devendra Malhotra,35,Male,58500,D03,3,No,7,2017-10-22
E03071,Vivek Tiwari,29,Male,53000,D07,3,No,3,2021-09-08
E03072,Vandana Patel,24,Female,55000,D01,2,No,3,2021-01-15
E03073,Bharati Pandey,50,Female,73500,D04,4,No,2,2022-12-24
E03074,Jyoti Agarwal,27,Female,52500,D06,3,No,6,2018-05-06
E03075,Sunil Mishra,31,Male,64500,D07,2,Yes,8,2016-04-21
E03076,Vandana Mishra,47,Female,74000,D06,2,Yes,3,2021-11-07
E03077,Anita Bhosale,52,Female,131500,D01,5,No,2,2022-06-17
E03078,Manoj Bhosale,24,Male,47500,D06,4,No,2,2022-02-24
E03079,Nitin Mehta,26,Male,54000,D03,2,No,3,2021-05-09
E03080,Karan Yadav,51,Male,93500,D03,5,No,9,2015-03-24
E03081,Vandana Iyer,37,Female,55500,D04,4,No,15,2009-05-18
E03082,Karan Chauhan,57,Male,150000,D05,4,No,3,2021-11-05
E03083,Aakash Shenoy,23,Male,,D05,2,No,0,2024-03-13
E03084,Trupti Bhat,48,Female,68000,D06,4,No,4,2020-09-14
E03085,Vinay Thakur,51,Male,122000,D01,5,No,9,2015-07-25
E03086,Rahul Pillai,52,Male,131500,D01,5,No,0,2024-08-02
E03087,Vandana Bhatt,36,Female,65000,D02,2,No,15,2009-12-02
E03088,Deepika Jain,31,Female,54500,D06,2,No,6,2018-08-24
E03089,Pratik Nambiar,44,Male,113000,D01,5,No,15,2009-05-22
E03090,Ritu Bhatt,52,Female,,D04,5,Yes,8,2016-02-25
E03091,Vrinda Chauhan,58,Female,92000,D03,4,Yes,1,2023-04-10
E03092,Anil Iyer,47,Male,118000,D05,4,No,1,2023-04-05
E03093,Namita Menon,45,Female,56000,D04,5,No,7,2017-01-20
E03094,Sejal Desai,24,Female,39000,D06,2,Yes,1,2023-06-03
E03095,Leena Bhat,52,Female,84000,D03,4,No,4,2020-06-23
E03096,Karan Mishra,35,Male,53500,D04,5,Yes,14,2010-07-20
E03097,Tejas Desai,30,Male,61500,D02,1,No,5,2019-12-13
E03098,Ritu Rao,53,Female,77500,D06,5,Yes,5,2019-06-25
E03099,Nilesh Chauhan,25,Male,63000,D01,3,No,4,2020-05-05
E03100,Amit Malhotra,22,Male,40000,D03,1,Yes,0,2024-04-25
E03101,Sanket Jain,45,Male,63000,D04,4,No,2,2022-03-12
E03102,Mohit Bhosale,36,Male,44000,D04,1,No,11,2013-11-22
E03103,Rupali Verma,46,Female,,D03,4,No,11,2013-05-10
E03104,Trupti Roy,36,Female,52500,D04,1,Yes,5,2019-07-10
E03105,Preeti Dubey,49,Female,128000,D05,4,No,11,2013-10-07
E03106,Sameer Yadav,24,Male,51000,D02,2,No,3,2021-10-20
E03107,Rakesh Reddy,27,Male,43500,D06,1,No,0,2024-04-06
E03108,Namita Thakur,27,Female,48500,D06,2,No,5,2019-01-05
E03109,Bharati Gupta,47,Female,73500,D06,4,Yes,7,2017-05-16
E03110,Neha Nair,57,Female,145500,D05,4,No,2,2022-12-01
E03111,Gayatri Menon,31,Female,73500,D01,2,No,5,2019-10-25
E03112,Vinay Nambiar,36,Male,97000,D05,4,No,8,2016-10-11
E03113,Tanvi Agarwal,48,Female,82500,D03,4,No,11,2013-04-03
E03114,Harish Patel,23,Male,38000,D06,2,No,2,2022-08-07
E03115,Siddharth Ghosh,51,Male,105000,D02,4,No,5,2019-03-24
E03116,Amol Kumar,49,Male,75500,D06,3,No,0,2024-02-19
E03117,Shruti Verma,50,Female,107500,D02,4,No,4,2020-07-10
E03118,Hemant Chauhan,54,Male,95500,D03,3,No,11,2013-11-09
E03119,Amol Pillai,53,Male,135000,D01,5,No,13,2011-05-25
E03120,Rahul Agarwal,44,Male,80500,D07,4,No,7,2017-12-09
E03121,Vrinda Reddy,36,Female,94000,D05,3,No,1,2023-12-25
E03122,Hemant Pandey,46,Male,59500,D04,4,No,2,2022-09-07
E03123,Padmaja Patel,55,Female,100500,D07,4,No,16,2008-04-15
E03124,Deepika Tiwari,35,Female,,D05,2,Yes,6,2018-03-24
E03125,Anita Bhat,32,Female,64000,D03,3,No,3,2021-05-25
E03126,Lakshmi Mehta,33,Female,55000,D07,1,Yes,10,2014-06-13
E03127,Manoj Roy,24,Male,46500,D02,2,No,2,2022-07-20
E03128,Tejas Chauhan,47,Male,81000,D03,4,No,8,2016-08-14
E03129,Anil Patel,33,Male,60500,D02,4,No,12,2012-06-02
E03130,Aparna Tiwari,44,Female,120000,D05,4,No,13,2011-12-17
E03131,Vikram Saxena,29,Male,52000,D03,2,No,3,2021-04-07
E03132,Priya Shah,36,Female,92000,D05,3,Yes,10,2014-12-01
E03133,Preeti Kulkarni,22,Female,61500,D01,3,No,0,2024-02-06
E03134,Sanket Patel,45,Male,110500,D05,4,No,12,2012-12-21
E03135,Sanjay Bhat,45,Male,115500,D01,4,No,11,2013-06-04
E03136,Vinay Nambiar,56,Male,,D04,5,Yes,16,2008-07-26
E03137,Devendra Saxena,31,Male,88500,D05,3,No,3,2021-12-06
E03138,Sneha Pawar,28,Female,,D05,2,No,1,2023-03-19
E03139,Mohit Yadav,44,Male,95500,D02,5,No,4,2020-01-19
E03140,Hemant Singh,35,Male,55500,D04,4,No,10,2014-02-16
E03141,Nilesh Malhotra,38,Male,92000,D05,1,No,12,2012-07-04
E03142,Nitin Joshi,24,Male,,D06,4,No,0,2024-07-19
E03143,Vrinda Patel,32,Female,,D01,3,Yes,8,2016-07-02
E03144,Hemant Joshi,36,Male,69500,D07,1,No,7,2017-04-02
E03145,Reena Joshi,25,Female,43000,D04,3,No,1,2023-04-04
E03146,Jyoti Das,28,Female,45000,D07,2,No,6,2018-11-04
E03147,Namita Verma,44,Female,81000,D02,2,Yes,2,2022-03-25
E03148,Piyush Jain,28,Male,53000,D06,3,No,0,2024-05-09
E03149,Ajit Shukla,53,Male,124500,D01,4,No,1,2023-09-27
E03150,Sudha Mishra,23,Female,42500,D07,3,No,0,2024-10-22
E03151,Nitin Joshi,51,Male,86000,D03,5,No,12,2012-07-20
E03152,Sudha Gupta,53,Female,,D03,4,No,8,2016-02-10
E03153,Leena Malhotra,49,Female,94500,D02,4,No,6,2018-11-25
E03154,Nandita Patel,44,Female,80500,D02,5,No,3,2021-07-28
E03155,Kavya Chauhan,40,Female,67500,D06,4,Yes,12,2012-09-11
E03156,Ritu Dubey,50,Female,59500,D04,3,No,3,2021-07-13
E03157,Ramesh Pillai,41,Male,108000,D05,5,No,4,2020-05-26
E03158,Poornima Gupta,29,Female,41000,D04,2,No,6,2018-03-27
E03159,Pranav Kumar,45,Male,89500,D07,3,No,15,2009-03-07
E03160,Lakshmi Pillai,43,Female,83500,D02,4,No,12,2012-01-01
E03161,Nandita Ghosh,26,Female,,D04,1,No,0,2024-06-28
E03162,Sonal Rao,43,Female,90500,D02,3,No,2,2022-04-24
E03163,Varun Shukla,36,Male,66000,D03,1,No,4,2020-04-05
E03164,Harish Kaur,39,Male,75000,D03,4,No,7,2017-12-04
E03165,Mohit Verma,56,Male,101500,D07,5,No,16,2008-04-09
E03166,Poornima Kaur,56,Female,114500,D02,4,No,9,2015-01-25
E03167,Vivek Patel,35,Male,51500,D04,2,No,9,2015-11-24
E03168,Rakesh Yadav,46,Male,98000,D02,4,No,9,2015-03-14
E03169,Megha Pandey,45,Female,117500,D05,5,No,14,2010-05-25
E03170,Ramesh Saxena,54,Male,147500,D05,5,No,4,2020-04-24
E03171,Pallavi Agarwal,33,Female,69000,D02,1,No,5,2019-04-11
E03172,Chetan Verma,43,Male,100500,D01,3,No,8,2016-06-12
E03173,Divya Sharma,38,Female,51500,D04,4,No,15,2009-07-13
E03174,Pallavi Tiwari,54,Female,64000,D04,4,Yes,4,2020-01-21
E03175,Nilesh Ghosh,57,Male,100000,D03,5,No,6,2018-02-12
E03176,Hemant Gupta,52,Male,91500,D07,5,No,2,2022-05-26
E03177,Rahul Ghosh,27,Male,55500,D03,2,No,2,2022-06-05
E03178,Namita Bhosale,41,Female,79000,D03,4,No,6,2018-04-03
E03179,Rakesh Thakur,36,Male,77500,D02,4,No,7,2017-05-26
E03180,Sneha Patel,23,Female,42000,D07,3,No,2,2022-04-26
E03181,Smita Roy,44,Female,,D07,4,No,13,2011-11-03
E03182,Deepika Bhat,25,Female,49500,D06,2,Yes,1,2023-02-12
E03183,Abhijit Bhatt,36,Male,89000,D05,3,No,15,2009-05-19
E03184,Pranav Menon,33,Male,72500,D02,2,No,9,2015-06-09
E03185,Padmaja Reddy,29,Female,55500,D03,2,No,8,2016-04-26
E03186,Sunita Sharma,51,Female,119000,D01,5,No,12,2012-07-14
E03187,Rahul Malhotra,46,Male,67000,D06,3,No,5,2019-09-28
E03188,Manish Kaur,35,Male,71000,D07,5,No,8,2016-07-28
E03189,Sejal Malhotra,30,Female,40000,D04,1,Yes,3,2021-10-07
E03190,Poonam Kaur,49,Female,122000,D05,4,No,1,2023-07-13
E03191,Shweta Shah,33,Female,62500,D02,4,No,10,2014-05-07
E03192,Manish Kulkarni,41,Male,,D07,3,No,13,2011-06-04
E03193,Komal Patil,51,Female,135500,D05,5,No,2,2022-08-25
E03194,Lokesh Desai,55,Male,126500,D01,5,No,13,2011-12-11
E03195,Sudha Desai,32,Female,81000,D01,3,No,3,2021-08-19
E03196,Preeti Bhat,43,Female,112500,D05,4,No,5,2019-08-13
E03197,Sudha Reddy,45,Female,83500,D07,4,No,13,2011-02-07
E03198,Kartik Mishra,36,Male,72000,D07,4,No,0,2024-09-21
E03199,Ritu Pillai,34,Female,92000,D05,2,No,0,2024-11-26
E03200,Vikram Shah,26,Male,60000,D01,2,No,4,2020-02-11
E03201,Amit Pillai,48,Male,,D03,5,No,5,2019-02-09
E03202,Nisha Ghosh,38,Female,69500,D07,3,No,0,2024-05-27
E03203,Varun Chauhan,36,Male,98000,D05,3,No,0,2024-07-15
E03204,Lokesh Malhotra,33,Male,82500,D01,1,Yes,10,2014-07-04
E03205,Anil Saxena,36,Male,53000,D06,3,No,1,2023-06-17
E03206,Mohit Thakur,52,Male,128500,D01,4,No,11,2013-06-22
E03207,Leena Sharma,29,Female,74500,D01,3,No,5,2019-05-22
E03208,Megha Iyer,48,Female,122000,D01,4,No,13,2011-09-11
E03209,Sejal Kumar,24,Female,46000,D07,2,No,2,2022-11-20
E03210,Reena Agarwal,35,Female,64000,D06,3,No,3,2021-07-09
E03211,Harish Pawar,47,Male,86000,D07,4,No,13,2011-06-20
E03212,Madhuri Malhotra,46,Female,,D04,3,No,8,2016-10-21
E03213,Bharati Patil,39,Female,71000,D07,2,No,8,2016-06-21
E03214,Neha Malhotra,53,Female,107000,D02,4,No,0,2024-09-24
E03215,Tanvi Rao,38,Female,73000,D03,4,No,0,2024-04-15
E03216,Ramesh Chauhan,55,Male,131000,D01,4,No,7,2017-09-07
E03217,Gaurav Dubey,29,Male,57500,D02,2,No,6,2018-05-24
E03218,Tushar Rao,51,Male,94500,D02,2,No,8,2016-02-12
E03219,Sneha Tiwari,28,Female,74500,D01,2,No,2,2022-07-12
E03220,Megha Pillai,40,Female,54500,D04,3,No,8,2016-11-14
E03221,Roshni Gupta,37,Female,80000,D02,4,No,4,2020-08-07
E03222,Varun Dubey,31,Male,,D07,3,Yes,9,2015-05-27
E03223,Sameer Pawar,49,Male,118500,D01,4,No,3,2021-11-28
E03224,Reena Bhosale,52,Female,137500,D05,4,No,15,2009-04-17
E03225,Pooja Desai,38,Female,82500,D02,4,No,10,2014-08-28
E03226,Varun Verma,44,Male,74000,D06,3,No,5,2019-07-02
E03227,Ruchika Bhatt,52,Female,125500,D01,5,No,2,2022-11-28
E03228,Amol Iyer,37,Male,58000,D06,1,Yes,3,2021-04-19
E03229,Nandita Kaur,55,Female,100000,D03,5,No,3,2021-12-24
E03230,Deepika Malhotra,22,Female,47000,D03,1,Yes,0,2024-08-19
E03231,Poonam Thakur,29,Female,77000,D01,2,No,6,2018-05-02
E03232,Padmaja Kulkarni,39,Female,110500,D05,3,No,6,2018-01-08
E03233,Anil Pandey,40,Male,67000,D06,4,No,0,2024-05-09
E03234,Sanjay Mehta,50,Male,136000,D05,5,No,16,2008-04-26
E03235,Amit Patel,49,Male,69000,D04,5,No,16,2008-06-24
E03236,Ananya Shenoy,57,Female,90000,D06,4,Yes,10,2014-12-19
E03237,Abhijit Thakur,49,Male,124500,D01,5,No,10,2014-03-14
E03238,Divya Reddy,24,Female,51000,D02,2,No,3,2021-07-07
E03239,Ajay Mishra,47,Male,,D03,4,No,0,2024-04-01
E03240,Anita Singh,33,Female,53500,D06,1,No,3,2021-03-01
E03241,Megha Patel,57,Female,90500,D03,4,No,0,2024-05-05
E03242,Deepak Ghosh,55,Male,,D02,5,No,1,2023-05-17
E03243,Karan Mishra,41,Male,104000,D05,4,No,14,2010-04-17
E03244,Megha Kaur,55,Female,80000,D06,5,No,8,2016-12-11
E03245,Ashwin Patel,56,Male,111000,D02,5,No,4,2020-11-07
E03246,Ritu Kaur,44,Female,88000,D07,3,No,3,2021-09-11
E03247,Riddhi Kulkarni,55,Female,89500,D06,5,No,2,2022-06-11
E03248,Vinay Bhatt,43,Male,75500,D07,4,Yes,8,2016-12-17
E03249,Nilesh Agarwal,54,Male,136500,D05,4,Yes,3,2021-12-28
E03250,Sheetal Nambiar,40,Female,93500,D01,5,No,10,2014-01-15
E03251,Namita Dubey,35,Female,68000,D03,3,Yes,5,2019-09-17
E03252,Hemant Nair,50,Male,71000,D04,5,No,10,2014-05-15
E03253,Anita Thakur,58,Female,100000,D07,4,No,11,2013-05-23
E03254,Komal Kaur,37,Female,53500,D04,2,Yes,15,2009-10-02
E03255,Smita Dubey,40,Female,110500,D05,4,No,9,2015-10-23
E03256,Anil Bhatt,30,Male,,D02,2,No,9,2015-06-26
E03257,Smita Kaur,36,Female,70000,D03,4,No,0,2024-03-25
E03258,Lokesh Saxena,29,Male,49000,D07,3,No,2,2022-08-05
E03259,Bharat Thakur,29,Male,50500,D06,2,No,3,2021-05-04
E03260,Varun Agarwal,45,Male,79500,D03,4,No,7,2017-05-12
E03261,Roshni Iyer,29,Female,44000,D04,3,No,3,2021-04-12
E03262,Manasi Das,25,Female,73000,D05,1,No,4,2020-06-25
E03263,Arjun Das,48,Male,91500,D07,3,Yes,1,2023-05-07
E03264,Jyoti Tiwari,32,Female,81000,D01,2,Yes,11,2013-10-15
E03265,Ramesh Shukla,37,Male,61500,D07,2,No,13,2011-01-17
E03266,Poonam Verma,27,Female,65000,D01,2,Yes,2,2022-09-07
E03267,Gaurav Gupta,32,Male,43000,D04,3,No,0,2024-01-20
E03268,Vinay Bhatt,37,Male,53500,D04,4,No,1,2023-03-01
E03269,Madhuri Menon,26,Female,70500,D05,2,No,4,2020-04-17
E03270,Deepak Nambiar,50,Male,64500,D04,5,No,7,2017-12-09
E03271,Dinesh Das,27,Male,51500,D02,2,Yes,1,2023-12-25
E03272,Pallavi Jain,23,Female,41500,D03,3,No,2,2022-09-07
E03273,Manasi Patil,50,Female,135000,D05,5,No,10,2014-09-03
E03274,Anita Shukla,58,Female,112000,D02,5,No,12,2012-09-15
E03275,Archana Reddy,58,Female,150000,D05,5,No,10,2014-04-03
E03276,Poonam Nair,34,Female,86500,D05,2,No,0,2024-03-21
E03277,Anita Kaur,46,Female,60500,D04,4,No,16,2008-02-04
E03278,Ajay Joshi,39,Male,55000,D04,5,Yes,15,2009-03-06
E03279,Vandana Shenoy,39,Female,93500,D01,4,No,2,2022-04-17
E03280,Vrinda Das,37,Female,97500,D01,4,No,8,2016-06-11
E03281,Chetana Malhotra,47,Female,,D06,4,No,11,2013-08-17
E03282,Ruchika Kumar,30,Female,46500,D04,2,Yes,7,2017-11-14
E03283,Nitin Rao,32,Male,38500,D04,2,Yes,5,2019-07-04
E03284,Sunita Iyer,24,Female,56500,D01,2,No,1,2023-02-22
E03285,Ashwin Joshi,25,Male,48000,D02,1,No,0,2024-11-19
E03286,Varun Nambiar,45,Male,,D06,5,No,7,2017-04-11
E03287,Sameer Desai,34,Male,74000,D02,2,No,2,2022-12-19
E03288,Vandana Reddy,33,Female,61500,D07,3,No,10,2014-10-23
E03289,Chetan Shah,22,Male,35000,D04,2,Yes,0,2024-12-27
E03290,Manoj Jain,44,Male,66000,D04,5,No,9,2015-10-27
E03291,Ritu Chauhan,23,Female,38000,D06,2,No,1,2023-10-20
E03292,Sunil Das,34,Male,80500,D01,2,No,13,2011-01-21
E03293,Kavya Rao,24,Female,35000,D04,1,No,0,2024-10-25
E03294,Jyoti Kaur,51,Female,86000,D03,4,No,6,2018-08-04
E03295,Vikram Agarwal,37,Male,92500,D01,2,Yes,4,2020-08-10
E03296,Namita Bhat,24,Female,45000,D02,4,No,1,2023-07-03
E03297,Nitin Nair,38,Male,50000,D04,2,No,10,2014-06-05
E03298,Piyush Chauhan,25,Male,50500,D02,1,No,2,2022-02-01
E03299,Jyoti Pawar,24,Female,38500,D04,4,No,0,2024-06-15
E03300,Ajit Kulkarni,27,Male,49000,D07,2,Yes,3,2021-12-20
E03301,Vinay Rao,36,Male,90500,D01,2,No,11,2013-05-17
E03302,Nitin Pandey,52,Male,87500,D07,3,No,14,2010-10-10
E03303,Vikram Nair,39,Male,76500,D02,2,No,8,2016-07-24
E03304,Komal Mehta,58,Female,,D01,5,No,1,2023-05-03
E03305,Rupali Das,24,Female,42500,D07,2,Yes,0,2024-01-20
E03306,Vivek Nambiar,34,Male,59000,D07,3,No,0,2024-06-16
E03307,Aparna Singh,22,Female,65500,D05,3,No,1,2023-02-13
E03308,Ananya Nair,28,Female,52000,D07,2,Yes,0,2024-12-09
E03309,Chetan Rao,35,Male,62000,D06,3,No,9,2015-12-16
E03310,Gayatri Kulkarni,28,Female,40000,D04,2,Yes,7,2017-06-02
E03311,Ajit Yadav,37,Male,95000,D01,3,No,2,2022-01-22
E03312,Ramesh Ghosh,57,Male,109000,D02,4,No,2,2022-08-19
E03313,Sneha Kulkarni,38,Female,58000,D06,3,No,1,2023-07-12
E03314,Swati Pandey,58,Female,115000,D02,5,No,11,2013-08-01
E03315,Priya Yadav,38,Female,47500,D04,3,No,0,2024-08-18
E03316,Saurabh Mehta,32,Male,38500,D04,2,No,2,2022-11-22
E03317,Chetan Bhatt,54,Male,104000,D07,3,No,0,2024-12-04
E03318,Anil Sharma,26,Male,,D05,2,No,4,2020-01-27
E03319,Nikhil Pawar,47,Male,69000,D06,5,No,16,2008-01-12
E03320,Leena Pawar,53,Female,89000,D07,4,Yes,2,2022-05-22
E03321,Suresh Shah,58,Male,99000,D03,3,No,12,2012-05-14
E03322,Nandita Thakur,46,Female,77500,D06,4,Yes,3,2021-10-27
E03323,Tejas Thakur,47,Male,99500,D02,5,No,14,2010-05-24
E03324,Karan Pawar,44,Male,106000,D01,5,No,14,2010-12-09
E03325,Preeti Thakur,56,Female,136500,D01,4,No,4,2020-12-04
E03326,Vrinda Malhotra,37,Female,71000,D03,3,No,10,2014-11-18
E03327,Sejal Mehta,33,Female,52500,D03,1,Yes,12,2012-01-27
E03328,Roshni Yadav,29,Female,57000,D02,1,No,7,2017-02-19
E03329,Tejas Thakur,37,Male,52500,D06,2,No,6,2018-11-03
E03330,Sunil Bhat,55,Male,109500,D02,4,No,15,2009-06-08
E03331,Karan Joshi,39,Male,72500,D07,4,Yes,15,2009-05-16
E03332,Reena Kaur,34,Female,64000,D03,2,No,5,2019-02-15
E03333,Kartik Rao,27,Male,43000,D04,2,No,3,2021-09-14
E03334,Chetana Malhotra,45,Female,86500,D07,5,No,1,2023-06-11
E03335,Riddhi Yadav,27,Female,37500,D04,3,Yes,1,2023-02-05
E03336,Siddharth Patil,54,Male,77500,D06,4,Yes,2,2022-12-11
E03337,Divya Singh,39,Female,95000,D05,3,No,6,2018-07-19
E03338,Lakshmi Shukla,38,Female,71500,D02,2,No,3,2021-07-18
E03339,Manoj Roy,42,Male,65500,D03,2,No,12,2012-10-25
E03340,Anita Shah,25,Female,51000,D07,1,No,0,2024-01-10
E03341,Sunita Shukla,34,Female,,D03,1,No,13,2011-10-05
E03342,Sudhir Roy,48,Male,131500,D05,5,No,3,2021-04-05
E03343,Padmaja Tiwari,35,Female,89500,D05,1,Yes,12,2012-09-21
E03344,Sanjay Saxena,51,Male,87000,D03,5,No,1,2023-11-03
E03345,Lokesh Iyer,41,Male,82500,D07,4,Yes,10,2014-06-10
E03346,Vivek Pandey,38,Male,68500,D07,2,Yes,5,2019-03-22
E03347,Deepak Malhotra,37,Male,56500,D06,2,Yes,7,2017-05-13
E03348,Sunita Chauhan,25,Female,45000,D06,3,No,0,2024-07-02
E03349,Karan Malhotra,58,Male,103000,D07,4,Yes,3,2021-07-07
E03350,Amit Iyer,22,Male,45000,D02,2,No,1,2023-11-04
E03351,Amol Pandey,49,Male,88000,D03,5,No,2,2022-09-24
E03352,Rakesh Pillai,49,Male,63000,D04,3,No,0,2024-03-17
E03353,Varun Bhatt,42,Male,104000,D05,3,No,14,2010-11-20
E03354,Vinay Singh,43,Male,90000,D02,3,No,9,2015-10-06
E03355,Devendra Agarwal,32,Male,,D05,1,Yes,9,2015-05-17
E03356,Tejas Das,45,Male,74500,D06,3,Yes,12,2012-10-19
E03357,Tanvi Nair,22,Female,,D01,1,No,0,2024-12-01
E03358,Pratik Das,41,Male,62500,D06,4,No,13,2011-10-17
E03359,Rupali Kumar,56,Female,110500,D02,4,No,5,2019-10-04
E03360,Nandita Shah,48,Female,91000,D03,5,No,8,2016-12-21
E03361,Harish Mehta,57,Male,81000,D06,3,No,3,2021-02-07
E03362,Siddharth Bhat,56,Male,96500,D07,5,No,7,2017-05-06
E03363,Harish Desai,47,Male,101000,D02,3,No,12,2012-08-27
E03364,Nikhil Tiwari,37,Male,,D07,4,No,8,2016-03-08
E03365,Poornima Ghosh,23,Female,46500,D03,1,No,0,2024-10-24
E03366,Bharati Bhatt,47,Female,59500,D04,5,No,1,2023-09-23
E03367,Rohit Gupta,50,Male,76000,D06,4,Yes,5,2019-05-27
E03368,Ashwin Kumar,23,Male,42500,D06,2,No,2,2022-12-28
E03369,Ritu Mishra,39,Female,77000,D02,4,No,11,2013-05-03
E03370,Kartik Iyer,53,Male,95500,D07,4,No,7,2017-10-18
E03371,Chetan Menon,54,Male,135000,D05,5,No,12,2012-11-07
E03372,Jyoti Bhatt,55,Female,132500,D01,5,No,1,2023-05-06
E03373,Riddhi Rao,27,Female,74500,D05,2,No,4,2020-06-19
E03374,Rakesh Patel,34,Male,56000,D03,3,No,4,2020-12-15
E03375,Girish Chauhan,45,Male,113000,D01,4,No,9,2015-10-10
E03376,Preeti Mishra,51,Female,67500,D04,4,Yes,13,2011-12-14
E03377,Sunil Kaur,44,Male,109000,D01,4,No,8,2016-09-09
E03378,Reena Pandey,43,Female,100000,D01,4,No,6,2018-12-02
E03379,Kartik Nambiar,35,Male,,D06,3,No,5,2019-02-24
E03380,Vrinda Saxena,43,Female,107500,D01,4,No,7,2017-07-08
E03381,Sonal Verma,38,Female,93000,D01,1,No,7,2017-08-05
E03382,Deepika Bhosale,24,Female,38000,D06,3,Yes,1,2023-04-21
E03383,Meera Kulkarni,58,Female,101000,D07,4,No,11,2013-05-22
E03384,Manish Kumar,32,Male,50500,D04,2,No,5,2019-10-14
E03385,Rohit Patel,41,Male,113500,D05,5,No,6,2018-04-04
E03386,Ajay Singh,49,Male,81500,D06,5,Yes,10,2014-10-09
E03387,Sudhir Verma,37,Male,58500,D06,3,No,9,2015-09-12
E03388,Rohit Das,31,Male,48000,D03,1,Yes,4,2020-01-18
E03389,Meera Bhatt,57,Female,,D04,5,Yes,14,2010-11-26
E03390,Priya Reddy,30,Female,70500,D01,3,No,3,2021-11-10
E03391,Pallavi Joshi,28,Female,68000,D01,1,Yes,5,2019-02-28
E03392,Rohit Sharma,40,Male,93000,D01,2,No,3,2021-04-11
E03393,Ritu Singh,52,Female,102500,D07,4,No,4,2020-11-22
E03394,Sejal Bhosale,30,Female,43000,D06,3,No,7,2017-07-26
E03395,Vandana Shenoy,51,Female,66000,D04,5,No,15,2009-12-15
E03396,Leena Kumar,30,Female,51500,D07,2,No,9,2015-09-03
E03397,Vikram Jain,54,Male,66000,D04,4,Yes,1,2023-05-12
E03398,Deepika Patel,51,Female,,D07,5,No,7,2017-05-04
E03399,Riddhi Saxena,24,Female,51000,D02,3,No,0,2024-06-16
E03400,Ramesh Roy,42,Male,86500,D02,2,No,12,2012-12-05
E03401,Ramesh Patil,33,Male,40500,D04,2,No,10,2014-10-11
E03402,Manasi Bhosale,22,Female,45000,D02,3,No,1,2023-11-03
E03403,Lakshmi Singh,44,Female,80000,D03,4,No,11,2013-12-11
E03404,Saurabh Kulkarni,48,Male,63500,D04,5,No,16,2008-09-18
E03405,Suresh Gupta,24,Male,42000,D04,1,Yes,1,2023-11-22
E03406,Vrinda Kumar,29,Female,49000,D07,3,No,4,2020-07-04
E03407,Mohit Shah,23,Male,38000,D06,2,No,2,2022-07-14
E03408,Swati Bhatt,30,Female,53000,D07,3,No,4,2020-08-02
E03409,Manish Verma,29,Male,77000,D05,2,No,7,2017-01-08
E03410,Trupti Agarwal,36,Female,71000,D07,3,No,0,2024-08-08
E03411,Trupti Desai,25,Female,,D07,4,No,0,2024-05-26
E03412,Padmaja Shukla,54,Female,141500,D05,5,No,4,2020-05-13
E03413,Madhuri Mehta,28,Female,42000,D06,2,No,0,2024-02-17
E03414,Aakash Desai,44,Male,68000,D06,4,Yes,11,2013-02-17
E03415,Tushar Singh,23,Male,45000,D02,1,No,0,2024-08-09
E03416,Chetana Chauhan,40,Female,105500,D01,3,Yes,10,2014-04-13
E03417,Tejas Mehta,26,Male,46500,D07,1,No,2,2022-02-21
E03418,Sameer Joshi,23,Male,35000,D04,3,No,1,2023-02-08
E03419,Ashwin Joshi,33,Male,84000,D01,3,No,4,2020-05-06
E03420,Amit Thakur,34,Male,86500,D05,3,No,10,2014-03-11
E03421,Rakesh Tiwari,58,Male,,D06,4,No,9,2015-05-24
E03422,Ruchika Tiwari,35,Female,54000,D04,5,No,12,2012-06-18
E03423,Deepa Roy,28,Female,56000,D03,3,Yes,4,2020-01-06
E03424,Reena Rao,44,Female,108000,D05,5,No,6,2018-11-24
E03425,Varun Verma,53,Male,84500,D03,4,No,15,2009-12-22
E03426,Megha Thakur,38,Female,75000,D07,3,No,9,2015-03-12
E03427,Poornima Desai,40,Female,,D07,3,No,8,2016-10-13
E03428,Sheetal Singh,25,Female,35000,D04,3,No,3,2021-10-18
E03429,Ritu Bhosale,45,Female,80000,D07,4,No,6,2018-08-15
E03430,Poonam Agarwal,46,Female,,D01,2,No,3,2021-03-04
E03431,Ashwin Desai,44,Male,65000,D06,4,Yes,13,2011-01-03
E03432,Harish Desai,51,Male,122500,D01,4,No,4,2020-07-05
E03433,Sheetal Pillai,29,Female,46500,D06,2,No,0,2024-04-05
E03434,Neha Dubey,54,Female,136000,D05,5,No,8,2016-03-15
E03435,Anil Patel,53,Male,144500,D05,5,No,8,2016-10-14
E03436,Vandana Shukla,44,Female,,D07,4,No,16,2008-02-06
E03437,Chetana Nair,50,Female,72000,D06,5,No,16,2008-04-05
E03438,Pranav Reddy,35,Male,55500,D04,4,No,10,2014-03-16
E03439,Vandana Verma,39,Female,91500,D01,2,Yes,12,2012-06-22
E03440,Sudhir Patel,29,Male,69500,D01,3,No,0,2024-03-23
E03441,Vikram Chauhan,40,Male,66500,D06,3,No,10,2014-10-12
E03442,Saurabh Nambiar,53,Male,74500,D04,5,No,8,2016-03-07
E03443,Sameer Bhosale,34,Male,60000,D06,2,Yes,2,2022-12-15
E03444,Aakash Mishra,29,Male,,D01,2,No,2,2022-07-01
E03445,Sameer Desai,55,Male,75000,D04,5,Yes,12,2012-06-07
E03446,Neha Mehta,23,Female,40000,D03,2,Yes,0,2024-09-19
E03447,Hemant Yadav,45,Male,109000,D01,4,No,6,2018-04-15
E03448,Pratik Chauhan,34,Male,67500,D03,4,Yes,1,2023-12-10
E03449,Rakesh Bhosale,45,Male,,D05,4,No,0,2024-09-05
E03450,Tushar Nair,33,Male,82000,D01,1,Yes,10,2014-11-16
E03451,Namita Iyer,37,Female,100000,D05,3,No,10,2014-10-14
E03452,Archana Shukla,55,Female,,D06,4,No,11,2013-02-15
E03453,Sanjay Sharma,57,Male,148500,D05,3,No,1,2023-07-28
E03454,Ruchika Sharma,32,Female,63500,D07,4,Yes,4,2020-02-08
E03455,Vrinda Mishra,55,Female,90000,D06,5,No,15,2009-06-11
E03456,Sudha Shah,41,Female,64500,D03,4,No,9,2015-10-27
E03457,Archana Agarwal,47,Female,93000,D02,5,Yes,5,2019-09-14
E03458,Riddhi Joshi,24,Female,48500,D03,2,No,1,2023-11-18
E03459,Shruti Nair,28,Female,48000,D04,1,Yes,6,2018-05-22
E03460,Nisha Bhatt,46,Female,58000,D04,5,No,1,2023-08-18
E03461,Sudha Das,45,Female,,D05,3,No,14,2010-05-20
E03462,Leena Nair,49,Female,92500,D03,5,No,2,2022-09-15
E03463,Megha Bhosale,52,Female,119000,D01,4,No,5,2019-05-19
E03464,Namita Dubey,55,Female,,D02,5,No,8,2016-04-15
E03465,Tushar Kaur,34,Male,46000,D04,2,Yes,1,2023-09-27
E03466,Aparna Kaur,30,Female,49000,D07,1,No,3,2021-11-24
E03467,Kavya Nair,45,Female,,D04,4,Yes,15,2009-03-03
E03468,Leena Das,58,Female,100000,D03,4,No,3,2021-06-08
E03469,Gayatri Verma,22,Female,61000,D05,3,No,0,2024-06-16
E03470,Ajit Reddy,23,Male,53500,D02,4,No,1,2023-02-27
E03471,Poonam Pillai,30,Female,80500,D05,4,No,5,2019-07-24
E03472,Sonal Malhotra,23,Female,39500,D06,1,Yes,0,2024-07-02
E03473,Neha Patil,50,Female,114000,D01,3,No,8,2016-12-19
E03474,Sheetal Pillai,46,Female,119000,D05,4,No,2,2022-11-24
E03475,Roshni Iyer,27,Female,55000,D03,3,No,3,2021-12-16
E03476,Smita Das,49,Female,59000,D04,4,No,16,2008-03-10
E03477,Divya Pawar,54,Female,100000,D03,4,No,7,2017-11-03
E03478,Lakshmi Nambiar,35,Female,53000,D06,1,Yes,10,2014-10-06
E03479,Vinay Kaur,55,Male,105000,D07,5,Yes,5,2019-02-11
E03480,Tejas Joshi,22,Male,44000,D03,4,No,1,2023-09-09
E03481,Meera Thakur,39,Female,99000,D01,4,Yes,14,2010-11-23
E03482,Vinay Patel,28,Male,45000,D04,3,No,4,2020-06-15
E03483,Sejal Bhat,45,Female,82000,D07,5,No,13,2011-07-13
E03484,Ritu Sharma,54,Female,88500,D06,5,No,10,2014-11-05
E03485,Rohit Pawar,45,Male,106000,D01,3,No,16,2008-08-17
E03486,Abhijit Thakur,41,Male,62000,D06,4,No,4,2020-03-01
E03487,Nitin Dubey,32,Male,90500,D05,3,No,8,2016-08-26
E03488,Ananya Singh,46,Female,84000,D07,5,No,4,2020-05-14
E03489,Pranav Patel,38,Male,69000,D02,3,No,6,2018-02-18
E03490,Ajay Verma,27,Male,74000,D01,3,No,0,2024-09-09
E03491,Ruchika Kulkarni,53,Female,,D03,4,No,4,2020-12-10
E03492,Mohit Pillai,48,Male,124500,D05,4,No,8,2016-06-15
E03493,Sudha Roy,34,Female,55500,D06,3,No,7,2017-12-03
E03494,Archana Bhatt,37,Female,,D06,2,No,11,2013-12-24
E03495,Sunil Ghosh,24,Male,38000,D06,1,No,0,2024-12-14
E03496,Bharati Chauhan,48,Female,83000,D06,4,No,5,2019-10-07
E03497,Ritu Bhatt,55,Female,97500,D07,4,No,3,2021-08-19
E03498,Aakash Sharma,30,Male,57000,D06,3,No,7,2017-02-20
E03499,Sonal Joshi,22,Female,46000,D02,4,Yes,1,2023-03-04
E03500,Bharati Kumar,58,Female,140000,D01,5,No,8,2016-06-24
E03501,Manasi Iyer,31,Female,70000,D01,2,No,6,2018-06-14
E03502,Rakesh Mishra,24,Male,60000,D05,1,Yes,2,2022-04-24
E03503,Mohit Sharma,37,Male,93000,D01,4,No,15,2009-06-11
E03504,Meera Jain,32,Female,,D01,1,No,4,2020-09-10
E03505,Smita Sharma,35,Female,63000,D06,3,No,3,2021-03-17
E03506,Sneha Joshi,38,Female,58500,D03,1,No,9,2015-04-03
E03507,Hemant Shenoy,33,Male,69500,D02,2,No,5,2019-12-23
E03508,Poornima Rao,53,Female,67500,D04,4,No,10,2014-05-15
E03509,Shweta Pandey,42,Female,74500,D03,5,No,3,2021-05-15
E03510,Nisha Pandey,37,Female,93000,D05,1,No,4,2020-10-09
E03511,Siddharth Singh,28,Male,63000,D02,2,Yes,4,2020-04-21
E03512,Deepika Iyer,40,Female,,D07,4,No,15,2009-04-07
E03513,Amol Dubey,24,Male,48500,D02,1,No,0,2024-12-20
E03514,Vinay Thakur,42,Male,,D04,3,No,2,2022-05-26
E03515,Gaurav Gupta,47,Male,88500,D07,2,No,10,2014-10-03
E03516,Piyush Desai,35,Male,46000,D04,3,No,4,2020-05-07
E03517,Reena Patel,38,Female,70500,D02,2,Yes,0,2024-11-02
E03518,Shruti Das,37,Female,59500,D03,3,No,14,2010-09-02
E03519,Rupali Tiwari,52,Female,,D01,5,No,6,2018-04-18
E03520,Karan Bhatt,35,Male,65000,D06,4,No,2,2022-06-17
E03521,Ruchika Agarwal,47,Female,82500,D03,3,No,13,2011-02-16
E03522,Ajay Agarwal,39,Male,70500,D07,4,No,6,2018-04-06
E03523,Madhuri Agarwal,26,Female,43500,D03,2,Yes,5,2019-07-24
E03524,Sunil Kumar,54,Male,87000,D03,5,No,15,2009-07-19
E03525,Reena Nambiar,42,Female,75500,D07,5,No,0,2024-01-26
E03526,Nilesh Rao,50,Male,75500,D06,4,No,4,2020-03-19
E03527,Aakash Sharma,58,Male,110000,D02,5,No,4,2020-06-03
E03528,Sonal Pillai,51,Female,74000,D06,4,No,7,2017-08-13
E03529,Pallavi Reddy,25,Female,53000,D02,1,No,3,2021-01-18
E03530,Manish Verma,34,Male,62500,D03,3,No,12,2012-03-10
E03531,Amol Thakur,24,Male,,D01,3,No,2,2022-10-13
E03532,Chetana Kaur,43,Female,87500,D02,4,No,1,2023-09-15
E03533,Sejal Pawar,47,Female,66000,D04,5,No,0,2024-01-15
E03534,Gayatri Dubey,41,Female,66500,D06,4,No,7,2017-07-22
E03535,Megha Kulkarni,48,Female,119500,D05,4,No,11,2013-12-01
E03536,Divya Yadav,52,Female,89500,D07,5,No,12,2012-07-19
E03537,Sunil Malhotra,32,Male,42000,D04,3,No,10,2014-05-23
E03538,Tushar Singh,39,Male,49000,D04,2,No,6,2018-11-22
E03539,Manasi Bhat,28,Female,67000,D01,3,No,1,2023-05-20
E03540,Deepika Bhat,32,Female,90500,D05,3,No,8,2016-07-25
E03541,Archana Menon,39,Female,70000,D03,3,No,8,2016-01-25
E03542,Pooja Kulkarni,49,Female,131000,D05,3,No,10,2014-07-26
E03543,Ajit Patil,28,Male,71000,D05,2,Yes,0,2024-02-13
E03544,Nikhil Reddy,53,Male,71500,D04,5,Yes,7,2017-11-20
E03545,Pranav Verma,26,Male,35000,D04,2,Yes,0,2024-09-25
E03546,Kartik Shah,45,Male,85500,D02,4,No,2,2022-04-08
E03547,Rakesh Kumar,40,Male,65500,D07,2,Yes,5,2019-02-06
E03548,Poornima Iyer,24,Female,42000,D07,3,No,1,2023-10-12
E03549,Hemant Bhosale,53,Male,,D06,5,Yes,12,2012-10-23
E03550,Devendra Kaur,27,Male,38500,D04,4,Yes,6,2018-06-27
E03551,Pallavi Kulkarni,37,Female,60500,D03,2,Yes,16,2008-08-04
E03552,Pallavi Bhatt,29,Female,71000,D01,2,Yes,0,2024-12-23
E03553,Vikram Desai,25,Male,64500,D01,3,Yes,1,2023-11-24
E03554,Bharat Yadav,29,Male,,D02,2,No,3,2021-03-04
E03555,Gaurav Desai,26,Male,66000,D05,3,No,1,2023-11-24
E03556,Ashwin Nair,24,Male,45000,D02,2,No,1,2023-02-04
E03557,Manoj Reddy,32,Male,46000,D04,3,Yes,10,2014-01-04
E03558,Manish Bhatt,51,Male,98500,D07,5,Yes,13,2011-12-05
E03559,Preeti Das,47,Female,82000,D07,3,Yes,5,2019-07-15
E03560,Pooja Chauhan,43,Female,,D02,2,No,0,2024-05-22
E03561,Riddhi Kumar,25,Female,40000,D06,3,Yes,0,2024-08-11
E03562,Divya Shenoy,40,Female,62000,D04,3,No,15,2009-08-02
E03563,Archana Pawar,25,Female,38000,D06,2,Yes,4,2020-11-24
E03564,Trupti Agarwal,24,Female,50500,D03,3,Yes,1,2023-06-11
E03565,Saurabh Menon,51,Male,,D06,4,Yes,14,2010-04-24
E03566,Nikhil Sharma,45,Male,103000,D01,3,Yes,5,2019-02-27
E03567,Rupali Verma,26,Female,72000,D05,1,Yes,0,2024-06-01
E03568,Rakesh Chauhan,39,Male,79500,D07,3,Yes,15,2009-02-24
E03569,Padmaja Yadav,49,Female,128500,D05,5,No,12,2012-04-21
E03570,Deepa Malhotra,23,Female,44000,D03,1,Yes,1,2023-09-22
E03571,Vinay Singh,29,Male,76000,D01,2,No,4,2020-06-23
E03572,Manasi Kumar,43,Female,82000,D02,3,Yes,12,2012-12-01
E03573,Saurabh Bhatt,41,Male,65000,D03,3,Yes,15,2009-08-25
E03574,Chetan Sharma,38,Male,59000,D06,2,Yes,7,2017-05-15
E03575,Sunil Pillai,31,Male,78500,D01,3,No,5,2019-11-19
E03576,Neha Thakur,54,Female,65500,D04,5,No,14,2010-03-20
E03577,Aparna Chauhan,23,Female,50500,D02,3,No,1,2023-01-27
E03578,Preeti Dubey,55,Female,99500,D03,4,Yes,12,2012-05-18
E03579,Sunil Bhat,44,Male,91500,D02,4,No,7,2017-10-03
E03580,Divya Nair,52,Female,101000,D02,4,Yes,7,2017-04-28
E03581,Karan Shah,48,Male,59000,D04,3,Yes,7,2017-05-25
E03582,Ashwin Bhat,34,Male,66500,D03,4,No,11,2013-06-06
E03583,Lakshmi Reddy,34,Female,59500,D03,2,No,0,2024-05-09
E03584,Megha Jain,40,Female,73500,D02,2,No,2,2022-02-15
E03585,Poornima Agarwal,32,Female,65000,D07,2,Yes,1,2023-11-18
E03586,Gayatri Patil,54,Female,137500,D01,5,No,11,2013-02-06
E03587,Sejal Pawar,33,Female,61000,D03,2,No,6,2018-05-06
E03588,Rajesh Malhotra,35,Male,57000,D03,2,No,10,2014-10-20
E03589,Ashwin Patil,22,Male,,D01,2,No,1,2023-02-09
E03590,Mohit Chauhan,58,Male,115000,D02,5,No,7,2017-01-11
E03591,Tanvi Pillai,26,Female,68500,D01,2,No,4,2020-02-05
E03592,Amit Chauhan,56,Male,90000,D06,4,Yes,12,2012-03-10
E03593,Mohit Nambiar,22,Male,35000,D04,1,No,1,2023-02-24
E03594,Neha Malhotra,41,Female,101000,D05,5,No,4,2020-02-17
E03595,Lokesh Pandey,22,Male,,D04,2,Yes,1,2023-08-03
E03596,Sunil Sharma,30,Male,,D06,1,Yes,1,2023-07-02
E03597,Divya Shenoy,56,Female,,D04,4,No,16,2008-04-21
E03598,Pooja Desai,57,Female,92500,D03,4,No,11,2013-01-28
E03599,Deepika Desai,32,Female,86000,D01,2,No,0,2024-11-03
E03600,Shruti Sharma,52,Female,109000,D02,5,No,15,2009-03-08
E03601,Reena Thakur,32,Female,88500,D05,3,No,5,2019-12-20
E03602,Trupti Chauhan,49,Female,104000,D02,5,No,15,2009-12-25
E03603,Tanvi Pawar,52,Female,134500,D05,4,No,6,2018-07-15
E03604,Vikram Thakur,35,Male,89000,D05,1,Yes,11,2013-11-18
E03605,Vinay Singh,37,Male,73000,D03,5,No,13,2011-12-01
E03606,Archana Ghosh,49,Female,69000,D06,3,No,13,2011-04-12
E03607,Girish Tiwari,27,Male,45500,D07,2,Yes,0,2024-01-03
E03608,Lokesh Saxena,40,Male,,D01,3,No,0,2024-03-28
E03609,Nandita Rao,42,Female,55500,D04,4,No,7,2017-06-06
E03610,Sejal Kaur,43,Female,110000,D01,5,No,14,2010-12-14
E03611,Leena Rao,53,Female,92500,D07,4,Yes,11,2013-12-24
E03612,Komal Shenoy,40,Female,54500,D04,4,No,1,2023-02-22
E03613,Tushar Kaur,33,Male,84000,D05,3,No,9,2015-11-25
E03614,Pratik Bhat,53,Male,95000,D03,5,No,1,2023-03-02
E03615,Saurabh Sharma,25,Male,64000,D05,3,No,0,2024-06-19
E03616,Sudha Tiwari,52,Female,85500,D03,5,No,10,2014-02-23
E03617,Gayatri Patil,43,Female,88000,D02,3,No,9,2015-07-03
E03618,Mohit Singh,54,Male,87500,D03,4,No,0,2024-07-26
E03619,Manoj Dubey,53,Male,137500,D05,5,No,6,2018-08-05
E03620,Hemant Reddy,54,Male,127500,D01,3,Yes,3,2021-12-20
E03621,Deepa Patil,34,Female,67000,D07,1,No,12,2012-11-08
E03622,Manoj Saxena,37,Male,54500,D04,3,Yes,13,2011-01-22
E03623,Aakash Rao,52,Male,136000,D05,5,No,1,2023-12-06
E03624,Vrinda Nambiar,53,Female,74500,D04,5,No,14,2010-08-08
E03625,Pallavi Mishra,44,Female,74000,D03,5,No,1,2023-04-09
E03626,Preeti Mishra,29,Female,78500,D01,3,No,0,2024-03-13
E03627,Karan Roy,30,Male,64000,D02,4,Yes,3,2021-04-21
E03628,Dinesh Kulkarni,42,Male,77500,D03,3,No,0,2024-08-01
E03629,Priya Ghosh,50,Female,90500,D03,5,No,3,2021-06-21
E03630,Roshni Menon,28,Female,49500,D04,3,Yes,4,2020-09-08
E03631,Neha Singh,33,Female,84000,D05,2,No,0,2024-07-19
E03632,Hemant Gupta,32,Male,,D02,2,No,5,2019-09-20
E03633,Rupali Iyer,56,Female,97500,D03,5,No,2,2022-10-22
E03634,Nandita Mishra,27,Female,43500,D04,2,No,5,2019-06-20
E03635,Tanvi Bhat,40,Female,,D03,3,No,8,2016-06-05
E03636,Ashwin Menon,41,Male,70000,D07,2,No,16,2008-07-16
E03637,Rohit Das,52,Male,94500,D07,5,No,11,2013-01-04
E03638,Amit Shukla,36,Male,50500,D04,4,No,4,2020-11-11
E03639,Karan Saxena,26,Male,39500,D04,3,Yes,5,2019-01-27
E03640,Ananya Patil,28,Female,35500,D04,1,No,3,2021-11-10
E03641,Lokesh Jain,44,Male,56500,D04,3,Yes,5,2019-08-12
E03642,Nikhil Shenoy,47,Male,66000,D04,5,No,16,2008-06-03
E03643,Madhuri Das,26,Female,44500,D03,3,No,5,2019-08-04
E03644,Pooja Nambiar,48,Female,126500,D05,3,No,9,2015-01-19
E03645,Manasi Sharma,43,Female,119000,D05,4,No,11,2013-06-04
E03646,Tejas Kaur,43,Male,53500,D04,5,No,5,2019-03-09
E03647,Shruti Dubey,47,Female,116000,D01,4,No,4,2020-02-05
E03648,Jyoti Ghosh,53,Female,134500,D05,5,No,16,2008-08-19
E03649,Komal Pillai,27,Female,71500,D05,1,No,1,2023-01-12
E03650,Lokesh Yadav,33,Male,71000,D02,1,Yes,5,2019-10-24
E03651,Nikhil Chauhan,40,Male,56500,D04,4,No,0,2024-02-16
E03652,Vinay Das,49,Male,97000,D02,4,No,0,2024-09-12
E03653,Swati Iyer,34,Female,82000,D01,2,No,3,2021-06-14
E03654,Smita Bhat,40,Female,84500,D02,3,No,16,2008-05-26
E03655,Tejas Menon,52,Male,95500,D02,4,Yes,6,2018-03-10
E03656,Megha Tiwari,30,Female,53500,D06,2,Yes,3,2021-06-27
E03657,Rahul Patil,56,Male,138500,D01,5,No,13,2011-11-23
E03658,Ritu Kumar,57,Female,93500,D03,3,No,2,2022-12-04
E03659,Abhijit Pawar,23,Male,51000,D07,2,No,0,2024-11-13
E03660,Poornima Iyer,54,Female,133000,D01,5,No,7,2017-03-14
E03661,Priya Pillai,34,Female,55500,D06,1,No,9,2015-01-23
E03662,Vivek Pawar,45,Male,87500,D02,3,No,6,2018-11-24
E03663,Ritu Malhotra,43,Female,57500,D04,3,No,3,2021-10-21
E03664,Karan Thakur,47,Male,122000,D05,3,No,1,2023-08-26
E03665,Swati Agarwal,40,Female,74500,D07,3,No,2,2022-09-12
E03666,Sudhir Das,32,Male,85500,D01,1,No,11,2013-02-11
E03667,Anita Yadav,27,Female,53500,D02,3,No,5,2019-02-14
E03668,Sudhir Menon,30,Male,57000,D06,2,Yes,6,2018-02-27
E03669,Nikhil Yadav,41,Male,113500,D05,3,No,8,2016-10-25
E03670,Komal Tiwari,51,Female,73000,D04,5,Yes,13,2011-07-03
E03671,Ruchika Pandey,23,Female,48000,D07,3,No,0,2024-12-19
E03672,Komal Malhotra,54,Female,101500,D02,5,No,6,2018-10-23
E03673,Lokesh Sharma,29,Male,82500,D05,3,Yes,4,2020-02-05
E03674,Trupti Rao,48,Female,120000,D01,3,No,16,2008-08-18
E03675,Arjun Rao,35,Male,100000,D05,1,No,8,2016-02-03
E03676,Shruti Chauhan,49,Female,97000,D02,4,No,5,2019-01-07
E03677,Lokesh Thakur,48,Male,56000,D04,4,No,14,2010-11-04
E03678,Vrinda Agarwal,34,Female,88500,D05,2,No,7,2017-08-02
E03679,Rohit Bhat,38,Male,63000,D06,5,No,0,2024-10-24
E03680,Komal Patil,25,Female,45000,D07,2,Yes,4,2020-09-14
E03681,Suresh Joshi,33,Male,53000,D04,2,No,6,2018-03-11
E03682,Rakesh Gupta,58,Male,100000,D03,5,No,1,2023-05-01
E03683,Nandita Bhosale,22,Female,,D01,1,No,0,2024-10-22
E03684,Manoj Das,42,Male,72000,D03,4,No,14,2010-12-08
E03685,Sejal Yadav,36,Female,68000,D07,2,Yes,1,2023-09-20
E03686,Sudha Ghosh,53,Female,129000,D01,4,Yes,7,2017-03-04
E03687,Poonam Iyer,44,Female,63000,D06,4,Yes,3,2021-02-19
E03688,Komal Sharma,58,Female,94500,D03,4,No,9,2015-02-27
E03689,Shailesh Rao,30,Male,61500,D02,3,No,8,2016-12-15
E03690,Ananya Ghosh,32,Female,63500,D07,3,No,8,2016-10-11
E03691,Sneha Reddy,58,Female,150000,D05,5,No,15,2009-09-07
E03692,Arjun Kulkarni,28,Male,70000,D05,3,No,6,2018-04-06
E03693,Vandana Sharma,33,Female,51500,D04,1,Yes,6,2018-04-17
E03694,Jyoti Patel,57,Female,92500,D03,5,Yes,7,2017-04-27
E03695,Deepa Pandey,50,Female,90500,D07,3,Yes,12,2012-08-16
E03696,Deepak Gupta,36,Male,,D01,3,No,4,2020-09-15
E03697,Ajay Sharma,35,Male,41500,D04,2,Yes,6,2018-08-16
E03698,Mohit Dubey,52,Male,,D06,4,No,5,2019-07-11
E03699,Sheetal Yadav,48,Female,71500,D04,3,No,8,2016-12-12
E03700,Namita Iyer,44,Female,63000,D04,4,No,9,2015-05-22
E03701,Ritu Nambiar,58,Female,,D01,5,No,3,2021-09-12
E03702,Sunil Bhatt,52,Male,108000,D02,4,No,7,2017-09-28
E03703,Vrinda Gupta,45,Female,112000,D01,5,No,13,2011-09-01
E03704,Rohit Kaur,36,Male,62500,D03,1,No,10,2014-12-02
E03705,Deepa Patil,41,Female,69500,D06,4,No,11,2013-07-07
E03706,Ajay Saxena,45,Male,86500,D02,3,No,10,2014-08-02
E03707,Sonal Chauhan,55,Female,80000,D06,5,No,12,2012-04-18
E03708,Mohit Nair,51,Male,121500,D01,5,No,3,2021-11-17
E03709,Reena Bhosale,38,Female,51500,D04,2,Yes,5,2019-04-21
E03710,Poornima Shenoy,50,Female,97500,D07,3,No,5,2019-07-17
E03711,Pratik Nair,33,Male,55500,D06,3,No,4,2020-02-25
E03712,Nikhil Das,22,Male,49500,D07,2,No,1,2023-03-12
E03713,Sudhir Thakur,39,Male,66500,D03,2,Yes,8,2016-02-27
E03714,Aakash Desai,22,Male,61500,D01,2,Yes,0,2024-06-13
E03715,Anil Chauhan,34,Male,63000,D03,2,No,4,2020-10-01
E03716,Smita Malhotra,28,Female,47000,D04,1,Yes,6,2018-11-05
E03717,Deepa Kulkarni,48,Female,101500,D02,4,No,13,2011-09-11
E03718,Gayatri Singh,55,Female,105000,D07,5,No,5,2019-04-01
E03719,Manoj Dubey,40,Male,,D04,3,Yes,6,2018-07-07
E03720,Gayatri Gupta,28,Female,36000,D04,3,Yes,6,2018-03-17
E03721,Pallavi Dubey,25,Female,,D05,2,Yes,2,2022-11-16
E03722,Rajesh Rao,24,Male,56500,D02,4,Yes,0,2024-01-23
E03723,Roshni Iyer,31,Female,79000,D05,1,No,5,2019-06-10
E03724,Leena Shukla,46,Female,86500,D02,4,No,11,2013-02-25
E03725,Pooja Gupta,46,Female,77500,D06,5,No,13,2011-12-02
E03726,Priya Agarwal,48,Female,117500,D05,4,No,3,2021-08-09
E03727,Shailesh Ghosh,30,Male,50000,D03,2,No,1,2023-01-14
E03728,Poornima Rao,31,Female,75500,D01,1,No,5,2019-01-28
E03729,Ramesh Kulkarni,58,Male,,D02,5,Yes,8,2016-12-09
E03730,Devendra Sharma,51,Male,,D07,3,No,16,2008-06-01
E03731,Bharati Verma,49,Female,64500,D04,3,No,3,2021-05-18
E03732,Girish Patel,38,Male,54000,D04,4,Yes,10,2014-06-09
E03733,Bharat Kaur,33,Male,,D02,4,No,12,2012-03-17
E03734,Karan Das,44,Male,81500,D02,2,No,14,2010-07-18
E03735,Divya Pandey,24,Female,43000,D07,2,No,0,2024-08-24
E03736,Vivek Dubey,40,Male,73000,D02,1,Yes,7,2017-12-25
E03737,Sunita Dubey,47,Female,,D07,4,No,7,2017-09-08
E03738,Tushar Bhat,44,Male,72000,D03,4,No,8,2016-03-27
E03739,Sanjay Rao,23,Male,61000,D05,1,No,2,2022-05-27
E03740,Kartik Gupta,54,Male,98500,D03,5,No,0,2024-06-02
E03741,Trupti Shah,43,Female,105000,D05,3,No,10,2014-02-18
E03742,Karan Shukla,25,Male,,D04,2,Yes,2,2022-05-16
E03743,Tushar Mehta,53,Male,97500,D03,5,No,0,2024-01-07
E03744,Madhuri Bhat,43,Female,75500,D06,3,No,15,2009-04-16
E03745,Priya Malhotra,30,Female,59000,D02,3,No,6,2018-12-02
E03746,Nisha Nair,22,Female,60000,D05,2,Yes,0,2024-04-14
E03747,Ritu Roy,40,Female,,D01,4,No,6,2018-10-08
E03748,Nandita Pandey,52,Female,66500,D04,4,Yes,4,2020-12-14
E03749,Tejas Shah,49,Male,96000,D02,4,Yes,15,2009-09-03
E03750,Ajay Pandey,37,Male,50000,D04,3,No,8,2016-03-20
E03751,Rahul Reddy,44,Male,,D02,4,No,11,2013-03-24
E03752,Preeti Iyer,57,Female,103000,D07,5,Yes,7,2017-05-23
E03753,Sonal Saxena,51,Female,85000,D03,5,No,15,2009-04-22
E03754,Sejal Kaur,24,Female,64000,D05,3,No,3,2021-09-03
E03755,Sudha Chauhan,50,Female,101500,D02,5,No,12,2012-02-25
E03756,Sneha Pandey,52,Female,,D02,5,Yes,12,2012-09-28
E03757,Bharat Mehta,53,Male,90500,D03,4,No,8,2016-04-02
E03758,Rakesh Das,54,Male,73500,D04,5,No,14,2010-02-22
E03759,Lokesh Tiwari,54,Male,,D04,4,Yes,7,2017-07-08
E03760,Padmaja Shenoy,48,Female,71000,D04,4,No,3,2021-03-13
E03761,Chetan Nair,29,Male,64500,D02,3,No,7,2017-09-20
E03762,Rajesh Yadav,26,Male,76500,D05,2,Yes,3,2021-01-21
E03763,Smita Pillai,51,Female,75500,D06,3,No,1,2023-12-26
E03764,Manoj Tiwari,45,Male,116000,D05,4,No,15,2009-01-16
E03765,Sunita Shenoy,28,Female,,D03,1,No,4,2020-01-01
E03766,Smita Nambiar,24,Female,,D02,2,No,0,2024-01-24
E03767,Divya Kaur,48,Female,129000,D05,5,No,5,2019-03-24
E03768,Swati Bhosale,35,Female,53000,D06,2,No,4,2020-10-23
E03769,Kavya Dubey,52,Female,76500,D06,4,No,13,2011-07-21
E03770,Deepika Bhosale,57,Female,90000,D06,5,No,7,2017-11-16
E03771,Preeti Kaur,31,Female,57500,D03,2,No,9,2015-01-26
E03772,Preeti Bhat,22,Female,44500,D07,4,No,0,2024-08-10
E03773,Siddharth Ghosh,25,Male,59000,D01,2,No,0,2024-04-04
E03774,Swati Chauhan,22,Female,35000,D04,4,No,0,2024-08-19
E03775,Roshni Reddy,42,Female,101000,D01,4,No,9,2015-03-23
E03776,Ajit Agarwal,35,Male,93500,D05,4,No,10,2014-02-16
E03777,Saurabh Gupta,31,Male,48500,D06,2,No,4,2020-04-03
E03778,Sunil Das,41,Male,52500,D04,2,No,15,2009-03-11
E03779,Deepika Menon,24,Female,38000,D06,2,No,3,2021-10-01
E03780,Ananya Iyer,47,Female,110000,D01,4,No,8,2016-01-23
E03781,Harish Singh,49,Male,64000,D04,3,Yes,13,2011-07-11
E03782,Mohit Menon,29,Male,54000,D06,2,Yes,6,2018-10-09
E03783,Meera Bhosale,57,Female,,D06,4,No,11,2013-09-03
E03784,Padmaja Rao,33,Female,76500,D01,2,No,6,2018-08-28
E03785,Sheetal Mishra,43,Female,,D07,3,Yes,4,2020-07-04
E03786,Trupti Thakur,53,Female,126000,D01,3,No,5,2019-10-12
E03787,Sheetal Patel,30,Female,51000,D07,2,No,5,2019-11-19
E03788,Poonam Iyer,42,Female,108500,D05,3,Yes,4,2020-07-08
E03789,Varun Mishra,26,Male,40000,D03,3,No,3,2021-10-28
E03790,Tushar Kulkarni,38,Male,97500,D05,4,No,6,2018-02-27
E03791,Ruchika Kulkarni,23,Female,38000,D06,3,Yes,2,2022-08-14
E03792,Sejal Patel,47,Female,85000,D03,3,No,12,2012-02-11
E03793,Neha Nair,31,Female,68500,D02,2,No,10,2014-05-25
E03794,Suresh Jain,55,Male,79500,D06,4,No,5,2019-10-24
E03795,Ramesh Shenoy,38,Male,75500,D02,3,No,9,2015-09-22
E03796,Nikhil Bhat,54,Male,130500,D01,3,No,7,2017-01-24
E03797,Varun Das,24,Male,,D05,2,No,2,2022-01-07
E03798,Chetan Mehta,25,Male,43000,D03,2,No,1,2023-06-21
E03799,Sameer Iyer,28,Male,48500,D07,3,No,1,2023-02-14
E03800,Sameer Kumar,32,Male,63500,D03,2,Yes,6,2018-08-27
E03801,Nilesh Mishra,58,Male,150000,D05,4,No,6,2018-07-25
E03802,Reena Tiwari,26,Female,44000,D07,2,Yes,3,2021-01-28
E03803,Komal Bhatt,45,Female,68500,D04,5,Yes,11,2013-08-23
E03804,Vrinda Das,28,Female,49000,D02,2,Yes,4,2020-10-20
E03805,Sheetal Shah,47,Female,79500,D03,3,No,1,2023-09-13
E03806,Preeti Joshi,30,Female,51500,D07,4,No,0,2024-08-05
E03807,Gayatri Desai,28,Female,55500,D02,3,No,1,2023-04-22
E03808,Vrinda Desai,42,Female,108500,D05,2,No,3,2021-09-24
E03809,Dinesh Gupta,55,Male,107000,D02,5,No,8,2016-11-27
E03810,Deepika Kulkarni,44,Female,116000,D05,3,No,16,2008-02-19
E03811,Archana Pillai,33,Female,61000,D03,1,No,9,2015-07-26
E03812,Ajay Nambiar,56,Male,104500,D02,4,No,5,2019-08-11
E03813,Ruchika Chauhan,57,Female,105000,D07,5,No,1,2023-03-26
E03814,Aakash Bhosale,53,Male,131500,D01,5,No,0,2024-07-05
E03815,Amit Ghosh,58,Male,,D03,4,No,14,2010-04-25
E03816,Aparna Patil,26,Female,68500,D01,3,No,1,2023-03-08
E03817,Leena Yadav,25,Female,37000,D04,2,No,3,2021-12-09
E03818,Nilesh Shah,27,Male,51500,D06,2,No,0,2024-05-01
E03819,Jyoti Iyer,47,Female,119000,D01,4,No,2,2022-11-18
E03820,Poonam Rao,34,Female,70500,D07,3,No,11,2013-05-05
E03821,Nikhil Desai,30,Male,60000,D03,3,No,7,2017-08-15
E03822,Chetana Pandey,25,Female,45000,D02,1,Yes,4,2020-09-12
E03823,Roshni Gupta,36,Female,56500,D06,2,No,6,2018-09-08
E03824,Rupali Das,41,Female,87000,D02,4,No,0,2024-12-26
E03825,Ashwin Das,41,Male,60500,D04,4,No,15,2009-01-13
E03826,Manoj Pandey,37,Male,76500,D02,2,Yes,1,2023-03-11
E03827,Reena Agarwal,48,Female,75000,D06,4,No,14,2010-09-22
E03828,Megha Nambiar,27,Female,46500,D07,3,No,6,2018-10-11
E03829,Nilesh Kumar,29,Male,49500,D06,1,No,5,2019-12-15
E03830,Aakash Shukla,39,Male,49500,D04,2,Yes,15,2009-08-19
E03831,Namita Agarwal,58,Female,150000,D05,5,No,15,2009-11-15
E03832,Nikhil Verma,24,Male,69000,D05,1,No,0,2024-01-26
E03833,Trupti Nambiar,25,Female,,D04,2,No,2,2022-02-11
E03834,Vinay Bhat,50,Male,123500,D01,3,No,0,2024-11-17
E03835,Deepika Chauhan,33,Female,53000,D03,3,No,10,2014-03-16
E03836,Roshni Mishra,30,Female,,D05,1,No,8,2016-04-28
E03837,Kartik Bhosale,31,Male,48500,D06,2,No,1,2023-03-21
E03838,Sunil Rao,49,Male,63000,D04,4,Yes,14,2010-11-16
E03839,Lokesh Pandey,56,Male,101500,D07,5,Yes,10,2014-01-07
E03840,Nandita Patel,38,Female,92500,D01,3,No,15,2009-02-21
E03841,Nitin Patel,58,Male,142500,D05,4,No,15,2009-05-13
E03842,Trupti Jain,52,Female,108500,D02,5,No,2,2022-08-04
E03843,Gayatri Bhatt,54,Female,89500,D06,4,No,7,2017-12-02
E03844,Vandana Nair,45,Female,79000,D03,5,No,14,2010-12-24
E03845,Tushar Shenoy,27,Male,38000,D06,2,Yes,5,2019-08-06
E03846,Gayatri Jain,48,Female,78500,D06,4,No,2,2022-03-22
E03847,Hemant Bhat,37,Male,95000,D01,5,No,12,2012-03-28
E03848,Sunita Rao,24,Female,62000,D05,3,No,0,2024-11-20
E03849,Arjun Singh,47,Male,92000,D02,4,Yes,4,2020-12-04
E03850,Sunita Singh,50,Female,129500,D05,5,No,1,2023-05-27
E03851,Sejal Pillai,52,Female,83500,D06,4,Yes,7,2017-10-14
E03852,Deepak Dubey,42,Male,114500,D05,4,Yes,12,2012-08-15
E03853,Tushar Patel,33,Male,55500,D06,3,No,9,2015-07-20
E03854,Tushar Sharma,25,Male,38000,D06,3,No,4,2020-04-07
E03855,Piyush Das,58,Male,114500,D02,4,No,8,2016-07-01
E03856,Meera Thakur,53,Female,63000,D04,5,No,4,2020-12-20
E03857,Meera Kaur,44,Female,79500,D07,4,No,2,2022-08-14
E03858,Harish Rao,45,Male,,D03,3,No,4,2020-12-18
E03859,Preeti Sharma,31,Female,52000,D07,3,No,8,2016-12-06
E03860,Sanket Malhotra,55,Male,142500,D05,5,No,3,2021-06-24
E03861,Pallavi Pawar,32,Female,46500,D04,3,Yes,10,2014-05-28
E03862,Tanvi Gupta,51,Female,74500,D06,4,No,16,2008-04-04
E03863,Sonal Singh,55,Female,135500,D05,5,No,15,2009-06-13
E03864,Amit Pandey,56,Male,138000,D01,3,Yes,0,2024-06-17
E03865,Vrinda Dubey,53,Female,104000,D07,4,No,8,2016-05-16
E03866,Gayatri Pillai,46,Female,86500,D07,3,No,9,2015-07-25
E03867,Padmaja Jain,58,Female,75000,D04,5,No,7,2017-04-16
E03868,Divya Das,29,Female,84500,D05,1,No,1,2023-06-01
E03869,Neha Agarwal,42,Female,99500,D01,3,No,5,2019-02-20
E03870,Poornima Joshi,48,Female,118500,D01,4,No,15,2009-11-19
E03871,Padmaja Patil,48,Female,56000,D04,4,Yes,10,2014-10-04
E03872,Sonal Rao,46,Female,59500,D04,4,No,6,2018-10-15
E03873,Deepika Dubey,44,Female,76000,D06,3,No,11,2013-08-04
E03874,Sunita Desai,46,Female,118500,D01,4,No,13,2011-04-28
E03875,Poornima Chauhan,39,Female,77000,D02,3,No,5,2019-02-05
E03876,Gayatri Kumar,27,Female,77000,D05,2,No,4,2020-09-16
E03877,Nikhil Iyer,24,Male,45500,D06,2,Yes,0,2024-01-11
E03878,Saurabh Rao,46,Male,81000,D03,3,No,11,2013-05-02
E03879,Pallavi Iyer,40,Female,49000,D04,1,Yes,15,2009-02-05
E03880,Ramesh Nambiar,43,Male,81000,D02,4,No,11,2013-04-23
E03881,Vinay Bhat,32,Male,80000,D05,2,No,11,2013-12-04
E03882,Sejal Tiwari,52,Female,137500,D05,4,No,4,2020-12-26
E03883,Neha Singh,52,Female,64000,D04,5,No,16,2008-12-08
E03884,Trupti Yadav,53,Female,143000,D05,5,No,10,2014-06-01
E03885,Anita Thakur,24,Female,41000,D04,1,No,1,2023-10-13
E03886,Rakesh Patel,23,Male,38000,D04,3,Yes,0,2024-12-06
E03887,Madhuri Menon,44,Female,75000,D03,4,No,7,2017-01-11
E03888,Vrinda Mehta,26,Female,38500,D04,2,No,2,2022-04-19
E03889,Divya Jain,42,Female,103500,D05,5,No,14,2010-11-02
E03890,Ruchika Tiwari,34,Female,56500,D06,1,No,12,2012-01-12
E03891,Swati Bhatt,55,Female,,D02,4,No,11,2013-01-25
E03892,Sanjay Gupta,48,Male,124000,D05,4,No,14,2010-03-03
E03893,Chetan Malhotra,23,Male,51000,D07,4,No,0,2024-08-28
E03894,Manish Agarwal,58,Male,112000,D02,4,No,2,2022-04-16
E03895,Aparna Pillai,58,Female,140000,D01,4,No,16,2008-06-17
E03896,Anil Kulkarni,29,Male,42000,D04,2,Yes,2,2022-04-18
E03897,Poornima Chauhan,45,Female,79500,D03,3,No,11,2013-08-26
E03898,Nisha Sharma,42,Female,71500,D06,3,No,14,2010-08-22
E03899,Varun Roy,54,Male,133000,D05,5,No,0,2024-11-18
E03900,Tejas Pandey,53,Male,134500,D05,4,No,11,2013-08-21
E03901,Arjun Agarwal,27,Male,41500,D03,4,No,6,2018-08-24
E03902,Piyush Ghosh,22,Male,63000,D05,3,No,0,2024-07-25
E03903,Bharati Ghosh,49,Female,114500,D01,3,No,9,2015-01-23
E03904,Vikram Saxena,43,Male,109500,D05,4,No,1,2023-11-18
E03905,Sudha Shukla,24,Female,39000,D06,2,Yes,2,2022-10-26
E03906,Komal Das,24,Female,38000,D06,2,Yes,3,2021-04-18
E03907,Dinesh Thakur,42,Male,77500,D07,4,No,3,2021-08-02
E03908,Poonam Iyer,38,Female,69500,D03,3,No,13,2011-07-23
E03909,Rajesh Mishra,35,Male,99500,D05,2,No,11,2013-09-01
E03910,Vrinda Menon,42,Female,,D01,4,No,0,2024-11-19
E03911,Megha Kumar,53,Female,88500,D07,5,No,16,2008-02-13
E03912,Vivek Verma,36,Male,,D07,1,Yes,9,2015-07-20
E03913,Suresh Ghosh,38,Male,63000,D03,2,Yes,13,2011-07-05
E03914,Shweta Nambiar,28,Female,56000,D02,2,Yes,6,2018-10-17
E03915,Vrinda Kaur,41,Female,52500,D04,1,No,11,2013-01-18
E03916,Kavya Bhosale,36,Female,,D06,2,No,2,2022-06-25
E03917,Lakshmi Ghosh,27,Female,,D03,1,No,6,2018-05-15
E03918,Sunita Shah,45,Female,89000,D02,4,No,8,2016-05-12
E03919,Komal Dubey,40,Female,62000,D06,4,No,8,2016-02-22
E03920,Shailesh Bhosale,57,Male,134000,D01,4,Yes,16,2008-08-27
E03921,Saurabh Patil,47,Male,,D03,5,No,5,2019-05-06
E03922,Sheetal Mehta,41,Female,52500,D04,1,No,8,2016-01-26
E03923,Bharat Nair,42,Male,71000,D03,3,No,12,2012-02-18
E03924,Aakash Reddy,56,Male,100000,D03,4,No,3,2021-12-12
E03925,Anita Joshi,45,Female,76500,D07,4,No,15,2009-06-01
E03926,Sudhir Jain,55,Male,112500,D02,4,Yes,0,2024-08-06
E03927,Ananya Iyer,35,Female,50000,D04,3,Yes,14,2010-02-24
E03928,Neha Patil,31,Female,39000,D04,2,Yes,7,2017-08-24
E03929,Deepika Das,29,Female,80000,D05,4,No,4,2020-07-18
E03930,Reena Nair,58,Female,96500,D03,4,No,6,2018-02-07
E03931,Shailesh Bhat,48,Male,121500,D05,3,No,0,2024-11-11
E03932,Deepak Iyer,24,Male,,D02,3,No,3,2021-02-23
E03933,Nandita Sharma,43,Female,83000,D02,4,No,1,2023-04-18
E03934,Trupti Shah,54,Female,124500,D01,5,Yes,12,2012-07-09
E03935,Sanket Singh,29,Male,56000,D07,3,No,3,2021-09-17
E03936,Preeti Kumar,29,Female,48000,D03,2,Yes,3,2021-10-16
E03937,Pooja Tiwari,27,Female,70000,D01,2,No,3,2021-07-01
E03938,Namita Singh,40,Female,47500,D04,1,Yes,4,2020-07-21
E03939,Jyoti Dubey,30,Female,68000,D02,3,No,5,2019-02-21
E03940,Poonam Shah,37,Female,,D03,1,Yes,13,2011-03-03
E03941,Archana Kaur,53,Female,,D06,4,No,12,2012-03-23
E03942,Poonam Mishra,33,Female,69000,D07,2,No,6,2018-09-13
E03943,Nitin Shenoy,27,Male,49000,D07,1,Yes,4,2020-11-06
E03944,Preeti Singh,55,Female,90000,D06,5,No,14,2010-02-09
E03945,Amol Nair,23,Male,55000,D01,1,No,2,2022-11-13
E03946,Devendra Agarwal,53,Male,92000,D03,5,No,10,2014-11-15
E03947,Rohit Rao,32,Male,42000,D04,4,Yes,8,2016-02-11
E03948,Gaurav Joshi,58,Male,75000,D04,3,Yes,5,2019-06-09
E03949,Chetan Agarwal,53,Male,102500,D07,5,No,11,2013-05-08
E03950,Smita Dubey,39,Female,55000,D04,4,No,1,2023-01-16
E03951,Sejal Bhatt,35,Female,48000,D04,2,Yes,9,2015-09-08
E03952,Poonam Verma,39,Female,,D07,4,No,10,2014-09-08
E03953,Komal Bhosale,24,Female,,D05,1,No,0,2024-12-07
E03954,Vivek Thakur,54,Male,127000,D01,4,No,6,2018-04-08
E03955,Sunita Verma,29,Female,65000,D01,1,No,4,2020-07-01
E03956,Sunil Iyer,22,Male,49500,D07,3,No,1,2023-03-06
E03957,Rohit Ghosh,39,Male,82500,D02,5,No,12,2012-07-27
E03958,Deepa Shenoy,31,Female,56000,D02,1,No,0,2024-02-16
E03959,Tanvi Bhosale,38,Female,90500,D01,3,No,3,2021-10-22
E03960,Rahul Pandey,48,Male,86500,D07,3,No,7,2017-11-12
E03961,Pooja Chauhan,49,Female,95500,D02,3,No,5,2019-05-04
E03962,Manoj Ghosh,52,Male,118500,D01,4,Yes,12,2012-07-11
E03963,Sanjay Thakur,50,Male,65500,D04,4,Yes,9,2015-02-22
E03964,Ruchika Pillai,31,Female,66000,D02,4,No,7,2017-11-20
E03965,Divya Bhat,29,Female,52500,D03,3,No,7,2017-09-20
E03966,Piyush Shenoy,37,Male,90000,D01,4,Yes,3,2021-06-28
E03967,Kavya Menon,40,Female,69000,D06,5,No,16,2008-05-12
E03968,Rakesh Reddy,50,Male,,D01,3,No,15,2009-12-09
E03969,Shruti Dubey,42,Female,80000,D03,4,No,10,2014-11-02
E03970,Rajesh Sharma,29,Male,,D06,3,Yes,1,2023-08-13
E03971,Tejas Gupta,29,Male,74500,D01,2,No,2,2022-08-07
E03972,Abhijit Menon,23,Male,55000,D02,2,No,1,2023-08-19
E03973,Arjun Kumar,58,Male,,D01,4,No,10,2014-05-28
E03974,Jyoti Nair,40,Female,91500,D01,2,No,13,2011-05-07
E03975,Manish Desai,52,Male,96500,D03,5,No,9,2015-11-13
E03976,Nikhil Rao,25,Male,41500,D06,1,Yes,2,2022-03-24
E03977,Shruti Singh,36,Female,100000,D05,3,No,11,2013-02-21
E03978,Shruti Tiwari,31,Female,82000,D01,2,Yes,7,2017-05-14
E03979,Anil Jain,42,Male,101500,D01,4,No,1,2023-06-21
E03980,Tushar Shah,36,Male,61500,D06,4,No,9,2015-11-14
E03981,Girish Roy,24,Male,41000,D06,3,No,3,2021-10-27
E03982,Manish Shenoy,55,Male,101500,D02,5,No,8,2016-02-23
E03983,Vrinda Saxena,53,Female,101000,D02,4,No,8,2016-12-08
E03984,Neha Bhatt,52,Female,119500,D01,4,No,13,2011-09-25
E03985,Rohit Chauhan,42,Male,98500,D01,4,Yes,0,2024-10-07
E03986,Archana Bhat,57,Female,150000,D05,3,No,14,2010-05-21
E03987,Sunil Mishra,24,Male,62500,D05,2,No,3,2021-10-05
E03988,Lokesh Bhat,54,Male,129000,D01,5,No,6,2018-12-20
E03989,Bharati Shah,27,Female,70000,D05,3,No,6,2018-05-02
E03990,Lakshmi Pawar,54,Female,,D06,5,No,0,2024-09-18
E03991,Aakash Mehta,31,Male,56500,D06,2,Yes,1,2023-08-19
E03992,Tejas Patil,27,Male,52000,D02,1,Yes,3,2021-08-16
E03993,Manoj Mishra,49,Male,117500,D01,4,No,5,2019-12-15
E03994,Mohit Iyer,53,Male,86500,D06,4,No,15,2009-04-05
E03995,Sunita Iyer,28,Female,,D06,1,Yes,4,2020-12-05
E03996,Tushar Desai,29,Male,54500,D03,3,No,8,2016-08-03
E03997,Hemant Pandey,58,Male,,D02,5,No,10,2014-04-28
E03998,Namita Shenoy,53,Female,71500,D04,5,Yes,7,2017-07-10
E03999,Leena Nair,36,Female,99000,D05,3,Yes,3,2021-07-22
E04000,Ajay Tiwari,28,Male,72000,D01,2,Yes,1,2023-04-21
E04001,Ashwin Gupta,33,Male,57500,D07,4,No,6,2018-10-09
E04002,Pranav Reddy,30,Male,60000,D07,3,No,2,2022-03-08
E04003,Manoj Tiwari,52,Male,133500,D01,5,No,9,2015-04-19
E04004,Jyoti Malhotra,55,Female,109000,D02,5,Yes,5,2019-02-08
E04005,Nikhil Ghosh,25,Male,60000,D05,2,No,4,2020-10-07
E04006,Saurabh Roy,41,Male,75500,D03,3,No,7,2017-09-01
E04007,Komal Rao,56,Female,129000,D01,3,No,7,2017-04-15
E04008,Dinesh Thakur,42,Male,66000,D03,1,No,14,2010-08-01
E04009,Poonam Das,55,Female,115000,D02,5,No,6,2018-05-18
E04010,Hemant Shenoy,33,Male,90000,D05,4,Yes,11,2013-04-17
E04011,Vrinda Chauhan,57,Female,,D07,5,No,10,2014-09-16
E04012,Roshni Agarwal,28,Female,56500,D03,1,No,3,2021-04-24
E04013,Chetana Pawar,25,Female,49000,D06,4,Yes,3,2021-04-25
E04014,Nilesh Bhatt,27,Male,74500,D01,3,Yes,4,2020-06-11
E04015,Shailesh Mehta,34,Male,63000,D03,2,Yes,0,2024-04-16
E04016,Girish Yadav,35,Male,,D01,1,Yes,1,2023-09-19
E04017,Madhuri Joshi,24,Female,35000,D04,3,No,0,2024-07-06
E04018,Dinesh Bhatt,57,Male,100000,D03,4,No,15,2009-04-05
E04019,Ruchika Joshi,58,Female,90000,D06,5,No,0,2024-06-23
E04020,Archana Mehta,30,Female,79000,D01,3,No,7,2017-03-24
E04021,Vivek Tiwari,42,Male,109500,D01,4,No,3,2021-10-20
E04022,Anita Tiwari,49,Female,92500,D03,5,No,14,2010-12-23
E04023,Sunita Agarwal,33,Female,89000,D01,4,No,5,2019-05-02
E04024,Aparna Tiwari,48,Female,69000,D04,5,Yes,8,2016-01-19
E04025,Tanvi Dubey,37,Female,,D01,5,No,0,2024-02-08
E04026,Siddharth Roy,25,Male,40500,D04,1,Yes,3,2021-01-19
E04027,Namita Saxena,55,Female,87000,D03,5,Yes,1,2023-01-02
E04028,Sunita Mishra,38,Female,99500,D05,2,No,12,2012-09-26
E04029,Namita Menon,45,Female,53000,D04,3,No,9,2015-09-19
E04030,Sunil Malhotra,49,Male,112000,D01,4,No,6,2018-09-02
E04031,Sudhir Mehta,32,Male,,D06,1,No,1,2023-07-12
E04032,Ashwin Yadav,43,Male,105000,D05,3,Yes,9,2015-04-04
E04033,Ramesh Pawar,38,Male,95000,D01,4,No,13,2011-11-09
E04034,Preeti Shah,24,Female,48500,D06,2,No,1,2023-03-23
E04035,Pranav Thakur,41,Male,49500,D04,4,Yes,13,2011-09-09
E04036,Smita Das,33,Female,61500,D03,2,Yes,4,2020-02-22
E04037,Aakash Patil,50,Male,72500,D06,4,No,8,2016-12-22
E04038,Ramesh Kaur,51,Male,83500,D06,5,No,10,2014-10-03
E04039,Sneha Sharma,58,Female,87000,D06,5,No,12,2012-06-28
E04040,Kartik Nair,40,Male,109000,D05,2,No,16,2008-08-18
E04041,Shruti Chauhan,48,Female,83500,D07,4,No,15,2009-04-15
E04042,Siddharth Mehta,58,Male,140000,D01,4,No,14,2010-02-14
E04043,Roshni Bhosale,49,Female,68500,D04,5,No,12,2012-01-23
E04044,Divya Ghosh,38,Female,73500,D02,2,No,6,2018-02-15
E04045,Manoj Mishra,48,Male,93500,D07,4,No,14,2010-06-19
E04046,Sonal Reddy,48,Female,56500,D04,4,No,9,2015-05-26
E04047,Mohit Gupta,44,Male,80000,D07,5,No,14,2010-01-05
E04048,Ashwin Thakur,40,Male,72000,D03,4,No,9,2015-01-21
E04049,Leena Tiwari,30,Female,51500,D03,4,No,3,2021-08-09
E04050,Namita Pandey,43,Female,71500,D06,5,No,15,2009-07-27
E04051,Aparna Jain,33,Female,84500,D01,3,No,5,2019-01-19
E04052,Divya Chauhan,52,Female,104000,D02,5,No,4,2020-08-13
E04053,Deepa Shenoy,39,Female,,D07,5,No,5,2019-12-21
E04054,Roshni Shukla,56,Female,140000,D01,5,No,5,2019-08-14
E04055,Preeti Thakur,24,Female,67500,D01,2,Yes,3,2021-10-27
E04056,Vrinda Bhosale,55,Female,89500,D03,4,No,8,2016-08-04
E04057,Lokesh Pillai,49,Male,125000,D05,4,No,0,2024-11-16
E04058,Suresh Ghosh,26,Male,45500,D03,1,No,4,2020-08-17
E04059,Tushar Gupta,23,Male,60000,D05,3,No,0,2024-04-25
E04060,Harish Reddy,52,Male,86000,D03,5,No,5,2019-07-19
E04061,Nisha Shenoy,22,Female,58500,D01,3,No,1,2023-11-19
E04062,Devendra Iyer,58,Male,102000,D07,4,No,13,2011-05-02
E04063,Nandita Shah,38,Female,60000,D04,3,Yes,11,2013-10-12
E04064,Vivek Yadav,25,Male,47000,D03,2,No,3,2021-07-22
E04065,Preeti Shenoy,35,Female,56500,D06,3,No,5,2019-11-24
E04066,Gayatri Patil,52,Female,,D06,5,No,7,2017-05-21
E04067,Rahul Iyer,50,Male,71000,D04,3,No,4,2020-11-26
E04068,Piyush Menon,44,Male,114500,D01,3,No,10,2014-06-07
E04069,Poonam Saxena,54,Female,110500,D02,5,No,14,2010-03-13
E04070,Reena Patil,54,Female,85000,D06,5,No,8,2016-10-03
E04071,Divya Das,53,Female,65500,D04,5,Yes,15,2009-09-13
E04072,Gayatri Menon,46,Female,86000,D07,4,No,12,2012-06-06
E04073,Shweta Kumar,54,Female,,D01,4,No,0,2024-05-01
E04074,Vinay Kumar,30,Male,84500,D05,3,No,4,2020-04-26
E04075,Anil Thakur,50,Male,137000,D05,4,No,3,2021-05-20
E04076,Kartik Reddy,45,Male,96500,D02,2,Yes,2,2022-11-03
E04077,Smita Bhat,50,Female,86500,D07,3,Yes,2,2022-04-16
E04078,Hemant Bhosale,39,Male,97500,D05,2,Yes,2,2022-08-12
E04079,Rahul Iyer,28,Male,54000,D06,2,No,7,2017-04-15
E04080,Aakash Sharma,28,Male,53000,D06,2,Yes,4,2020-10-06
E04081,Pranav Desai,22,Male,55000,D01,2,No,0,2024-04-17
E04082,Shruti Singh,32,Female,49500,D06,2,No,1,2023-05-08
E04083,Pooja Kumar,57,Female,90000,D06,4,Yes,0,2024-01-10
E04084,Rohit Mehta,58,Male,100000,D03,5,No,13,2011-01-27
E04085,Ajit Jain,53,Male,71500,D04,5,No,13,2011-07-02
E04086,Gayatri Nair,42,Female,55000,D04,3,No,0,2024-05-06
E04087,Lokesh Kaur,38,Male,65500,D06,3,No,16,2008-07-25
E04088,Nisha Kulkarni,32,Female,51000,D04,1,No,7,2017-02-26
E04089,Lokesh Singh,45,Male,110000,D05,4,No,2,2022-10-16
E04090,Ananya Shenoy,32,Female,,D04,3,No,11,2013-09-13
E04091,Sonal Agarwal,27,Female,55000,D03,3,No,2,2022-12-05
E04092,Vrinda Verma,55,Female,135500,D05,4,No,11,2013-01-03
E04093,Riddhi Iyer,48,Female,121000,D05,3,Yes,14,2010-01-10
E04094,Bharat Nair,22,Male,,D04,1,No,1,2023-11-18
E04095,Rajesh Rao,49,Male,86500,D03,5,No,15,2009-03-22
E04096,Shruti Nambiar,28,Female,39500,D06,3,No,5,2019-05-04
E04097,Girish Bhatt,22,Male,58500,D01,4,No,1,2023-06-25
E04098,Rahul Malhotra,52,Male,131000,D05,5,No,5,2019-09-10
E04099,Poornima Chauhan,24,Female,36000,D04,1,No,3,2021-03-23
E04100,Chetan Rao,41,Male,113500,D05,2,No,3,2021-05-07
E04101,Ashwin Menon,50,Male,103500,D02,5,No,11,2013-10-16
E04102,Anita Singh,55,Female,87000,D06,5,No,3,2021-03-22
E04103,Sheetal Bhosale,47,Female,126500,D05,4,No,0,2024-02-06
E04104,Karan Roy,35,Male,43000,D04,2,Yes,11,2013-01-28
E04105,Rohit Bhat,32,Male,45000,D06,3,No,11,2013-11-13
E04106,Ruchika Shukla,44,Female,,D05,4,No,10,2014-02-13
E04107,Swati Yadav,47,Female,93500,D07,4,No,11,2013-09-28
E04108,Nikhil Thakur,37,Male,66500,D07,4,No,16,2008-08-07
E04109,Sunil Jain,45,Male,114500,D01,3,No,0,2024-07-20
E04110,Megha Shenoy,53,Female,133500,D01,5,No,6,2018-11-10
E04111,Anil Ghosh,42,Male,107000,D05,5,No,16,2008-05-08
E04112,Arjun Sharma,39,Male,47000,D04,2,No,7,2017-12-26
E04113,Ananya Ghosh,39,Female,108500,D05,4,Yes,7,2017-08-12
E04114,Sameer Tiwari,57,Male,99000,D07,3,No,1,2023-05-16
E04115,Pranav Bhosale,49,Male,83000,D03,4,No,3,2021-04-01
E04116,Manish Shukla,56,Male,100000,D03,4,No,15,2009-06-10
E04117,Sanket Agarwal,33,Male,44500,D04,2,No,0,2024-07-06
E04118,Divya Mishra,42,Female,,D02,3,No,0,2024-06-23
E04119,Deepa Mehta,34,Female,54500,D03,1,No,4,2020-08-03
E04120,Priya Thakur,29,Female,65000,D02,2,No,1,2023-09-21
E04121,Bharat Shah,30,Male,81500,D01,3,Yes,0,2024-08-09
E04122,Meera Pandey,49,Female,129500,D05,5,No,6,2018-04-26
E04123,Ramesh Ghosh,57,Male,150000,D05,5,No,8,2016-08-08
E04124,Rakesh Thakur,33,Male,56500,D07,4,No,9,2015-01-13
E04125,Saurabh Patel,31,Male,60500,D03,2,No,1,2023-04-16
E04126,Devendra Tiwari,56,Male,94500,D07,5,No,7,2017-07-13
E04127,Anil Mishra,34,Male,86000,D01,3,No,4,2020-12-11
E04128,Manasi Shenoy,29,Female,44000,D03,4,No,8,2016-10-11
E04129,Devendra Shah,56,Male,75000,D04,4,No,15,2009-07-25
E04130,Sanjay Sharma,39,Male,83500,D02,3,No,6,2018-04-27
E04131,Suresh Yadav,46,Male,116500,D01,4,No,4,2020-06-01
E04132,Rajesh Sharma,23,Male,42000,D07,4,No,0,2024-09-14
E04133,Girish Nair,46,Male,116000,D01,4,No,5,2019-08-11
E04134,Preeti Nambiar,54,Female,128500,D01,5,No,6,2018-08-07
E04135,Sanjay Pillai,24,Male,64500,D05,3,No,0,2024-02-20
E04136,Vrinda Singh,51,Female,82000,D03,3,Yes,16,2008-12-13
E04137,Preeti Bhat,51,Female,140000,D05,5,No,5,2019-09-21
E04138,Priya Sharma,46,Female,90500,D07,5,Yes,12,2012-09-22
E04139,Reena Singh,41,Female,71500,D06,4,No,5,2019-06-06
E04140,Anil Roy,26,Male,43000,D06,3,Yes,4,2020-03-06
E04141,Nandita Malhotra,22,Female,45000,D02,2,Yes,0,2024-09-02
E04142,Sonal Desai,38,Female,99500,D05,2,No,1,2023-05-18
E04143,Rupali Ghosh,51,Female,82500,D06,4,No,4,2020-07-02
E04144,Anil Bhatt,48,Male,76500,D03,5,No,10,2014-11-20
E04145,Sameer Verma,55,Male,75000,D04,4,Yes,0,2024-12-07
E04146,Vandana Patil,50,Female,115000,D01,4,No,13,2011-12-28
E04147,Varun Tiwari,53,Male,,D05,5,No,3,2021-04-21
E04148,Manish Chauhan,43,Male,52500,D04,3,No,8,2016-08-20
E04149,Manish Pawar,56,Male,110500,D02,3,No,7,2017-12-26
E04150,Roshni Joshi,24,Female,62000,D05,2,No,0,2024-08-17
E04151,Deepak Mehta,43,Male,57500,D04,3,No,9,2015-07-13
E04152,Roshni Pandey,30,Female,60000,D03,2,Yes,5,2019-11-28
E04153,Shruti Bhosale,33,Female,82500,D05,4,No,9,2015-10-02
E04154,Poornima Shukla,39,Female,94000,D01,5,No,0,2024-02-11
E04155,Saurabh Rao,57,Male,75000,D04,5,No,16,2008-04-08
E04156,Ritu Nair,44,Female,76000,D06,4,No,8,2016-07-21
E04157,Pooja Singh,36,Female,62000,D03,3,Yes,11,2013-08-09
E04158,Girish Patel,41,Male,,D07,4,No,5,2019-07-05
E04159,Ananya Singh,26,Female,58000,D02,2,No,3,2021-07-28
E04160,Meera Agarwal,24,Female,72000,D05,2,No,0,2024-01-02
E04161,Pallavi Pandey,41,Female,61500,D06,4,No,1,2023-01-04
E04162,Ritu Pawar,41,Female,79500,D07,3,No,5,2019-01-21
E04163,Chetana Pillai,25,Female,43000,D04,2,Yes,1,2023-03-04
E04164,Sudha Shah,24,Female,40000,D06,3,No,0,2024-11-18
E04165,Girish Patel,35,Male,,D06,3,Yes,4,2020-01-21
E04166,Lakshmi Nair,51,Female,74000,D04,5,No,8,2016-04-10
E04167,Ruchika Joshi,49,Female,80000,D06,4,Yes,11,2013-01-28
E04168,Chetana Desai,27,Female,65500,D01,2,No,0,2024-03-17
E04169,Ruchika Mishra,57,Female,,D04,4,Yes,10,2014-10-24
E04170,Tanvi Menon,55,Female,90000,D06,5,Yes,5,2019-04-02
E04171,Sonal Rao,23,Female,38000,D06,4,No,2,2022-03-20
E04172,Shweta Rao,31,Female,86000,D05,2,No,4,2020-06-22
E04173,Aparna Agarwal,25,Female,51000,D03,2,No,3,2021-08-05
E04174,Archana Chauhan,31,Female,64000,D07,3,Yes,8,2016-04-22
E04175,Padmaja Kumar,23,Female,59000,D01,2,No,2,2022-08-18
E04176,Kartik Yadav,37,Male,88500,D01,1,Yes,8,2016-03-04
E04177,Nandita Chauhan,25,Female,52000,D07,2,Yes,1,2023-05-17
E04178,Sudha Yadav,58,Female,138000,D01,4,No,16,2008-12-09
E04179,Namita Mehta,31,Female,53500,D07,2,No,4,2020-04-09
E04180,Sudhir Verma,48,Male,90000,D07,4,No,6,2018-02-24
E04181,Sunil Malhotra,56,Male,90000,D06,3,No,8,2016-06-20
E04182,Harish Kulkarni,32,Male,,D01,2,No,1,2023-02-06
E04183,Sunil Desai,38,Male,70000,D07,3,No,16,2008-10-07
E04184,Deepa Thakur,23,Female,35000,D04,3,No,2,2022-06-21
E04185,Trupti Reddy,33,Female,46000,D04,3,No,2,2022-05-23
E04186,Anil Pandey,50,Male,,D02,3,No,15,2009-10-17
E04187,Saurabh Dubey,55,Male,72000,D04,5,Yes,10,2014-03-23
E04188,Preeti Ghosh,58,Female,99000,D07,4,Yes,16,2008-05-12
E04189,Sudhir Thakur,50,Male,85000,D06,4,Yes,4,2020-09-06
E04190,Nitin Mishra,28,Male,52000,D03,4,No,5,2019-03-16
E04191,Nisha Thakur,43,Female,64000,D06,5,No,6,2018-04-03
E04192,Rohit Reddy,41,Male,,D07,4,No,10,2014-07-03
E04193,Gayatri Thakur,25,Female,45000,D02,1,No,0,2024-01-26
E04194,Madhuri Bhosale,25,Female,42000,D07,1,No,2,2022-02-21
E04195,Devendra Nambiar,34,Male,85500,D01,4,No,11,2013-01-11
E04196,Nandita Reddy,32,Female,53500,D06,4,No,7,2017-11-19
E04197,Sheetal Ghosh,33,Female,,D02,2,Yes,8,2016-11-20
E04198,Divya Desai,35,Female,92500,D05,2,No,2,2022-11-01
E04199,Dinesh Saxena,38,Male,63000,D06,4,No,8,2016-02-19
E04200,Lakshmi Desai,34,Female,86500,D05,3,No,0,2024-10-23
E04201,Siddharth Malhotra,36,Male,60500,D06,1,No,13,2011-09-11
E04202,Sanket Nair,44,Male,109500,D01,3,No,3,2021-01-07
E04203,Tushar Mishra,28,Male,46500,D03,4,Yes,5,2019-07-14
E04204,Sonal Bhosale,46,Female,76000,D07,3,No,2,2022-12-11
E04205,Ramesh Patel,22,Male,45000,D02,2,Yes,1,2023-06-15
E04206,Smita Bhosale,34,Female,49500,D06,2,Yes,9,2015-11-16
E04207,Priya Bhatt,55,Female,97000,D03,4,Yes,0,2024-12-05
E04208,Sejal Iyer,29,Female,55000,D03,3,No,7,2017-11-01
E04209,Shweta Bhosale,36,Female,72000,D07,4,No,0,2024-06-07
E04210,Girish Kulkarni,26,Male,50500,D06,2,No,3,2021-03-19
E04211,Kavya Mishra,25,Female,35000,D04,1,No,0,2024-07-13
E04212,Deepa Pandey,58,Female,136500,D01,5,No,3,2021-02-15
E04213,Padmaja Dubey,49,Female,,D06,5,No,3,2021-10-19
E04214,Chetana Singh,57,Female,70500,D04,4,No,13,2011-02-28
E04215,Arjun Das,53,Male,138000,D05,4,No,9,2015-12-16
E04216,Rajesh Reddy,51,Male,90500,D03,4,No,12,2012-09-24
E04217,Sunita Das,33,Female,49500,D06,3,Yes,0,2024-01-19
E04218,Ruchika Kaur,44,Female,101000,D01,4,No,6,2018-04-13
E04219,Sunil Ghosh,50,Male,95000,D07,3,Yes,16,2008-02-09
E04220,Sejal Bhat,41,Female,110000,D05,4,No,3,2021-11-08
E04221,Trupti Menon,35,Female,50500,D06,3,No,5,2019-10-14
E04222,Manish Shukla,26,Male,40500,D03,3,No,4,2020-12-03
E04223,Arjun Jain,50,Male,,D05,3,No,9,2015-07-24
E04224,Chetana Roy,26,Female,40500,D03,2,Yes,4,2020-04-20
E04225,Nilesh Kumar,32,Male,51000,D04,1,No,8,2016-10-02
E04226,Sameer Bhatt,55,Male,139500,D01,3,No,9,2015-05-28
E04227,Nisha Shah,52,Female,94000,D07,4,Yes,4,2020-10-09
E04228,Deepa Shenoy,23,Female,46000,D03,2,Yes,2,2022-12-12
E04229,Archana Chauhan,53,Female,,D06,4,No,10,2014-12-16
E04230,Sanjay Patel,45,Male,113500,D01,4,No,16,2008-07-03
E04231,Ramesh Nair,41,Male,104500,D05,4,No,14,2010-07-09
E04232,Deepika Reddy,33,Female,51500,D03,1,Yes,9,2015-10-02
E04233,Shweta Reddy,38,Female,105500,D05,5,No,4,2020-03-15
E04234,Sanket Tiwari,58,Male,100000,D03,4,No,5,2019-07-17
E04235,Sunita Pillai,39,Female,69000,D03,4,Yes,5,2019-02-08
E04236,Poornima Bhat,39,Female,65500,D07,3,No,11,2013-02-07
E04237,Neha Menon,35,Female,,D04,2,No,0,2024-09-25
E04238,Divya Tiwari,31,Female,,D06,2,No,3,2021-03-09
E04239,Vinay Mishra,52,Male,96000,D07,4,Yes,13,2011-06-14
E04240,Ashwin Verma,22,Male,,D04,3,No,1,2023-12-11
E04241,Madhuri Menon,40,Female,97500,D01,3,No,5,2019-09-13
E04242,Vinay Pillai,50,Male,125500,D01,5,No,13,2011-03-21
E04243,Lokesh Verma,55,Male,131000,D01,5,No,11,2013-09-05
E04244,Nilesh Patel,48,Male,62000,D04,4,No,0,2024-02-03
E04245,Komal Verma,35,Female,61500,D07,4,No,12,2012-02-27
E04246,Ruchika Ghosh,56,Female,148500,D05,4,No,13,2011-04-24
E04247,Priya Kulkarni,23,Female,49000,D07,2,No,2,2022-06-08
E04248,Gaurav Nair,36,Male,64500,D06,4,No,12,2012-06-15
E04249,Sejal Ghosh,39,Female,68500,D07,3,No,10,2014-02-06
E04250,Harish Sharma,56,Male,82500,D06,4,No,8,2016-07-27
E04251,Kavya Reddy,55,Female,132000,D01,5,No,2,2022-09-22
E04252,Sudha Kaur,34,Female,92000,D05,1,No,4,2020-06-03
E04253,Manoj Nair,31,Male,74500,D01,4,No,2,2022-10-17
E04254,Girish Das,45,Male,,D06,4,Yes,3,2021-01-08
E04255,Nandita Pandey,48,Female,92500,D02,4,No,1,2023-11-19
E04256,Divya Shenoy,55,Female,144500,D05,5,No,0,2024-11-18
E04257,Sejal Verma,55,Female,126500,D01,4,No,0,2024-08-04
E04258,Nilesh Bhat,23,Male,51500,D02,2,No,1,2023-09-01
E04259,Sunita Jain,35,Female,70500,D07,3,No,7,2017-03-25
E04260,Vrinda Nambiar,35,Female,,D07,4,No,12,2012-04-25
E04261,Dinesh Rao,54,Male,97000,D03,5,No,7,2017-01-25
E04262,Riddhi Ghosh,54,Female,89000,D06,5,No,8,2016-03-04
E04263,Manoj Chauhan,39,Male,48500,D04,3,Yes,2,2022-12-23
E04264,Namita Shukla,50,Female,85000,D03,3,No,0,2024-04-02
E04265,Madhuri Mehta,50,Female,95500,D07,5,No,0,2024-05-06
E04266,Madhuri Roy,57,Female,140000,D01,5,No,2,2022-09-11
E04267,Rajesh Mehta,46,Male,,D03,3,No,14,2010-03-13
E04268,Shweta Shah,24,Female,67500,D01,3,No,0,2024-08-20
E04269,Piyush Menon,31,Male,,D02,2,No,10,2014-01-03
E04270,Vinay Shenoy,27,Male,52500,D07,3,No,2,2022-01-03
E04271,Pooja Patil,47,Female,121500,D01,5,No,14,2010-08-05
E04272,Smita Singh,58,Female,142000,D05,5,No,13,2011-12-27
E04273,Shweta Patil,35,Female,54000,D03,1,Yes,1,2023-07-23
E04274,Dinesh Yadav,39,Male,61500,D04,2,No,3,2021-08-08
E04275,Nisha Reddy,36,Female,52500,D06,2,Yes,0,2024-10-13
E04276,Bharat Sharma,52,Male,83500,D03,4,No,6,2018-06-19
E04277,Vinay Singh,36,Male,65000,D07,4,No,7,2017-11-17
E04278,Amol Shah,42,Male,,D07,2,No,0,2024-12-01
E04279,Rakesh Ghosh,53,Male,84500,D03,4,No,2,2022-12-10
E04280,Smita Sharma,23,Female,48500,D02,3,No,1,2023-11-12
E04281,Gayatri Agarwal,32,Female,72000,D01,3,No,8,2016-02-25
E04282,Rahul Shah,46,Male,73500,D03,2,No,16,2008-09-20
E04283,Girish Mishra,24,Male,45000,D04,2,Yes,2,2022-02-24
E04284,Poornima Mishra,23,Female,40000,D03,1,Yes,0,2024-07-21
E04285,Preeti Dubey,49,Female,84000,D03,3,Yes,15,2009-03-01
E04286,Pooja Verma,36,Female,,D04,4,No,10,2014-04-10
E04287,Swati Chauhan,29,Female,55000,D06,2,No,7,2017-05-11
E04288,Namita Sharma,57,Female,130500,D01,5,No,4,2020-11-20
E04289,Pallavi Chauhan,34,Female,59000,D03,2,Yes,4,2020-03-26
E04290,Bharati Patel,24,Female,,D07,4,No,0,2024-10-17
E04291,Rajesh Bhatt,41,Male,49000,D04,1,Yes,4,2020-04-14
E04292,Priya Menon,33,Female,53000,D03,3,Yes,5,2019-06-07
E04293,Saurabh Nambiar,33,Male,67500,D02,2,Yes,0,2024-10-12
E04294,Suresh Ghosh,37,Male,53500,D04,4,No,1,2023-06-25
E04295,Preeti Shukla,35,Female,,D02,2,No,13,2011-10-24
E04296,Kartik Bhatt,44,Male,67000,D04,3,No,3,2021-03-26
E04297,Anita Nambiar,52,Female,64500,D04,4,Yes,14,2010-09-27
E04298,Namita Singh,26,Female,50000,D06,4,No,2,2022-04-26
E04299,Siddharth Bhosale,22,Male,61500,D05,1,Yes,0,2024-09-14
E04300,Sejal Shah,38,Female,77000,D02,3,Yes,4,2020-06-22
E04301,Ruchika Yadav,29,Female,82000,D05,3,Yes,1,2023-10-26
E04302,Amol Gupta,43,Male,78000,D02,5,No,13,2011-08-08
E04303,Vivek Shenoy,55,Male,87500,D03,5,No,3,2021-12-14
E04304,Ajit Kumar,29,Male,40500,D06,2,Yes,5,2019-01-28
E04305,Vrinda Agarwal,41,Female,79000,D03,4,No,8,2016-01-28
E04306,Neha Das,51,Female,92000,D07,5,No,15,2009-04-18
E04307,Komal Thakur,48,Female,63000,D04,4,No,10,2014-10-15
E04308,Shweta Menon,52,Female,98000,D02,5,No,8,2016-04-16
E04309,Vinay Gupta,42,Male,56000,D04,5,No,10,2014-11-26
E04310,Dinesh Pillai,23,Male,35000,D04,2,No,2,2022-11-28
E04311,Gayatri Shenoy,27,Female,47500,D06,4,No,5,2019-07-02
E04312,Tushar Sharma,32,Male,49000,D06,3,No,2,2022-04-14
E04313,Abhijit Patil,56,Male,,D01,5,No,6,2018-02-17
E04314,Chetana Chauhan,29,Female,53500,D07,1,Yes,8,2016-03-14
E04315,Gayatri Menon,23,Female,35000,D04,2,No,1,2023-08-18
E04316,Pallavi Mehta,39,Female,79500,D07,5,No,10,2014-06-26
E04317,Rohit Shah,47,Male,123000,D05,4,No,10,2014-10-06
E04318,Rahul Roy,55,Male,139000,D05,3,No,7,2017-09-07
E04319,Deepika Shah,47,Female,88500,D03,5,Yes,13,2011-01-17
E04320,Meera Das,24,Female,53000,D07,4,No,1,2023-05-10
E04321,Anil Kumar,51,Male,97500,D02,4,No,12,2012-01-26
E04322,Aakash Desai,58,Male,115000,D02,4,No,2,2022-09-03
E04323,Manoj Sharma,41,Male,64000,D03,3,No,7,2017-01-25
E04324,Sudha Mehta,27,Female,37000,D04,2,No,3,2021-07-09
E04325,Jyoti Shah,35,Female,77500,D02,3,No,11,2013-08-21
E04326,Chetan Kumar,45,Male,85000,D03,3,No,6,2018-11-19
E04327,Gaurav Patel,34,Male,48500,D04,3,Yes,1,2023-07-02
E04328,Sejal Kulkarni,51,Female,59500,D04,3,No,4,2020-09-16
E04329,Aparna Desai,55,Female,135500,D05,3,No,0,2024-06-23
E04330,Gaurav Kulkarni,54,Male,80000,D06,4,No,14,2010-10-21
E04331,Deepak Singh,57,Male,115000,D02,5,Yes,5,2019-08-21
E04332,Neha Kaur,42,Female,89500,D02,4,No,13,2011-10-17
E04333,Vikram Malhotra,32,Male,49500,D06,3,Yes,8,2016-07-04
E04334,Vivek Singh,46,Male,,D04,4,No,0,2024-02-22
E04335,Mohit Kumar,31,Male,89000,D05,2,No,0,2024-05-10
E04336,Vikram Shenoy,34,Male,62000,D07,2,No,2,2022-05-18
E04337,Saurabh Roy,57,Male,75000,D04,5,Yes,2,2022-08-08
E04338,Sneha Nambiar,34,Female,96500,D05,3,No,10,2014-11-11
E04339,Anil Thakur,52,Male,83000,D03,3,No,13,2011-10-18
E04340,Vandana Patil,37,Female,56000,D04,3,No,11,2013-07-25
E04341,Varun Chauhan,50,Male,70000,D04,5,No,15,2009-09-12
E04342,Deepika Rao,48,Female,117000,D01,4,No,16,2008-12-07
E04343,Sanjay Shukla,46,Male,108500,D01,3,No,4,2020-05-09
E04344,Vrinda Singh,31,Female,76000,D01,2,No,8,2016-03-20
E04345,Piyush Shah,22,Male,45000,D02,1,Yes,1,2023-04-25
E04346,Dinesh Reddy,53,Male,,D03,5,No,5,2019-07-20
E04347,Tanvi Tiwari,29,Female,72000,D01,3,No,6,2018-02-20
E04348,Sonal Das,35,Female,,D05,2,No,3,2021-11-03
E04349,Smita Kaur,40,Female,78000,D02,4,No,1,2023-02-13
E04350,Madhuri Ghosh,35,Female,51000,D06,3,No,8,2016-02-01
E04351,Varun Bhat,25,Male,54000,D07,2,No,2,2022-06-16
E04352,Kavya Singh,58,Female,67000,D04,5,No,0,2024-12-14
E04353,Hemant Pandey,34,Male,82500,D01,3,No,6,2018-07-01
E04354,Gayatri Dubey,51,Female,81500,D06,4,No,2,2022-09-03
E04355,Archana Malhotra,43,Female,56000,D04,4,No,11,2013-05-13
E04356,Nitin Verma,45,Male,85500,D02,4,No,16,2008-09-06
E04357,Reena Bhat,46,Female,,D06,4,No,3,2021-09-15
E04358,Bharat Verma,34,Male,44000,D04,2,Yes,4,2020-09-15
E04359,Kavya Yadav,37,Female,67500,D07,3,No,1,2023-03-06
E04360,Amol Agarwal,40,Male,87500,D02,3,No,2,2022-11-06
E04361,Ruchika Malhotra,23,Female,57000,D01,2,No,0,2024-06-13
E04362,Ritu Patil,25,Female,41000,D04,2,No,1,2023-07-12
E04363,Devendra Thakur,28,Male,45500,D07,2,No,4,2020-02-08
E04364,Nandita Thakur,34,Female,49500,D06,3,No,11,2013-03-09
E04365,Kartik Nambiar,52,Male,87500,D03,5,Yes,14,2010-10-04
E04366,Sunita Verma,32,Female,88500,D05,4,No,9,2015-12-09
E04367,Lokesh Kaur,50,Male,67500,D04,5,No,8,2016-02-08
E04368,Deepika Dubey,47,Female,129000,D05,4,No,0,2024-09-25
E04369,Dinesh Mehta,56,Male,83000,D06,5,No,10,2014-10-02
E04370,Rakesh Agarwal,40,Male,69500,D03,3,Yes,8,2016-03-15
E04371,Sonal Nair,52,Female,133500,D05,4,No,2,2022-01-20
E04372,Anita Singh,51,Female,,D03,5,No,7,2017-10-04
E04373,Rupali Menon,57,Female,,D01,5,No,10,2014-07-17
E04374,Chetan Thakur,56,Male,72500,D04,4,Yes,14,2010-01-24
E04375,Amol Iyer,42,Male,65000,D04,4,No,14,2010-10-16
E04376,Neha Patel,52,Female,94500,D07,4,No,2,2022-09-13
E04377,Meera Bhat,36,Female,62000,D07,2,Yes,12,2012-04-26
E04378,Amit Nambiar,30,Male,56500,D03,2,No,9,2015-09-14
E04379,Anita Yadav,53,Female,62000,D04,3,No,10,2014-04-13
E04380,Sudha Pandey,40,Female,91500,D01,2,Yes,3,2021-11-15
E04381,Rohit Iyer,55,Male,138500,D05,5,No,8,2016-09-06
E04382,Arjun Mishra,37,Male,66500,D07,3,No,10,2014-01-10
E04383,Nandita Gupta,24,Female,61500,D01,1,No,1,2023-04-07
E04384,Priya Jain,29,Female,54000,D03,3,No,7,2017-06-17
E04385,Madhuri Nambiar,27,Female,50500,D06,3,No,1,2023-08-15
E04386,Ajay Rao,37,Male,65500,D07,4,Yes,13,2011-10-10
E04387,Tanvi Malhotra,47,Female,56000,D04,5,No,13,2011-12-22
E04388,Deepa Nambiar,40,Female,89500,D01,2,No,6,2018-02-18
E04389,Neha Iyer,48,Female,89000,D03,5,No,4,2020-04-09
E04390,Sheetal Bhatt,26,Female,58000,D02,3,No,5,2019-01-08
E04391,Leena Iyer,49,Female,82000,D03,4,No,1,2023-02-28
E04392,Nilesh Das,29,Male,55000,D03,2,No,3,2021-06-07
E04393,Varun Bhatt,30,Male,56500,D07,1,No,6,2018-12-21
E04394,Sudhir Agarwal,51,Male,90000,D07,5,No,2,2022-04-24
E04395,Archana Patel,54,Female,102000,D07,5,No,10,2014-01-12
E04396,Deepa Mishra,42,Female,73500,D07,3,Yes,13,2011-12-12
E04397,Nisha Shah,44,Female,82000,D07,4,No,14,2010-04-21
E04398,Manish Tiwari,56,Male,95000,D03,5,No,9,2015-04-25
E04399,Chetan Verma,42,Male,76500,D03,5,No,0,2024-01-19
E04400,Suresh Yadav,44,Male,114500,D01,3,No,15,2009-09-16
E04401,Kartik Verma,24,Male,53500,D02,3,No,2,2022-11-24
E04402,Lokesh Nair,23,Male,45000,D03,3,No,1,2023-12-12
E04403,Swati Das,41,Female,107500,D05,3,No,11,2013-07-26
E04404,Vivek Dubey,37,Male,,D05,1,No,9,2015-04-03
E04405,Sejal Malhotra,57,Female,74500,D04,3,No,5,2019-09-28
E04406,Shailesh Das,37,Male,97000,D05,3,Yes,16,2008-04-01
E04407,Smita Kaur,55,Female,93500,D03,4,No,0,2024-08-25
E04408,Chetana Ghosh,51,Female,130000,D01,3,No,6,2018-03-15
E04409,Namita Kulkarni,50,Female,,D07,5,No,1,2023-10-18
E04410,Trupti Joshi,24,Female,42000,D03,2,Yes,0,2024-08-10
E04411,Rupali Desai,52,Female,63500,D04,3,No,5,2019-01-05
E04412,Priya Chauhan,37,Female,,D06,3,No,15,2009-02-18
E04413,Gaurav Singh,34,Male,61500,D07,3,No,7,2017-03-20
E04414,Ritu Bhatt,27,Female,50000,D06,2,No,3,2021-07-22
E04415,Aparna Yadav,36,Female,58500,D03,2,No,14,2010-06-14
E04416,Suresh Pillai,22,Male,38000,D06,1,No,0,2024-12-13
E04417,Varun Menon,58,Male,133000,D01,5,No,15,2009-05-03
E04418,Megha Gupta,57,Female,66500,D04,5,Yes,9,2015-03-18
E04419,Tejas Joshi,41,Male,62000,D04,3,No,8,2016-05-16
E04420,Anil Bhosale,37,Male,58500,D04,5,Yes,14,2010-09-18
E04421,Vikram Singh,51,Male,106500,D02,4,No,0,2024-09-22
E04422,Shailesh Shah,28,Male,35000,D04,2,No,5,2019-07-09
E04423,Rupali Thakur,51,Female,90500,D07,5,No,14,2010-10-01
E04424,Sonal Tiwari,39,Female,72000,D07,4,No,2,2022-01-27
E04425,Amit Chauhan,55,Male,,D03,4,Yes,12,2012-06-06
E04426,Megha Pillai,38,Female,68500,D02,2,Yes,8,2016-10-27
E04427,Rahul Verma,31,Male,52500,D04,2,Yes,7,2017-06-11
E04428,Sheetal Patel,49,Female,98000,D02,4,No,4,2020-06-03
E04429,Karan Pillai,44,Male,109500,D05,5,No,2,2022-08-26
E04430,Arjun Roy,25,Male,,D07,3,No,2,2022-09-27
E04431,Aparna Patel,28,Female,61500,D02,2,No,5,2019-09-01
E04432,Tanvi Bhosale,52,Female,,D02,3,No,3,2021-03-15
E04433,Hemant Bhosale,48,Male,72000,D04,3,Yes,7,2017-06-05
E04434,Devendra Malhotra,29,Male,63500,D01,2,No,7,2017-01-13
E04435,Komal Saxena,28,Female,49500,D03,3,No,3,2021-06-28
E04436,Preeti Bhosale,40,Female,77500,D02,4,No,5,2019-06-15
E04437,Vandana Chauhan,36,Female,64000,D06,4,No,11,2013-02-13
E04438,Hemant Patil,52,Male,87000,D06,5,Yes,0,2024-02-09
E04439,Rakesh Malhotra,26,Male,49000,D03,4,No,0,2024-10-20
E04440,Harish Rao,25,Male,,D06,2,No,3,2021-08-05
E04441,Ashwin Dubey,44,Male,,D06,4,No,7,2017-04-26
E04442,Deepak Kaur,23,Male,35000,D04,2,Yes,2,2022-12-25
E04443,Shruti Singh,34,Female,91000,D01,2,Yes,9,2015-09-02
E04444,Preeti Jain,58,Female,113500,D02,5,No,7,2017-06-14
E04445,Padmaja Shukla,37,Female,65000,D03,2,No,4,2020-05-23
E04446,Suresh Roy,53,Male,79500,D06,4,No,7,2017-01-20
E04447,Nikhil Bhat,55,Male,113000,D02,3,No,9,2015-09-16
E04448,Nisha Nambiar,32,Female,88500,D05,2,No,9,2015-01-18
E04449,Ritu Malhotra,52,Female,99000,D02,5,No,3,2021-03-11
E04450,Shruti Bhat,36,Female,55500,D03,2,No,8,2016-02-20
E04451,Roshni Pandey,33,Female,66000,D07,3,No,2,2022-05-13
E04452,Nitin Kaur,33,Male,81000,D01,1,No,5,2019-02-15
E04453,Tanvi Desai,51,Female,127000,D01,3,No,10,2014-01-21
E04454,Vandana Kulkarni,24,Female,36000,D04,2,Yes,3,2021-05-18
E04455,Manish Iyer,51,Male,60000,D04,3,No,15,2009-09-25
E04456,Sameer Joshi,38,Male,60500,D03,1,No,9,2015-09-18
E04457,Neha Saxena,28,Female,,D04,1,Yes,5,2019-05-14
E04458,Vikram Shah,40,Male,,D06,4,No,14,2010-04-19
E04459,Vinay Das,37,Male,,D07,2,No,16,2008-05-10
E04460,Nikhil Bhosale,52,Male,120000,D01,4,No,14,2010-08-23
E04461,Preeti Dubey,22,Female,43500,D07,2,No,0,2024-11-15
E04462,Priya Kulkarni,22,Female,38000,D06,3,Yes,0,2024-09-20
E04463,Sunita Shah,46,Female,81000,D03,4,No,9,2015-01-05
E04464,Ritu Nambiar,42,Female,109500,D05,5,No,4,2020-09-01
E04465,Manasi Iyer,48,Female,108500,D01,4,No,0,2024-06-19
E04466,Rahul Patil,22,Male,55000,D01,1,No,0,2024-08-18
E04467,Bharati Menon,31,Female,83000,D01,1,No,3,2021-01-15
E04468,Sudha Menon,32,Female,70500,D02,2,No,11,2013-10-15
E04469,Anita Kumar,44,Female,84000,D07,3,Yes,2,2022-10-18
E04470,Abhijit Joshi,32,Male,65000,D07,3,No,11,2013-10-10
E04471,Megha Pandey,56,Female,105000,D07,4,No,7,2017-05-19
E04472,Poonam Jain,42,Female,75500,D03,3,No,2,2022-01-20
E04473,Ashwin Thakur,55,Male,140000,D05,5,No,14,2010-03-17
E04474,Anil Patel,23,Male,40000,D03,2,No,2,2022-08-12
E04475,Pooja Jain,25,Female,53500,D07,2,No,4,2020-05-03
E04476,Devendra Gupta,33,Male,49000,D04,3,No,12,2012-09-20
E04477,Rupali Patel,26,Female,77500,D05,3,No,4,2020-02-16
E04478,Rupali Chauhan,39,Female,98500,D05,3,No,1,2023-01-19
E04479,Namita Roy,23,Female,,D04,1,No,0,2024-01-27
E04480,Sneha Patel,58,Female,71500,D04,5,No,6,2018-11-22
E04481,Varun Mishra,45,Male,84500,D07,4,No,13,2011-09-01
E04482,Rahul Shah,43,Male,71000,D06,3,No,3,2021-03-25
E04483,Bharat Shukla,40,Male,73500,D07,5,No,1,2023-01-05
E04484,Piyush Malhotra,30,Male,56500,D03,3,No,4,2020-07-02
E04485,Divya Agarwal,56,Female,,D04,4,No,9,2015-08-13
E04486,Varun Malhotra,30,Male,,D06,1,No,9,2015-01-20
E04487,Neha Jain,51,Female,90500,D03,5,No,2,2022-09-01
E04488,Pranav Pillai,22,Male,45000,D03,2,No,1,2023-06-15
E04489,Sudhir Chauhan,46,Male,87500,D03,4,Yes,14,2010-06-24
E04490,Gayatri Roy,45,Female,113000,D01,5,No,13,2011-07-09
E04491,Pallavi Das,52,Female,121500,D01,4,No,1,2023-01-02
E04492,Ruchika Patil,37,Female,64500,D03,2,No,16,2008-06-05
E04493,Sheetal Bhosale,22,Female,45500,D03,2,Yes,0,2024-12-23
E04494,Megha Pillai,52,Female,125000,D01,5,No,10,2014-11-04
E04495,Sanjay Roy,50,Male,97500,D07,4,No,11,2013-11-20
E04496,Hemant Pillai,37,Male,54000,D06,3,No,9,2015-02-20
E04497,Sonal Patel,27,Female,64500,D05,3,No,6,2018-02-23
E04498,Preeti Ghosh,25,Female,43500,D07,3,No,4,2020-10-01
E04499,Nisha Desai,36,Female,57000,D06,4,No,8,2016-08-09
E04500,Gayatri Kulkarni,56,Female,140500,D05,4,No,16,2008-07-03
E04501,Leena Ghosh,41,Female,62500,D06,4,Yes,16,2008-11-02
E04502,Bharati Tiwari,32,Female,45500,D06,2,Yes,11,2013-08-27
E04503,Preeti Kumar,30,Female,36000,D04,3,Yes,5,2019-06-23
E04504,Ruchika Shukla,45,Female,122000,D05,3,No,14,2010-07-19
E04505,Nitin Kulkarni,27,Male,47500,D02,2,Yes,3,2021-09-08
E04506,Siddharth Kaur,41,Male,94500,D01,3,No,7,2017-12-09
E04507,Aparna Kulkarni,25,Female,,D06,3,Yes,2,2022-06-11
E04508,Lakshmi Bhosale,39,Female,67000,D07,2,Yes,10,2014-02-26
E04509,Nikhil Pawar,25,Male,46000,D02,3,No,0,2024-08-09
E04510,Vikram Ghosh,22,Male,44500,D07,3,No,1,2023-07-08
E04511,Priya Iyer,46,Female,87500,D02,3,No,11,2013-07-09
E04512,Ananya Menon,43,Female,79500,D02,5,No,11,2013-12-24
E04513,Siddharth Shah,52,Male,106000,D02,5,No,6,2018-11-13
E04514,Rupali Thakur,32,Female,39000,D04,3,Yes,10,2014-03-27
E04515,Swati Menon,38,Female,,D01,4,No,10,2014-12-12
E04516,Meera Mehta,36,Female,87500,D05,3,No,0,2024-05-12
E04517,Bharati Menon,34,Female,53000,D03,3,No,8,2016-08-02
E04518,Vivek Pandey,45,Male,77000,D03,4,Yes,7,2017-09-12
E04519,Megha Shukla,58,Female,,D07,4,No,9,2015-09-26
E04520,Vandana Thakur,53,Female,90000,D06,3,No,6,2018-04-17
E04521,Piyush Ghosh,22,Male,63000,D05,2,No,1,2023-01-10
E04522,Abhijit Tiwari,22,Male,40000,D03,2,No,1,2023-06-26
E04523,Devendra Bhat,42,Male,117500,D05,5,No,12,2012-10-16
E04524,Sanjay Menon,40,Male,,D02,1,Yes,8,2016-04-01
E04525,Vikram Bhatt,58,Male,75000,D04,4,No,3,2021-12-28
E04526,Deepak Patel,41,Male,60000,D06,2,Yes,1,2023-03-18
E04527,Chetan Nambiar,29,Male,43500,D03,4,No,2,2022-11-10
E04528,Pranav Agarwal,37,Male,,D01,3,Yes,7,2017-12-05
E04529,Nikhil Malhotra,55,Male,137500,D05,4,Yes,5,2019-05-22
E04530,Sudha Shah,36,Female,59000,D03,4,Yes,5,2019-10-11
E04531,Lakshmi Kaur,39,Female,66000,D06,4,No,16,2008-05-14
E04532,Leena Kaur,45,Female,88000,D02,4,Yes,2,2022-05-01
E04533,Piyush Patil,37,Male,44500,D04,4,No,4,2020-08-07
E04534,Sonal Menon,48,Female,116500,D01,4,No,6,2018-07-06
E04535,Vandana Malhotra,51,Female,,D02,4,No,5,2019-12-10
E04536,Divya Dubey,32,Female,59500,D02,2,No,2,2022-09-28
E04537,Sudhir Tiwari,33,Male,48500,D06,4,No,3,2021-06-20
E04538,Ramesh Kaur,40,Male,,D07,3,No,1,2023-12-22
E04539,Ruchika Menon,33,Female,82000,D05,2,Yes,4,2020-06-13
E04540,Vinay Rao,44,Male,103500,D01,5,No,13,2011-03-23
E04541,Anita Mehta,44,Female,94000,D02,4,No,10,2014-09-27
E04542,Nilesh Kulkarni,50,Male,132500,D05,5,No,11,2013-10-03
E04543,Neha Gupta,39,Female,69500,D03,3,No,15,2009-06-19
E04544,Poornima Joshi,36,Female,76500,D02,2,No,6,2018-01-01
E04545,Chetan Bhatt,41,Male,113000,D05,4,No,9,2015-07-22
E04546,Divya Shukla,28,Female,51000,D03,4,No,3,2021-12-12
E04547,Sudha Joshi,30,Female,49500,D04,2,Yes,0,2024-12-06
E04548,Bharati Shah,29,Female,51000,D06,3,Yes,0,2024-06-12
E04549,Harish Bhatt,48,Male,63000,D04,4,No,16,2008-01-26
E04550,Amit Tiwari,58,Male,72000,D04,4,No,15,2009-01-08
E04551,Riddhi Tiwari,34,Female,50000,D06,2,No,0,2024-07-11
E04552,Bharati Kumar,40,Female,77000,D02,5,No,1,2023-12-22
E04553,Tushar Kumar,44,Male,94500,D02,3,No,8,2016-04-26
E04554,Rupali Patil,23,Female,69500,D05,3,No,2,2022-06-08
E04555,Pranav Thakur,32,Male,58500,D06,2,No,6,2018-05-19
E04556,Padmaja Ghosh,40,Female,64500,D03,4,No,16,2008-07-21
E04557,Abhijit Kulkarni,27,Male,38000,D06,1,Yes,5,2019-02-24
E04558,Madhuri Sharma,45,Female,62500,D04,3,No,9,2015-03-04
E04559,Arjun Jain,38,Male,93000,D05,3,No,1,2023-11-25
E04560,Shailesh Agarwal,58,Male,107500,D02,4,No,9,2015-10-20
E04561,Rajesh Patel,30,Male,67000,D01,3,No,7,2017-01-22
E04562,Siddharth Thakur,22,Male,,D02,2,No,1,2023-12-17
E04563,Priya Bhatt,50,Female,89000,D07,3,No,3,2021-05-04
E04564,Shruti Verma,58,Female,94000,D03,5,No,8,2016-12-05
E04565,Varun Rao,56,Male,66500,D04,4,No,3,2021-06-04
E04566,Nisha Desai,35,Female,63000,D07,1,No,9,2015-04-09
E04567,Tanvi Sharma,38,Female,67500,D06,3,Yes,15,2009-03-11
E04568,Preeti Pawar,26,Female,47000,D02,2,Yes,0,2024-08-05
E04569,Tanvi Iyer,41,Female,101000,D01,4,No,16,2008-07-24
E04570,Sunil Rao,37,Male,44500,D04,4,No,3,2021-11-01
E04571,Rohit Kaur,28,Male,56000,D07,3,No,4,2020-01-01
E04572,Shailesh Shukla,50,Male,72500,D06,4,No,4,2020-11-23
E04573,Pallavi Kumar,43,Female,70000,D06,4,No,8,2016-10-05
E04574,Ananya Nair,47,Female,59000,D04,4,No,5,2019-08-08
E04575,Roshni Jain,57,Female,140000,D01,3,No,2,2022-01-11
E04576,Ajit Bhosale,31,Male,54000,D07,2,No,3,2021-01-24
E04577,Hemant Ghosh,51,Male,67500,D04,3,No,2,2022-01-16
E04578,Sudhir Shukla,36,Male,56000,D06,3,No,2,2022-12-23
E04579,Siddharth Bhosale,58,Male,108000,D02,5,No,5,2019-11-08
E04580,Poonam Menon,23,Female,56500,D01,4,No,0,2024-10-26
E04581,Poonam Bhat,25,Female,43500,D06,3,No,3,2021-10-14
E04582,Chetan Jain,22,Male,38000,D06,1,No,0,2024-12-19
E04583,Shruti Chauhan,35,Female,63500,D07,2,No,0,2024-09-14
E04584,Ananya Bhat,47,Female,,D06,4,No,15,2009-07-01
E04585,Devendra Gupta,43,Male,86000,D07,3,No,1,2023-11-20
E04586,Ashwin Singh,54,Male,,D07,5,No,11,2013-06-14
E04587,Riddhi Kumar,30,Female,49000,D03,1,Yes,6,2018-02-13
E04588,Saurabh Bhat,27,Male,66500,D05,1,No,6,2018-11-17
E04589,Nitin Pawar,55,Male,97000,D03,5,Yes,0,2024-04-05
E04590,Manish Chauhan,49,Male,62500,D04,5,No,11,2013-01-23
E04591,Ruchika Pillai,28,Female,55500,D03,4,No,7,2017-06-21
E04592,Deepa Roy,37,Female,69500,D07,4,Yes,12,2012-01-07
E04593,Jyoti Bhatt,50,Female,89000,D07,5,No,12,2012-08-12
E04594,Sunil Patil,38,Male,,D06,4,Yes,15,2009-05-07
E04595,Pranav Singh,51,Male,,D05,4,No,0,2024-04-16
E04596,Sameer Nair,22,Male,60000,D05,3,No,0,2024-05-04
E04597,Vinay Bhosale,44,Male,63000,D04,4,Yes,16,2008-09-26
E04598,Vinay Verma,53,Male,65500,D04,3,Yes,9,2015-05-20
E04599,Vandana Kumar,49,Female,71500,D06,5,No,4,2020-12-06
E04600,Anil Shah,23,Male,40000,D03,3,Yes,2,2022-01-06
E04601,Manasi Mishra,43,Female,107000,D05,4,No,2,2022-12-17
E04602,Sunita Shukla,58,Female,115000,D02,4,No,6,2018-11-19
E04603,Sanket Gupta,33,Male,67500,D02,2,No,4,2020-09-15
E04604,Shweta Rao,50,Female,97500,D02,3,No,1,2023-10-28
E04605,Nandita Saxena,50,Female,70500,D04,5,No,6,2018-02-17
E04606,Rahul Menon,40,Male,99500,D05,2,No,15,2009-09-26
E04607,Sunil Kumar,32,Male,83000,D01,3,No,6,2018-08-13
E04608,Ananya Patel,23,Female,43500,D04,3,No,1,2023-06-17
E04609,Ritu Thakur,48,Female,84500,D03,4,No,4,2020-10-07
E04610,Sameer Saxena,40,Male,61500,D06,5,No,0,2024-12-08
E04611,Amit Desai,46,Male,63500,D04,5,No,0,2024-09-04
E04612,Nikhil Dubey,47,Male,83000,D07,4,No,7,2017-03-22
E04613,Trupti Pillai,23,Female,35000,D04,4,No,1,2023-10-26
E04614,Madhuri Bhatt,23,Female,55000,D01,3,No,0,2024-09-23
E04615,Mohit Tiwari,26,Male,54500,D02,4,No,4,2020-03-20
E04616,Sudhir Reddy,34,Male,63000,D07,2,No,8,2016-09-04
E04617,Swati Mishra,23,Female,41500,D04,3,Yes,1,2023-04-17
E04618,Chetana Singh,25,Female,,D04,3,No,3,2021-08-15
E04619,Preeti Tiwari,52,Female,101500,D07,5,No,12,2012-12-02
E04620,Lokesh Kumar,39,Male,86000,D02,3,No,8,2016-08-09
E04621,Komal Rao,31,Female,79500,D05,1,No,6,2018-07-23
E04622,Ajit Desai,37,Male,48500,D04,2,No,10,2014-02-15
E04623,Poornima Pillai,25,Female,45500,D07,4,Yes,0,2024-05-28
E04624,Riddhi Patel,46,Female,72500,D03,4,No,1,2023-01-27
E04625,Rakesh Pandey,49,Male,83500,D07,4,No,14,2010-09-08
E04626,Gayatri Pandey,38,Female,,D01,3,No,7,2017-05-16
E04627,Saurabh Jain,22,Male,42000,D07,2,No,0,2024-07-27
E04628,Lakshmi Yadav,36,Female,56500,D06,1,No,15,2009-06-13
E04629,Priya Rao,41,Female,110000,D05,4,No,16,2008-10-08
E04630,Piyush Saxena,32,Male,67500,D02,2,No,0,2024-10-09
E04631,Shruti Mishra,54,Female,87500,D06,5,No,6,2018-10-22
E04632,Chetan Bhosale,46,Male,87500,D07,3,No,5,2019-08-02
E04633,Manoj Malhotra,26,Male,55500,D07,2,No,2,2022-12-17
E04634,Shweta Verma,30,Female,57500,D07,2,No,9,2015-12-22
E04635,Anita Iyer,39,Female,89500,D01,1,No,8,2016-09-25
E04636,Aparna Shukla,57,Female,90000,D06,4,Yes,1,2023-09-23
E04637,Trupti Iyer,53,Female,102500,D02,4,No,14,2010-08-04
E04638,Rupali Patel,43,Female,52500,D04,3,Yes,12,2012-03-03
E04639,Ajay Kulkarni,53,Male,,D02,5,No,9,2015-01-23
E04640,Piyush Bhatt,48,Male,92000,D07,4,No,3,2021-07-06
E04641,Poornima Bhat,33,Female,47000,D06,2,No,8,2016-03-06
E04642,Nikhil Desai,53,Male,72000,D04,5,No,13,2011-08-02
E04643,Pooja Jain,55,Female,87000,D06,4,No,11,2013-08-20
E04644,Sanjay Tiwari,31,Male,,D05,3,No,0,2024-01-26
E04645,Neha Desai,43,Female,69000,D03,5,No,9,2015-08-27
E04646,Tanvi Kulkarni,33,Female,56000,D07,3,No,1,2023-09-04
E04647,Saurabh Verma,49,Male,64500,D04,3,No,13,2011-11-20
E04648,Pallavi Tiwari,37,Female,,D05,1,No,6,2018-07-10
E04649,Ashwin Patil,37,Male,66500,D06,2,Yes,5,2019-12-03
E04650,Padmaja Tiwari,26,Female,48000,D03,2,No,4,2020-11-20
E04651,Poornima Gupta,36,Female,91500,D01,2,No,15,2009-01-12
E04652,Gaurav Gupta,26,Male,52000,D03,2,No,1,2023-06-10
E04653,Poornima Shukla,54,Female,143000,D05,4,No,7,2017-07-17
E04654,Trupti Saxena,41,Female,108000,D05,4,No,3,2021-01-22
E04655,Padmaja Pillai,58,Female,115000,D02,5,Yes,0,2024-07-27
E04656,Swati Shukla,30,Female,49500,D07,1,No,1,2023-10-27
E04657,Deepa Bhatt,52,Female,141500,D05,5,No,5,2019-01-19
E04658,Suresh Joshi,23,Male,47500,D02,3,No,0,2024-12-19
E04659,Suresh Thakur,22,Male,45000,D07,4,No,1,2023-10-12
E04660,Jyoti Singh,46,Female,,D05,4,No,7,2017-01-10
E04661,Chetana Jain,48,Female,117500,D05,3,No,2,2022-12-25
E04662,Ajay Nambiar,22,Male,,D03,1,No,1,2023-04-06
E04663,Anita Yadav,43,Female,115000,D05,4,No,4,2020-10-03
E04664,Amol Ghosh,25,Male,73500,D05,2,No,0,2024-04-13
E04665,Arjun Thakur,58,Male,100000,D03,5,No,6,2018-07-01
E04666,Nitin Kulkarni,22,Male,59500,D01,3,No,0,2024-06-27
E04667,Sheetal Reddy,41,Female,74000,D03,5,No,6,2018-11-09
E04668,Kartik Nambiar,24,Male,58000,D01,3,No,1,2023-06-07
E04669,Shweta Iyer,44,Female,63500,D04,5,No,5,2019-05-22
E04670,Dinesh Dubey,53,Male,124500,D01,5,No,13,2011-05-18
E04671,Rakesh Bhat,58,Male,85500,D06,3,No,5,2019-12-10
E04672,Sejal Agarwal,28,Female,76000,D01,2,No,3,2021-06-07
E04673,Ajit Bhat,47,Male,,D04,4,No,0,2024-10-28
E04674,Chetana Das,46,Female,126500,D05,5,No,1,2023-05-23
E04675,Vikram Das,55,Male,137000,D05,5,No,10,2014-09-27
E04676,Sanjay Chauhan,23,Male,46500,D02,1,Yes,1,2023-04-25
E04677,Sudha Saxena,55,Female,,D03,5,No,1,2023-08-09
E04678,Rajesh Verma,44,Male,72500,D06,3,No,3,2021-05-01
E04679,Nilesh Ghosh,26,Male,46000,D04,4,No,0,2024-01-02
E04680,Shailesh Joshi,34,Male,51500,D06,3,No,8,2016-02-01
E04681,Sunil Tiwari,37,Male,61000,D06,3,No,12,2012-03-11
E04682,Harish Yadav,56,Male,66000,D04,4,Yes,2,2022-01-20
E04683,Nisha Pawar,49,Female,112500,D01,5,No,3,2021-05-17
E04684,Amol Bhat,43,Male,73000,D07,3,No,13,2011-02-05
E04685,Madhuri Patel,25,Female,,D01,2,No,0,2024-03-23
E04686,Leena Kaur,46,Female,78000,D03,5,No,12,2012-11-15
E04687,Lokesh Das,41,Male,96500,D01,4,No,7,2017-05-10
E04688,Amit Pawar,38,Male,63000,D06,4,No,1,2023-06-07
E04689,Varun Shukla,45,Male,111500,D01,4,No,8,2016-03-17
E04690,Varun Malhotra,53,Male,98500,D02,4,No,0,2024-12-17
E04691,Karan Thakur,27,Male,,D03,3,No,3,2021-10-17
E04692,Ruchika Patel,57,Female,100000,D03,4,No,11,2013-12-26
E04693,Ritu Joshi,28,Female,37000,D04,1,No,2,2022-09-10
E04694,Vinay Roy,25,Male,38000,D06,1,No,0,2024-03-20
E04695,Tanvi Shah,37,Female,56000,D06,3,No,4,2020-01-10
E04696,Ajay Shah,40,Male,,D03,4,Yes,12,2012-03-24
E04697,Mohit Kumar,36,Male,80500,D01,1,No,3,2021-02-07
E04698,Aakash Agarwal,37,Male,54000,D04,5,Yes,15,2009-09-22
E04699,Trupti Shukla,30,Female,,D06,4,Yes,7,2017-08-01
E04700,Sudha Bhosale,47,Female,130000,D05,5,No,15,2009-10-19
E04701,Siddharth Bhat,49,Male,82000,D06,4,Yes,9,2015-02-03
E04702,Sheetal Shukla,46,Female,56500,D04,3,No,14,2010-12-13
E04703,Saurabh Mehta,28,Male,81000,D05,1,No,4,2020-08-11
E04704,Nikhil Gupta,28,Male,63500,D01,2,Yes,7,2017-01-24
E04705,Ajay Joshi,35,Male,66000,D07,2,No,1,2023-05-08
E04706,Anil Bhat,52,Male,,D03,4,No,9,2015-07-19
E04707,Meera Mehta,29,Female,52000,D03,2,Yes,8,2016-08-05
E04708,Sunil Thakur,55,Male,64000,D04,3,No,5,2019-07-10
E04709,Ruchika Das,56,Female,84000,D06,5,No,12,2012-12-19
E04710,Poonam Shenoy,53,Female,98000,D03,3,No,0,2024-09-22
E04711,Rohit Pawar,55,Male,97500,D03,3,No,9,2015-05-02
E04712,Divya Jain,41,Female,81000,D02,4,Yes,6,2018-07-13
E04713,Komal Bhosale,29,Female,72500,D01,1,Yes,8,2016-02-14
E04714,Poonam Rao,40,Female,73000,D07,4,No,14,2010-05-19
E04715,Aparna Joshi,51,Female,104500,D02,5,No,7,2017-11-21
E04716,Sunil Nambiar,53,Male,97500,D03,4,No,9,2015-02-27
E04717,Ruchika Malhotra,51,Female,85000,D06,5,No,0,2024-12-15
E04718,Poonam Singh,41,Female,68000,D06,2,Yes,11,2013-06-07
E04719,Ramesh Desai,28,Male,56500,D02,1,No,2,2022-06-19
E04720,Gayatri Malhotra,30,Female,46000,D03,3,No,5,2019-06-11
E04721,Girish Chauhan,40,Male,64500,D06,3,No,11,2013-07-11
E04722,Deepak Jain,35,Male,46500,D04,1,Yes,2,2022-09-24
E04723,Mohit Kumar,22,Male,35000,D04,1,Yes,1,2023-01-15
E04724,Shailesh Jain,54,Male,69500,D04,4,Yes,1,2023-10-14
E04725,Karan Yadav,37,Male,82000,D02,3,No,3,2021-12-19
E04726,Gaurav Singh,45,Male,63000,D06,2,No,13,2011-12-12
E04727,Rakesh Pandey,56,Male,141000,D05,4,No,8,2016-11-12
E04728,Meera Shah,23,Female,42000,D07,2,No,2,2022-03-02
E04729,Dinesh Singh,48,Male,91500,D02,4,No,5,2019-02-27
E04730,Kavya Dubey,46,Female,63500,D04,2,No,5,2019-10-14
E04731,Mohit Reddy,39,Male,,D02,1,Yes,1,2023-08-27
E04732,Abhijit Bhosale,32,Male,59000,D02,3,No,8,2016-08-09
E04733,Shailesh Bhat,53,Male,86500,D03,4,No,12,2012-01-03
E04734,Trupti Kulkarni,50,Female,106500,D02,4,Yes,16,2008-09-02
E04735,Lakshmi Kaur,31,Female,63000,D02,1,No,3,2021-06-06
E04736,Sheetal Kulkarni,23,Female,39000,D04,2,No,0,2024-11-06
E04737,Manasi Gupta,39,Female,65500,D07,2,No,5,2019-07-04
E04738,Ritu Bhosale,37,Female,77000,D02,3,No,15,2009-01-05
E04739,Amit Ghosh,24,Male,43000,D03,1,No,3,2021-02-02
E04740,Sunita Agarwal,27,Female,77000,D05,2,No,0,2024-05-07
E04741,Leena Gupta,43,Female,100000,D01,4,No,10,2014-07-25
E04742,Deepak Jain,47,Male,70500,D06,3,No,10,2014-07-01
E04743,Aakash Kaur,24,Male,35000,D04,1,Yes,3,2021-12-08
E04744,Deepak Mehta,26,Male,49000,D07,1,No,4,2020-06-04
E04745,Lakshmi Kaur,26,Female,41000,D04,1,No,2,2022-03-25
E04746,Neha Roy,38,Female,94000,D01,5,No,14,2010-06-26
E04747,Shruti Thakur,53,Female,100000,D02,5,No,8,2016-06-27
E04748,Anil Bhatt,22,Male,36500,D04,2,No,0,2024-04-22
E04749,Tushar Das,35,Male,55500,D04,4,No,10,2014-02-12
E04750,Madhuri Bhat,46,Female,73000,D06,4,No,0,2024-09-01
E04751,Arjun Singh,33,Male,55500,D07,3,No,7,2017-06-01
E04752,Mohit Chauhan,22,Male,60000,D05,2,Yes,0,2024-04-08
E04753,Tejas Chauhan,40,Male,60500,D04,4,No,5,2019-08-27
E04754,Sonal Das,39,Female,73000,D07,4,No,10,2014-05-06
E04755,Shailesh Patil,47,Male,75500,D06,4,Yes,16,2008-04-05
E04756,Pratik Mishra,54,Male,133000,D01,5,No,13,2011-02-22
E04757,Amol Roy,57,Male,81500,D06,4,No,8,2016-01-20
E04758,Mohit Saxena,43,Male,73000,D07,4,Yes,5,2019-08-12
E04759,Ajit Chauhan,33,Male,73000,D02,2,No,2,2022-02-26
E04760,Ramesh Shah,47,Male,128500,D05,5,No,6,2018-03-19
E04761,Nilesh Bhat,43,Male,82500,D07,4,No,2,2022-07-01
E04762,Nisha Rao,34,Female,89000,D05,4,No,6,2018-12-01
E04763,Swati Yadav,47,Female,,D04,5,Yes,9,2015-08-03
E04764,Hemant Sharma,51,Male,96500,D02,3,No,3,2021-10-23
E04765,Deepa Nambiar,35,Female,51000,D04,2,No,11,2013-11-28
E04766,Leena Nambiar,45,Female,80500,D03,5,No,2,2022-10-13
E04767,Amit Iyer,30,Male,59000,D02,3,No,4,2020-05-19
E04768,Bharat Patil,50,Male,70500,D06,3,Yes,8,2016-04-22
E04769,Swati Bhatt,34,Female,83500,D01,2,No,7,2017-08-25
E04770,Suresh Iyer,41,Male,90000,D02,4,No,3,2021-12-26
E04771,Hemant Yadav,23,Male,45000,D02,2,Yes,1,2023-04-04
E04772,Rupali Patil,57,Female,,D03,4,No,16,2008-12-07
E04773,Megha Tiwari,27,Female,52000,D02,2,No,5,2019-07-24
E04774,Rohit Malhotra,26,Male,73000,D05,2,No,5,2019-02-13
E04775,Padmaja Patel,44,Female,77000,D07,4,No,6,2018-04-21
E04776,Nisha Pawar,48,Female,126500,D05,3,No,4,2020-12-22
E04777,Ruchika Shenoy,24,Female,56000,D02,1,No,2,2022-06-15
E04778,Deepak Yadav,54,Male,129500,D01,5,No,5,2019-06-10
E04779,Neha Nambiar,43,Female,100000,D01,3,No,6,2018-09-14
E04780,Gayatri Patel,49,Female,,D01,3,No,0,2024-06-09
E04781,Lokesh Chauhan,27,Male,55000,D02,1,No,5,2019-05-16
E04782,Neha Kumar,33,Female,,D01,3,No,12,2012-09-27
E04783,Archana Malhotra,30,Female,79000,D05,1,Yes,7,2017-03-28
E04784,Rohit Shukla,28,Male,45000,D06,2,No,7,2017-09-21
E04785,Aparna Desai,53,Female,84000,D03,3,No,3,2021-10-27
E04786,Saurabh Pandey,42,Male,69000,D07,1,Yes,8,2016-07-27
E04787,Deepa Rao,51,Female,107000,D02,4,No,12,2012-08-11
E04788,Kartik Agarwal,27,Male,42500,D03,1,No,2,2022-11-25
E04789,Tejas Das,43,Male,65500,D06,4,Yes,5,2019-09-25
E04790,Pratik Shukla,49,Male,65500,D04,5,No,6,2018-05-07
E04791,Archana Kaur,28,Female,54500,D07,2,No,7,2017-08-14
E04792,Harish Pandey,39,Male,,D02,4,No,13,2011-04-14
E04793,Kavya Bhatt,45,Female,77500,D07,3,No,10,2014-10-25
E04794,Deepa Bhatt,58,Female,150000,D05,5,No,10,2014-09-25
E04795,Karan Dubey,58,Male,89500,D06,4,No,4,2020-09-11
E04796,Ajit Shukla,41,Male,,D02,1,Yes,9,2015-10-23
E04797,Pallavi Gupta,47,Female,68500,D04,5,No,12,2012-03-10
E04798,Sunita Gupta,41,Female,107500,D01,4,No,11,2013-03-24
E04799,Sanjay Thakur,38,Male,52000,D04,4,No,12,2012-04-02
E04800,Sudha Dubey,53,Female,85000,D03,4,No,0,2024-10-01
E04801,Pratik Agarwal,23,Male,,D04,2,Yes,0,2024-05-26
E04802,Nilesh Kumar,53,Male,128500,D01,4,No,4,2020-10-05
E04803,Deepak Reddy,23,Male,,D01,1,No,2,2022-12-12
E04804,Sunita Malhotra,33,Female,89000,D05,4,No,0,2024-12-12
E04805,Ajit Shukla,23,Male,43500,D03,3,No,1,2023-06-16
E04806,Sheetal Joshi,46,Female,87000,D02,5,No,6,2018-04-25
E04807,Sonal Nambiar,43,Female,,D01,3,No,1,2023-04-23
E04808,Bharat Patel,35,Male,79500,D01,3,No,6,2018-01-13
E04809,Reena Gupta,34,Female,62500,D03,3,No,11,2013-10-08
E04810,Chetana Chauhan,34,Female,65000,D02,2,No,11,2013-11-21
E04811,Kavya Shenoy,31,Female,65500,D07,2,Yes,1,2023-11-28
E04812,Anil Pillai,58,Male,115000,D02,5,No,7,2017-02-17
E04813,Rakesh Patel,23,Male,67500,D05,2,No,0,2024-03-28
E04814,Sudha Chauhan,22,Female,45000,D07,2,No,0,2024-11-26
E04815,Roshni Saxena,39,Female,55500,D06,3,No,2,2022-10-21
E04816,Aparna Iyer,55,Female,67500,D04,5,No,12,2012-03-10
E04817,Archana Nair,25,Female,,D02,3,No,3,2021-11-12
E04818,Amol Verma,34,Male,93000,D05,2,No,5,2019-08-05
E04819,Neha Yadav,27,Female,65000,D01,2,Yes,6,2018-12-16
E04820,Gayatri Tiwari,35,Female,61500,D07,3,No,8,2016-11-02
E04821,Madhuri Shukla,58,Female,85000,D06,5,No,7,2017-09-12
E04822,Rohit Sharma,29,Male,51500,D06,2,Yes,5,2019-11-10
E04823,Nandita Nair,22,Female,35000,D04,3,No,0,2024-06-04
E04824,Priya Pillai,30,Female,54000,D02,3,Yes,7,2017-08-11
E04825,Komal Dubey,55,Female,,D02,4,No,2,2022-01-07
E04826,Vivek Pawar,30,Male,84500,D05,4,No,1,2023-01-05
E04827,Padmaja Tiwari,44,Female,101500,D01,3,Yes,13,2011-04-15
E04828,Riddhi Reddy,35,Female,49000,D06,2,No,12,2012-03-06
E04829,Manish Menon,53,Male,90500,D03,4,No,5,2019-02-28
E04830,Jyoti Iyer,45,Female,68000,D04,3,No,11,2013-07-06
E04831,Nandita Gupta,58,Female,100000,D03,4,No,9,2015-02-25
E04832,Roshni Pillai,50,Female,92000,D07,5,No,5,2019-06-14
E04833,Pallavi Pawar,49,Female,,D04,5,No,11,2013-11-11
E04834,Chetan Nambiar,45,Male,75000,D07,4,No,12,2012-08-20
E04835,Meera Shah,45,Female,120000,D05,3,No,0,2024-06-20
E04836,Priya Saxena,32,Female,42500,D04,3,Yes,6,2018-10-16
E04837,Ramesh Saxena,47,Male,68500,D04,4,No,0,2024-12-21
E04838,Sudhir Thakur,24,Male,38000,D06,3,No,0,2024-07-05
E04839,Arjun Shukla,32,Male,62000,D02,3,No,2,2022-02-06
E04840,Kartik Agarwal,38,Male,66500,D06,4,No,12,2012-03-16
E04841,Deepika Bhosale,38,Female,106000,D05,3,No,15,2009-11-03
E04842,Anita Thakur,57,Female,143500,D05,5,No,10,2014-04-21
E04843,Sudha Dubey,26,Female,41000,D04,4,No,2,2022-04-12
E04844,Swati Joshi,57,Female,,D06,5,No,10,2014-02-05
E04845,Girish Saxena,58,Male,71000,D04,4,No,2,2022-02-03
E04846,Sneha Yadav,56,Female,149000,D05,5,No,3,2021-01-11
E04847,Nandita Ghosh,28,Female,77500,D05,1,No,7,2017-11-09
E04848,Smita Kulkarni,35,Female,,D03,4,No,10,2014-05-12
E04849,Divya Verma,54,Female,98500,D03,5,No,2,2022-09-06
E04850,Sudha Gupta,51,Female,,D05,3,No,5,2019-06-11
E04851,Amol Singh,58,Male,114500,D02,4,Yes,11,2013-08-25
E04852,Reena Ghosh,23,Female,47000,D07,2,Yes,1,2023-02-22
E04853,Nisha Menon,56,Female,100000,D03,5,No,6,2018-07-28
E04854,Rupali Menon,53,Female,73500,D04,5,No,1,2023-12-14
E04855,Nandita Mehta,45,Female,62000,D04,4,Yes,8,2016-10-01
E04856,Girish Bhatt,29,Male,63500,D01,2,Yes,2,2022-12-08
E04857,Smita Kaur,46,Female,114000,D05,4,No,10,2014-08-07
E04858,Bharati Bhatt,34,Female,68000,D02,2,No,5,2019-10-28
E04859,Ajay Roy,52,Male,82000,D06,5,Yes,15,2009-01-04
E04860,Manish Rao,36,Male,66500,D07,2,Yes,10,2014-11-06
E04861,Pooja Malhotra,22,Female,38000,D06,2,No,0,2024-03-16
E04862,Amit Das,53,Male,101500,D07,3,No,1,2023-09-24
E04863,Sudhir Nair,33,Male,78000,D01,3,No,4,2020-09-10
E04864,Amol Pawar,54,Male,104500,D07,5,No,3,2021-07-09
E04865,Bharat Nair,43,Male,114000,D05,4,No,0,2024-01-23
E04866,Nikhil Jain,28,Male,35000,D04,3,No,1,2023-09-26
E04867,Ajay Pawar,53,Male,,D06,4,No,6,2018-05-02
E04868,Komal Chauhan,58,Female,112500,D02,4,No,2,2022-08-08
E04869,Nitin Das,32,Male,54000,D07,3,No,0,2024-02-21
E04870,Archana Nambiar,57,Female,,D03,3,No,12,2012-03-03
E04871,Nitin Menon,24,Male,60000,D05,1,No,0,2024-03-09
E04872,Sheetal Pandey,35,Female,44000,D04,1,No,13,2011-10-05
E04873,Ananya Shah,28,Female,53000,D02,2,No,4,2020-10-13
E04874,Sneha Kaur,30,Female,57000,D07,2,No,1,2023-09-10
E04875,Anita Kaur,39,Female,64500,D06,3,No,14,2010-03-12
E04876,Bharat Pawar,38,Male,75500,D07,3,No,9,2015-03-22
E04877,Reena Sharma,38,Female,68500,D07,2,Yes,10,2014-02-28
E04878,Vrinda Saxena,55,Female,138000,D01,4,No,9,2015-12-11
E04879,Pallavi Ghosh,42,Female,69500,D07,2,Yes,7,2017-01-09
E04880,Swati Kumar,37,Female,91000,D05,3,No,7,2017-07-23
E04881,Pratik Reddy,53,Male,69500,D04,5,No,4,2020-12-25
E04882,Swati Menon,38,Female,87500,D01,2,No,10,2014-01-23
E04883,Gaurav Agarwal,52,Male,,D02,3,No,7,2017-08-05
E04884,Namita Reddy,52,Female,133500,D01,4,No,1,2023-07-08
E04885,Leena Reddy,36,Female,58000,D03,2,No,3,2021-01-17
E04886,Smita Mishra,56,Female,105000,D07,4,Yes,5,2019-07-08
E04887,Nisha Singh,57,Female,145000,D05,5,No,16,2008-10-23
E04888,Manoj Mehta,28,Male,60000,D07,1,No,4,2020-03-18
E04889,Bharat Joshi,22,Male,35000,D04,4,No,0,2024-04-22
E04890,Ruchika Pillai,41,Female,77000,D02,4,Yes,9,2015-10-22
E04891,Sameer Sharma,39,Male,100500,D01,3,No,6,2018-03-10
E04892,Arjun Shukla,27,Male,49500,D06,1,Yes,6,2018-08-08
E04893,Rahul Kulkarni,53,Male,104000,D07,4,No,5,2019-05-09
E04894,Girish Mehta,30,Male,81000,D01,3,No,2,2022-06-16
E04895,Karan Nair,41,Male,69000,D07,2,Yes,16,2008-11-06
E04896,Lakshmi Gupta,50,Female,,D04,5,No,2,2022-06-05
E04897,Vrinda Das,58,Female,,D03,5,Yes,13,2011-07-12
E04898,Karan Thakur,39,Male,76500,D03,4,Yes,0,2024-03-15
E04899,Vivek Shah,46,Male,89000,D02,2,Yes,15,2009-06-03
E04900,Sejal Roy,44,Female,65500,D04,5,No,9,2015-04-19
E04901,Chetan Jain,50,Male,84000,D06,5,No,2,2022-12-23
E04902,Lokesh Rao,25,Male,45000,D02,1,Yes,1,2023-10-26
E04903,Ritu Pandey,29,Female,66000,D01,3,No,8,2016-01-24
E04904,Harish Ghosh,31,Male,61500,D02,2,No,0,2024-06-02
E04905,Rakesh Mishra,32,Male,54000,D07,2,No,9,2015-03-11
E04906,Vrinda Ghosh,36,Female,60000,D07,2,No,13,2011-10-03
E04907,Tejas Ghosh,43,Male,83500,D02,5,No,9,2015-03-27
E04908,Roshni Bhatt,50,Female,,D07,5,No,4,2020-03-14
E04909,Poonam Malhotra,22,Female,45000,D03,3,No,1,2023-06-06
E04910,Ashwin Dubey,49,Male,93000,D03,5,No,4,2020-06-10
E04911,Tushar Patel,47,Male,117500,D01,4,No,6,2018-05-28
E04912,Rohit Shah,49,Male,113000,D01,3,No,11,2013-07-28
E04913,Lakshmi Patel,28,Female,56500,D07,1,Yes,5,2019-05-26
E04914,Megha Bhosale,25,Female,43000,D06,2,No,3,2021-09-01
E04915,Namita Das,36,Female,47000,D04,2,Yes,10,2014-05-21
E04916,Sunita Joshi,44,Female,66500,D06,4,Yes,5,2019-11-19
E04917,Megha Ghosh,55,Female,114000,D02,5,No,15,2009-06-13
E04918,Deepa Malhotra,55,Female,102000,D07,5,No,13,2011-08-06
E04919,Varun Kulkarni,22,Male,66000,D05,3,No,1,2023-08-17
E04920,Nisha Shah,36,Female,65000,D06,4,No,5,2019-05-14
E04921,Abhijit Pandey,32,Male,63500,D02,3,No,1,2023-01-01
E04922,Archana Ghosh,34,Female,53000,D03,2,No,12,2012-09-28
E04923,Vikram Yadav,37,Male,45000,D04,1,Yes,7,2017-11-21
E04924,Nisha Shukla,52,Female,107000,D02,3,No,9,2015-02-22
E04925,Lokesh Yadav,36,Male,76000,D02,4,No,8,2016-01-03
E04926,Deepak Patil,53,Male,130500,D01,4,No,14,2010-02-17
E04927,Poornima Rao,52,Female,111000,D02,5,No,3,2021-07-26
E04928,Girish Saxena,48,Male,110000,D01,4,No,1,2023-01-13
E04929,Sheetal Singh,22,Female,63500,D05,2,Yes,1,2023-01-03
E04930,Gayatri Kumar,56,Female,133500,D01,5,No,3,2021-01-17
E04931,Rahul Pawar,25,Male,,D07,3,Yes,0,2024-01-05
E04932,Jyoti Reddy,24,Female,40000,D03,1,No,0,2024-02-27
E04933,Shailesh Ghosh,58,Male,115000,D02,4,No,8,2016-12-19
E04934,Archana Kulkarni,52,Female,87500,D07,4,Yes,1,2023-02-10
E04935,Shweta Iyer,57,Female,115000,D02,5,No,4,2020-06-04
E04936,Deepika Ghosh,29,Female,42000,D04,3,No,2,2022-02-03
E04937,Sunil Desai,41,Male,80500,D07,2,Yes,12,2012-06-11
E04938,Nilesh Patel,55,Male,,D06,5,No,4,2020-06-27
E04939,Namita Shukla,43,Female,111000,D01,5,No,5,2019-05-05
E04940,Ajay Thakur,33,Male,60500,D02,2,No,10,2014-08-21
E04941,Rakesh Pillai,31,Male,71000,D01,3,No,0,2024-07-03
E04942,Ajay Shah,55,Male,71000,D04,5,No,13,2011-12-26
E04943,Gaurav Das,53,Male,129500,D05,3,No,15,2009-04-20
E04944,Shweta Gupta,46,Female,60000,D04,4,Yes,14,2010-07-06
E04945,Poonam Saxena,26,Female,38000,D06,1,No,2,2022-12-16
E04946,Sunita Tiwari,54,Female,,D07,4,No,9,2015-07-12
E04947,Kavya Mishra,34,Female,54500,D03,2,No,7,2017-09-24
E04948,Riddhi Reddy,31,Female,62500,D07,2,No,2,2022-08-25
E04949,Ritu Pawar,41,Female,77000,D07,3,No,9,2015-07-23
E04950,Shailesh Verma,23,Male,49500,D02,2,Yes,0,2024-05-08
E04951,Namita Pillai,57,Female,142500,D05,4,No,6,2018-03-08
E04952,Siddharth Ghosh,48,Male,130500,D05,5,No,5,2019-03-25
E04953,Smita Chauhan,45,Female,80000,D03,5,No,4,2020-11-01
E04954,Manish Pillai,36,Male,69000,D07,1,No,14,2010-11-13
E04955,Poornima Sharma,28,Female,,D03,2,No,1,2023-02-03
E04956,Swati Reddy,26,Female,42500,D03,2,Yes,4,2020-05-06
E04957,Ruchika Gupta,58,Female,,D07,4,No,12,2012-04-20
E04958,Komal Dubey,30,Female,80000,D01,3,No,5,2019-02-02
E04959,Arjun Kaur,38,Male,62500,D03,2,Yes,0,2024-01-05
E04960,Ruchika Bhat,58,Female,94500,D03,5,No,14,2010-11-14
E04961,Lokesh Pillai,32,Male,,D07,2,No,7,2017-07-24
E04962,Aakash Singh,51,Male,84000,D03,3,No,16,2008-08-03
E04963,Anil Agarwal,30,Male,75500,D05,4,No,0,2024-07-22
E04964,Bharat Pillai,54,Male,79500,D06,4,No,16,2008-12-03
E04965,Pallavi Singh,44,Female,111500,D05,4,No,15,2009-05-08
E04966,Ritu Das,52,Female,100000,D07,4,No,5,2019-11-10
E04967,Gaurav Agarwal,43,Male,78500,D03,4,No,9,2015-01-24
E04968,Manish Saxena,47,Male,108000,D01,3,No,15,2009-08-17
E04969,Shailesh Mishra,50,Male,80500,D06,5,No,12,2012-07-05
E04970,Ajay Yadav,43,Male,74500,D07,4,No,0,2024-01-24
E04971,Preeti Dubey,43,Female,81500,D07,4,No,5,2019-11-12
E04972,Trupti Reddy,28,Female,62000,D02,2,No,5,2019-03-10
E04973,Manish Rao,28,Male,52000,D06,2,No,1,2023-02-15
E04974,Jyoti Pillai,48,Female,102000,D02,4,No,9,2015-10-21
E04975,Pallavi Rao,57,Female,75000,D04,5,Yes,15,2009-02-15
E04976,Siddharth Das,27,Male,74000,D01,3,No,2,2022-05-18
E04977,Divya Chauhan,35,Female,91500,D05,3,No,12,2012-05-07
E04978,Ramesh Nair,22,Male,40000,D06,3,No,0,2024-09-14
E04979,Swati Chauhan,52,Female,,D03,4,No,10,2014-04-13
E04980,Komal Mishra,24,Female,44000,D07,1,No,3,2021-10-19
E04981,Komal Bhat,55,Female,96500,D03,4,No,8,2016-05-03
E04982,Ramesh Patel,27,Male,,D03,2,No,6,2018-11-23
E04983,Komal Joshi,28,Female,67500,D05,3,Yes,6,2018-12-23
E04984,Neha Menon,36,Female,56500,D06,3,Yes,3,2021-09-11
E04985,Namita Bhat,27,Female,58000,D02,3,No,0,2024-08-24
E04986,Pooja Agarwal,54,Female,,D03,5,No,10,2014-05-10
E04987,Ruchika Malhotra,53,Female,75000,D04,5,No,9,2015-02-21
E04988,Nisha Das,35,Female,84500,D01,1,No,3,2021-04-25
E04989,Nilesh Bhatt,34,Male,81000,D01,2,No,7,2017-12-12
E04990,Abhijit Singh,33,Male,68000,D07,3,No,5,2019-01-15
E04991,Sudha Mishra,23,Female,70000,D05,2,No,1,2023-12-05
E04992,Smita Mishra,35,Female,68500,D02,2,Yes,12,2012-05-16
E04993,Gaurav Jain,22,Male,42500,D06,2,Yes,1,2023-04-19
E04994,Reena Ghosh,25,Female,55000,D01,3,Yes,0,2024-09-22
E04995,Lokesh Reddy,55,Male,136500,D05,5,No,6,2018-12-22
E04996,Sudhir Kaur,58,Male,,D07,4,No,3,2021-10-18
E04997,Priya Shah,55,Female,,D01,5,No,11,2013-08-14
E04998,Vandana Malhotra,42,Female,61000,D06,2,No,4,2020-07-05
E04999,Pranav Das,28,Male,58000,D07,3,Yes,6,2018-07-11
E05000,Rohit Reddy,27,Male,53000,D07,2,Yes,6,2018-08-10
E05001,Chetana Bhatt,33,Female,66500,D07,2,No,5,2019-06-20
E05002,Aakash Kulkarni,30,Male,52500,D03,2,No,6,2018-11-25
E05003,Divya Chauhan,28,Female,,D07,1,Yes,4,2020-09-23
E05004,Bharat Mehta,36,Male,64000,D07,2,Yes,0,2024-04-07
E05005,Bharati Das,50,Female,86000,D03,4,No,9,2015-11-24
E05006,Rupali Nair,29,Female,,D05,4,No,7,2017-04-20
E05007,Varun Tiwari,54,Male,147500,D05,5,No,15,2009-08-09
E05008,Ramesh Kumar,43,Male,100000,D01,4,No,9,2015-11-13
E05009,Aparna Nambiar,58,Female,75000,D04,5,No,7,2017-09-16
E05010,Vivek Saxena,27,Male,52500,D02,3,No,5,2019-04-21
E05011,Rajesh Patel,23,Male,35000,D04,3,No,1,2023-03-20
E05012,Manasi Ghosh,45,Female,65000,D04,2,Yes,5,2019-12-25
E05013,Ajay Dubey,36,Male,,D02,2,Yes,14,2010-11-16
E05014,Preeti Kaur,52,Female,,D01,5,No,3,2021-09-06
E05015,Ananya Shukla,37,Female,69000,D03,4,Yes,16,2008-03-16
E05016,Rakesh Joshi,25,Male,45000,D02,2,No,0,2024-07-13
E05017,Sudhir Jain,52,Male,140000,D05,5,No,16,2008-08-23
E05018,Namita Das,53,Female,141500,D05,5,No,11,2013-08-23
E05019,Abhijit Dubey,40,Male,48000,D04,3,No,1,2023-07-19
E05020,Nisha Verma,56,Female,104000,D07,4,No,6,2018-03-25
E05021,Rupali Dubey,58,Female,147000,D05,4,No,4,2020-01-01
E05022,Deepa Rao,25,Female,,D03,1,No,1,2023-05-04
E05023,Manasi Thakur,28,Female,48000,D07,3,No,3,2021-06-06
E05024,Deepa Patil,58,Female,75000,D04,4,No,2,2022-01-18
E05025,Deepak Kaur,52,Male,123000,D01,5,No,10,2014-04-17
E05026,Ajit Yadav,50,Male,66000,D04,5,No,12,2012-03-04
E05027,Bharati Tiwari,47,Female,79000,D07,5,No,8,2016-12-08
E05028,Rakesh Saxena,57,Male,,D07,4,No,11,2013-04-03
E05029,Sudha Gupta,41,Female,,D01,3,No,0,2024-03-09
E05030,Vandana Desai,33,Female,71500,D02,2,Yes,7,2017-12-08
E05031,Dinesh Kumar,40,Male,63000,D06,5,No,3,2021-09-19
E05032,Deepak Chauhan,52,Male,141000,D05,5,No,9,2015-12-05
E05033,Suresh Pawar,30,Male,50500,D04,1,No,4,2020-09-25
E05034,Riddhi Pandey,23,Female,46500,D06,2,Yes,1,2023-11-19
E05035,Hemant Jain,46,Male,77500,D07,5,No,13,2011-12-21
E05036,Divya Chauhan,27,Female,46000,D03,2,No,3,2021-01-14
E05037,Riddhi Das,49,Female,103000,D02,4,No,6,2018-08-17
E05038,Kavya Iyer,26,Female,71500,D05,3,No,4,2020-04-28
E05039,Gayatri Chauhan,22,Female,44000,D06,1,Yes,1,2023-11-01
E05040,Riddhi Menon,39,Female,66000,D03,4,No,5,2019-08-17
E05041,Vivek Dubey,56,Male,73000,D04,5,No,1,2023-07-26
E05042,Komal Dubey,27,Female,49500,D06,2,No,6,2018-09-14
E05043,Aparna Jain,34,Female,50500,D06,2,Yes,0,2024-04-24
E05044,Deepika Chauhan,23,Female,42500,D06,2,No,0,2024-08-12
E05045,Sheetal Tiwari,52,Female,84500,D06,3,Yes,12,2012-06-07
E05046,Sheetal Reddy,23,Female,60000,D05,1,No,0,2024-03-05
E05047,Meera Joshi,32,Female,,D04,3,No,4,2020-04-23
E05048,Tanvi Thakur,50,Female,93000,D02,4,No,9,2015-10-05
E05049,Vrinda Malhotra,49,Female,,D01,3,No,4,2020-11-17
E05050,Rajesh Tiwari,55,Male,105000,D07,4,Yes,16,2008-11-25
E05051,Amol Dubey,46,Male,120000,D05,4,No,7,2017-11-28
E05052,Ajay Das,34,Male,50500,D06,2,No,8,2016-08-27
E05053,Madhuri Kaur,55,Female,107000,D02,4,No,16,2008-02-15
E05054,Lokesh Mishra,33,Male,48000,D06,2,No,3,2021-06-02
E05055,Tushar Roy,53,Male,109500,D02,5,No,11,2013-03-04
E05056,Nandita Bhat,23,Female,38000,D06,2,No,0,2024-05-06
E05057,Deepa Roy,47,Female,,D04,4,Yes,4,2020-07-22
E05058,Saurabh Bhat,50,Male,70500,D04,4,No,14,2010-09-28
E05059,Meera Roy,26,Female,62500,D05,2,No,2,2022-11-19
E05060,Tejas Gupta,45,Male,93000,D02,4,Yes,15,2009-05-02
E05061,Kavya Singh,37,Female,68500,D02,2,Yes,8,2016-09-23
E05062,Riddhi Dubey,29,Female,,D05,2,No,6,2018-07-03
E05063,Ashwin Chauhan,33,Male,58000,D03,2,No,6,2018-04-20
E05064,Trupti Kulkarni,42,Female,94500,D01,5,No,14,2010-03-18
E05065,Madhuri Sharma,23,Female,64500,D05,2,No,2,2022-09-14
E05066,Ajit Jain,42,Male,59000,D06,2,Yes,10,2014-02-28
E05067,Komal Rao,44,Female,71500,D06,3,No,15,2009-06-09
E05068,Lokesh Agarwal,58,Male,68500,D04,5,No,1,2023-08-16
E05069,Swati Nair,32,Female,,D02,4,No,6,2018-05-28
E05070,Neha Patil,24,Female,,D01,2,No,3,2021-01-05
E05071,Manasi Shukla,52,Female,,D07,4,No,13,2011-12-19
E05072,Nisha Desai,44,Female,94000,D02,4,Yes,12,2012-11-20
E05073,Harish Gupta,53,Male,98000,D03,4,No,0,2024-01-01
E05074,Siddharth Thakur,55,Male,100000,D03,4,Yes,7,2017-10-22
E05075,Namita Bhatt,43,Female,81500,D02,3,No,5,2019-03-04
E05076,Anita Patel,34,Female,95000,D05,2,Yes,12,2012-10-19
E05077,Tejas Singh,37,Male,91000,D05,2,No,10,2014-07-19
E05078,Komal Bhatt,45,Female,,D06,4,No,0,2024-07-27
E05079,Nikhil Kulkarni,53,Male,84500,D03,3,No,16,2008-11-04
E05080,Sudha Dubey,36,Female,67000,D07,2,No,4,2020-02-09
E05081,Ritu Das,58,Female,107000,D02,3,Yes,5,2019-09-10
E05082,Sunil Ghosh,25,Male,75000,D05,2,Yes,1,2023-12-04
E05083,Aparna Roy,44,Female,70500,D06,4,No,13,2011-06-09
E05084,Anita Sharma,37,Female,105000,D05,4,No,13,2011-06-10
E05085,Poonam Singh,45,Female,78500,D03,4,No,14,2010-05-17
E05086,Arjun Singh,45,Male,,D04,2,Yes,9,2015-05-21
E05087,Nikhil Rao,43,Male,,D01,5,No,12,2012-11-12
E05088,Sneha Mishra,23,Female,44000,D07,3,No,1,2023-11-12
E05089,Tushar Yadav,37,Male,91000,D05,2,Yes,9,2015-08-09
E05090,Nilesh Pillai,42,Male,71500,D07,4,No,2,2022-12-26
E05091,Sneha Kaur,29,Female,66000,D01,2,Yes,7,2017-07-26
E05092,Lakshmi Desai,36,Female,65500,D02,3,Yes,3,2021-02-27
E05093,Sejal Joshi,37,Female,51000,D04,1,Yes,6,2018-11-18
E05094,Rahul Shukla,56,Male,104500,D02,4,No,8,2016-06-06
E05095,Tejas Saxena,46,Male,97000,D02,4,No,6,2018-12-06
E05096,Manasi Tiwari,47,Female,121000,D05,4,No,13,2011-09-02
E05097,Vikram Singh,45,Male,119000,D05,3,No,11,2013-12-25
E05098,Deepa Patel,42,Female,69000,D03,3,No,10,2014-08-18
E05099,Archana Jain,28,Female,49000,D07,3,No,1,2023-06-22
E05100,Bharat Jain,49,Male,58500,D04,4,Yes,10,2014-05-04
E05101,Smita Nambiar,31,Female,43500,D04,2,No,6,2018-09-18
E05102,Neha Bhat,36,Female,58000,D04,4,No,15,2009-07-14
E05103,Pranav Rao,39,Male,75500,D03,4,No,4,2020-04-26
E05104,Roshni Jain,54,Female,95000,D07,4,No,3,2021-09-21
E05105,Piyush Reddy,43,Male,120000,D05,4,No,1,2023-11-12
E05106,Sameer Pillai,26,Male,39000,D06,3,No,2,2022-07-04
E05107,Girish Das,40,Male,50000,D04,4,No,9,2015-05-15
E05108,Amit Iyer,36,Male,68500,D07,2,No,3,2021-08-25
E05109,Jyoti Menon,32,Female,57000,D03,4,No,8,2016-06-22
E05110,Trupti Pillai,29,Female,61000,D02,3,No,5,2019-12-22
E05111,Padmaja Jain,23,Female,,D07,1,No,0,2024-10-16
E05112,Namita Nambiar,43,Female,58500,D04,4,Yes,1,2023-07-04
E05113,Varun Mehta,27,Male,65000,D05,2,Yes,4,2020-06-09
E05114,Bharat Shah,45,Male,90000,D02,4,Yes,13,2011-04-10
E05115,Hemant Malhotra,25,Male,50000,D07,4,No,3,2021-05-20
E05116,Girish Mishra,33,Male,74500,D01,1,No,5,2019-07-20
E05117,Chetana Saxena,26,Female,53000,D03,2,No,3,2021-04-07
E05118,Shailesh Shukla,27,Male,,D02,2,Yes,0,2024-11-16
E05119,Vinay Thakur,52,Male,75000,D06,3,No,9,2015-06-04
E05120,Tanvi Roy,34,Female,90000,D05,2,No,13,2011-04-13
E05121,Roshni Kumar,55,Female,133500,D01,5,No,8,2016-04-17
E05122,Madhuri Joshi,51,Female,74500,D06,4,No,6,2018-11-01
E05123,Dinesh Ghosh,39,Male,,D03,3,No,0,2024-04-01
E05124,Vandana Mehta,25,Female,61000,D05,2,Yes,4,2020-08-08
E05125,Neha Joshi,51,Female,96000,D02,4,No,6,2018-08-08
E05126,Megha Nair,46,Female,109000,D01,3,No,1,2023-05-15
E05127,Nitin Thakur,38,Male,95500,D05,2,No,1,2023-06-28
E05128,Ramesh Saxena,45,Male,,D01,4,No,11,2013-10-19
E05129,Deepa Verma,57,Female,150000,D05,4,Yes,14,2010-03-15
E05130,Poonam Patil,29,Female,,D07,1,No,4,2020-02-26
E05131,Anil Thakur,48,Male,87000,D03,4,No,1,2023-11-25
E05132,Anil Gupta,24,Male,35000,D04,2,Yes,1,2023-03-07
E05133,Sanket Dubey,42,Male,107000,D05,3,No,11,2013-09-19
E05134,Vrinda Tiwari,33,Female,,D05,2,No,9,2015-08-15
E05135,Roshni Pillai,56,Female,110000,D02,4,No,15,2009-07-14
E05136,Aakash Menon,30,Male,42500,D06,3,No,3,2021-04-21
E05137,Megha Desai,33,Female,78000,D01,2,No,4,2020-12-17
E05138,Sejal Bhosale,40,Female,105500,D05,3,No,16,2008-12-21
E05139,Chetan Joshi,45,Male,88000,D02,4,No,9,2015-04-02
E05140,Deepak Pandey,33,Male,78500,D01,3,No,1,2023-08-07
E05141,Anil Roy,58,Male,90000,D06,4,No,4,2020-12-09
E05142,Manasi Shah,23,Female,60000,D05,3,No,2,2022-02-02
E05143,Nilesh Joshi,35,Male,90000,D05,1,No,5,2019-02-06
E05144,Nikhil Pillai,31,Male,80500,D05,4,No,4,2020-02-09
E05145,Sameer Joshi,48,Male,80000,D06,4,No,4,2020-02-10
E05146,Poonam Gupta,39,Female,62500,D03,3,No,12,2012-08-18
E05147,Ramesh Patel,29,Male,46000,D06,2,Yes,1,2023-04-06
E05148,Nilesh Bhat,34,Male,58000,D03,3,Yes,12,2012-05-14
E05149,Komal Yadav,34,Female,76000,D01,1,No,13,2011-06-15
E05150,Siddharth Agarwal,43,Male,69500,D03,4,No,14,2010-09-24
E05151,Priya Iyer,35,Female,60500,D03,2,Yes,4,2020-01-22
E05152,Deepika Dubey,27,Female,76500,D05,3,No,2,2022-01-16
E05153,Sudha Yadav,58,Female,115000,D02,5,Yes,16,2008-02-19
E05154,Jyoti Bhosale,39,Female,,D04,1,No,5,2019-04-22
E05155,Bharat Patel,45,Male,72000,D03,4,No,15,2009-06-17
E05156,Megha Pandey,35,Female,65000,D02,1,No,14,2010-08-02
E05157,Manasi Bhatt,54,Female,,D04,5,Yes,11,2013-09-27
E05158,Rohit Singh,47,Male,88000,D03,5,No,2,2022-05-23
E05159,Sonal Thakur,40,Female,59500,D06,2,No,2,2022-01-11
E05160,Rakesh Singh,31,Male,42500,D04,2,No,9,2015-07-02
E05161,Jyoti Ghosh,50,Female,125000,D05,3,No,10,2014-09-10
E05162,Sudha Jain,43,Female,90000,D02,4,No,3,2021-03-12
E05163,Anil Joshi,22,Male,44000,D07,3,Yes,0,2024-09-02
E05164,Sunil Mehta,41,Male,,D06,3,No,9,2015-01-12
E05165,Nilesh Patil,39,Male,56000,D04,5,No,8,2016-12-06
E05166,Sunita Kumar,33,Female,71500,D02,1,No,6,2018-05-15
E05167,Bharat Pandey,35,Male,,D05,3,No,11,2013-07-01
E05168,Abhijit Agarwal,39,Male,76000,D02,3,No,7,2017-10-23
E05169,Sejal Iyer,50,Female,96500,D07,4,No,13,2011-09-28
E05170,Pranav Nair,41,Male,80000,D07,5,No,12,2012-07-04
E05171,Amol Pawar,22,Male,45000,D02,1,No,1,2023-10-23
E05172,Rakesh Tiwari,26,Male,64000,D01,2,No,2,2022-11-07
E05173,Megha Patil,53,Female,137500,D05,3,No,0,2024-09-13
E05174,Namita Shenoy,51,Female,106000,D02,3,Yes,11,2013-04-15
E05175,Shweta Patil,36,Female,80000,D01,4,No,6,2018-03-11
E05176,Padmaja Desai,26,Female,60000,D02,2,No,1,2023-02-04
E05177,Rupali Saxena,32,Female,63000,D02,1,Yes,10,2014-07-07
E05178,Tejas Saxena,58,Male,136000,D01,4,No,2,2022-06-27
E05179,Roshni Pawar,27,Female,53500,D02,1,Yes,2,2022-07-23
E05180,Divya Iyer,54,Female,100500,D07,5,No,4,2020-04-05
E05181,Sonal Iyer,50,Female,93000,D07,5,No,6,2018-12-09
E05182,Tanvi Shenoy,37,Female,55500,D06,3,No,11,2013-03-04
E05183,Sheetal Sharma,49,Female,,D03,5,No,4,2020-04-23
E05184,Ananya Nair,41,Female,71000,D03,5,No,16,2008-04-01
E05185,Piyush Pillai,31,Male,,D04,2,Yes,0,2024-04-21
E05186,Rakesh Mishra,30,Male,51500,D04,2,No,9,2015-11-13
E05187,Abhijit Nair,26,Male,59500,D02,2,Yes,3,2021-05-22
E05188,Deepika Chauhan,49,Female,68000,D04,5,No,9,2015-07-16
E05189,Vandana Pillai,22,Female,42000,D07,1,No,0,2024-04-08
E05190,Suresh Malhotra,22,Male,47500,D02,2,No,1,2023-11-28
E05191,Nandita Agarwal,28,Female,53500,D07,3,No,5,2019-02-10
E05192,Komal Gupta,35,Female,89000,D05,1,Yes,9,2015-06-23
E05193,Pranav Das,51,Male,129500,D05,5,No,12,2012-02-10
E05194,Gayatri Kumar,45,Female,112500,D05,3,No,6,2018-03-24
E05195,Chetan Das,43,Male,85000,D07,2,Yes,1,2023-07-19
E05196,Bharat Chauhan,26,Male,59500,D01,2,No,0,2024-03-16
E05197,Manoj Thakur,58,Male,102500,D07,4,No,3,2021-12-22
E05198,Abhijit Nair,31,Male,55000,D02,3,Yes,3,2021-04-12
E05199,Meera Shah,29,Female,61000,D02,4,No,7,2017-12-16
E05200,Nandita Menon,50,Female,,D05,5,No,12,2012-08-18
E05201,Lakshmi Joshi,46,Female,90500,D07,4,No,13,2011-06-04
E05202,Ruchika Bhosale,39,Female,70500,D02,1,No,12,2012-03-27
E05203,Sudha Shukla,29,Female,,D05,1,No,7,2017-03-02
E05204,Rahul Sharma,55,Male,91000,D03,5,No,6,2018-10-04
E05205,Deepak Kumar,50,Male,128500,D05,5,No,7,2017-04-01
E05206,Sudha Pandey,25,Female,44000,D07,3,No,2,2022-04-28
E05207,Vinay Shenoy,22,Male,48500,D02,3,Yes,1,2023-11-09
E05208,Rakesh Ghosh,35,Male,64500,D06,4,No,6,2018-03-09
E05209,Kavya Bhatt,36,Female,68000,D02,1,No,3,2021-04-16
E05210,Meera Gupta,37,Female,50500,D04,3,No,5,2019-03-14
E05211,Ritu Thakur,56,Female,111500,D02,4,No,11,2013-02-26
E05212,Nitin Agarwal,39,Male,61500,D06,4,Yes,13,2011-09-09
E05213,Suresh Singh,33,Male,63000,D07,2,No,10,2014-02-11
E05214,Chetana Mehta,28,Female,73000,D05,4,No,1,2023-02-27
E05215,Sanjay Thakur,37,Male,67500,D03,4,Yes,12,2012-09-06
E05216,Sanket Mehta,30,Male,45500,D06,3,No,5,2019-07-08
E05217,Deepa Nair,50,Female,119500,D01,5,No,5,2019-08-17
E05218,Deepika Bhosale,27,Female,66000,D05,3,No,6,2018-10-07
E05219,Komal Gupta,44,Female,99000,D01,5,No,8,2016-08-08
E05220,Manoj Menon,28,Male,50500,D02,3,Yes,1,2023-12-10
E05221,Amit Saxena,36,Male,84500,D01,2,No,9,2015-05-13
E05222,Sunil Yadav,48,Male,92500,D02,4,No,0,2024-01-03
E05223,Ajay Jain,45,Male,102500,D01,4,No,8,2016-02-20
E05224,Tejas Verma,50,Male,,D07,3,No,12,2012-02-16
E05225,Jyoti Jain,48,Female,88500,D03,5,No,4,2020-11-01
E05226,Riddhi Kulkarni,26,Female,63500,D05,2,Yes,4,2020-07-19
E05227,Sunita Singh,42,Female,72500,D03,4,No,4,2020-05-16
E05228,Preeti Bhat,31,Female,80000,D01,1,No,9,2015-02-14
E05229,Kavya Chauhan,32,Female,54500,D07,1,Yes,1,2023-10-01
E05230,Madhuri Ghosh,37,Female,67500,D07,2,No,4,2020-02-23
E05231,Siddharth Das,38,Male,65000,D06,2,No,1,2023-05-16
E05232,Pooja Menon,48,Female,81500,D03,5,No,11,2013-07-28
E05233,Shruti Ghosh,48,Female,,D04,4,Yes,10,2014-08-25
E05234,Nikhil Gupta,53,Male,122000,D01,3,No,16,2008-12-22
E05235,Deepak Thakur,58,Male,75000,D04,4,No,5,2019-07-06
E05236,Manasi Patel,44,Female,110500,D01,5,No,7,2017-04-12
E05237,Rupali Singh,55,Female,64500,D04,4,No,16,2008-07-22
E05238,Deepak Sharma,38,Male,72500,D02,3,No,4,2020-03-19
E05239,Megha Joshi,29,Female,51500,D06,2,No,0,2024-02-23
E05240,Rahul Yadav,22,Male,40000,D03,4,No,0,2024-04-16
E05241,Komal Yadav,23,Female,64000,D01,2,No,1,2023-01-11
E05242,Padmaja Shenoy,53,Female,131000,D01,5,No,1,2023-10-11
E05243,Mohit Bhat,34,Male,,D04,2,No,13,2011-02-25
E05244,Ramesh Kulkarni,48,Male,84000,D03,4,No,6,2018-07-05
E05245,Aparna Pillai,46,Female,64500,D04,5,No,15,2009-02-15
E05246,Vandana Yadav,41,Female,70500,D06,4,No,5,2019-12-13
E05247,Rupali Roy,27,Female,47500,D06,1,Yes,2,2022-02-23
E05248,Sejal Chauhan,24,Female,40000,D03,1,No,3,2021-06-11
E05249,Sanket Roy,56,Male,90000,D06,5,No,12,2012-08-17
E05250,Vivek Yadav,29,Male,73000,D05,2,No,8,2016-08-02
E05251,Divya Verma,28,Female,53000,D02,4,No,4,2020-04-18
E05252,Dinesh Verma,40,Male,50000,D04,2,No,9,2015-08-18
E05253,Sejal Iyer,35,Female,52500,D04,2,No,2,2022-08-08
E05254,Dinesh Tiwari,40,Male,68500,D03,5,No,16,2008-05-26
E05255,Amit Gupta,42,Male,81000,D03,3,No,12,2012-09-14
E05256,Karan Chauhan,58,Male,140000,D01,5,No,2,2022-12-28
E05257,Shruti Malhotra,48,Female,,D01,4,Yes,0,2024-10-19
E05258,Shruti Menon,42,Female,60500,D04,3,No,12,2012-03-03
E05259,Harish Kulkarni,23,Male,,D03,2,Yes,2,2022-12-11
E05260,Pallavi Jain,26,Female,45500,D03,1,No,3,2021-11-08
E05261,Girish Thakur,49,Male,102500,D02,4,No,5,2019-01-06
E05262,Vinay Verma,42,Male,83500,D02,3,No,0,2024-02-24
E05263,Hemant Bhosale,33,Male,84000,D01,2,No,3,2021-03-24
E05264,Vivek Bhosale,52,Male,89000,D03,5,No,15,2009-08-20
E05265,Megha Iyer,39,Female,103000,D01,3,No,9,2015-09-10
E05266,Girish Malhotra,44,Male,65500,D04,4,No,9,2015-07-26
E05267,Shruti Saxena,45,Female,114000,D01,4,No,5,2019-05-05
E05268,Devendra Shukla,57,Male,92000,D03,4,No,12,2012-06-05
E05269,Sunil Shah,27,Male,,D05,2,No,3,2021-09-13
E05270,Jyoti Chauhan,53,Female,66500,D04,4,No,14,2010-07-25
E05271,Sanjay Kumar,55,Male,141500,D05,5,No,5,2019-08-16
E05272,Trupti Roy,54,Female,98500,D07,5,No,12,2012-08-22
E05273,Varun Verma,42,Male,58000,D04,3,Yes,9,2015-07-06
E05274,Ruchika Patel,56,Female,85500,D06,4,Yes,10,2014-02-12
E05275,Rakesh Rao,55,Male,111500,D02,4,Yes,16,2008-11-27
E05276,Trupti Das,49,Female,,D03,4,No,3,2021-11-09
E05277,Girish Sharma,44,Male,111000,D05,3,No,13,2011-08-02
E05278,Aparna Menon,33,Female,44500,D04,2,Yes,1,2023-12-05
E05279,Swati Dubey,45,Female,71000,D06,3,No,14,2010-04-11
E05280,Pranav Bhosale,29,Male,67000,D01,1,Yes,1,2023-09-02
E05281,Vikram Roy,38,Male,60500,D04,4,No,10,2014-06-12
E05282,Harish Shenoy,33,Male,73000,D02,1,No,9,2015-02-07
E05283,Nitin Ghosh,38,Male,100500,D05,2,Yes,7,2017-06-19
E05284,Megha Joshi,58,Female,104500,D07,5,No,10,2014-09-09
E05285,Abhijit Singh,31,Male,62000,D03,3,No,4,2020-07-28
E05286,Amol Singh,46,Male,,D04,4,Yes,0,2024-10-10
E05287,Swati Bhatt,40,Female,59000,D04,5,No,10,2014-09-18
E05288,Anita Saxena,46,Female,85000,D02,4,No,4,2020-12-17
E05289,Kartik Iyer,51,Male,,D03,5,No,7,2017-11-19
E05290,Harish Joshi,24,Male,56500,D02,1,Yes,0,2024-06-21
E05291,Pooja Reddy,46,Female,116500,D05,4,No,1,2023-06-10
E05292,Vivek Pawar,22,Male,59500,D01,2,No,1,2023-08-16
E05293,Gaurav Menon,49,Male,118500,D01,5,No,7,2017-05-25
E05294,Anil Bhosale,38,Male,97000,D05,2,No,13,2011-05-21
E05295,Nikhil Reddy,36,Male,102500,D05,4,No,11,2013-05-08
E05296,Karan Mishra,57,Male,99000,D03,4,No,5,2019-02-20
E05297,Rupali Nair,30,Female,48500,D03,3,Yes,1,2023-03-22
E05298,Deepika Das,55,Female,113000,D02,3,No,5,2019-12-07
E05299,Ramesh Pandey,51,Male,126500,D01,4,No,13,2011-08-02
E05300,Dinesh Desai,43,Male,,D03,4,No,15,2009-06-21
E05301,Ashwin Nambiar,55,Male,99500,D07,3,No,6,2018-02-22
E05302,Tanvi Dubey,49,Female,99000,D02,4,No,8,2016-07-17
E05303,Vinay Sharma,34,Male,60500,D07,2,No,8,2016-11-12
E05304,Ajit Chauhan,44,Male,112500,D01,3,No,5,2019-08-21
E05305,Amit Sharma,33,Male,67500,D02,1,No,12,2012-08-27
E05306,Girish Patil,49,Male,72500,D04,3,No,9,2015-10-16
E05307,Shailesh Mehta,58,Male,103500,D07,5,No,8,2016-04-24
E05308,Sanjay Kaur,43,Male,71000,D07,5,No,5,2019-02-03
E05309,Priya Gupta,22,Female,56000,D01,4,No,0,2024-03-05
E05310,Vikram Roy,37,Male,,D05,2,No,11,2013-07-25
E05311,Gayatri Kumar,50,Female,127000,D01,4,No,0,2024-02-10
E05312,Namita Yadav,28,Female,46500,D07,1,No,7,2017-04-19
E05313,Deepika Kulkarni,54,Female,93000,D03,4,No,13,2011-01-06
E05314,Ajay Mishra,25,Male,54000,D02,2,No,2,2022-06-01
E05315,Deepa Mishra,31,Female,64500,D07,4,No,4,2020-02-22
E05316,Roshni Saxena,46,Female,119000,D05,4,No,12,2012-08-13
E05317,Manasi Shukla,29,Female,46500,D03,1,No,8,2016-05-01
E05318,Tejas Malhotra,38,Male,75500,D02,3,Yes,16,2008-05-16
E05319,Sanjay Iyer,31,Male,61000,D03,3,No,10,2014-11-18
E05320,Devendra Nair,35,Male,52500,D06,1,Yes,4,2020-06-02
E05321,Smita Bhosale,56,Female,,D04,5,Yes,13,2011-02-02
E05322,Nandita Patel,29,Female,84000,D05,3,No,6,2018-03-21
E05323,Sameer Reddy,41,Male,110500,D05,3,No,2,2022-05-02
E05324,Shweta Patel,42,Female,64500,D06,2,Yes,11,2013-11-17
E05325,Riddhi Pandey,51,Female,82000,D03,5,No,6,2018-02-17
E05326,Sanjay Pawar,25,Male,46500,D06,2,No,4,2020-05-09
E05327,Suresh Pillai,56,Male,131500,D01,5,No,16,2008-06-23
E05328,Lakshmi Shukla,36,Female,,D02,5,No,12,2012-12-09
E05329,Neha Rao,53,Female,75500,D06,4,No,2,2022-01-14
E05330,Pooja Iyer,52,Female,131000,D05,5,No,2,2022-11-02
E05331,Leena Tiwari,48,Female,92000,D07,3,Yes,0,2024-07-23
E05332,Priya Shukla,45,Female,59000,D04,4,No,3,2021-02-27
E05333,Aakash Verma,52,Male,,D03,4,No,13,2011-05-08
E05334,Tanvi Rao,34,Female,53500,D06,2,No,3,2021-02-09
E05335,Reena Shah,55,Female,84500,D06,4,No,3,2021-11-16
E05336,Tanvi Jain,46,Female,83000,D03,4,No,5,2019-03-01
E05337,Varun Pandey,55,Male,,D07,5,No,1,2023-01-07
E05338,Smita Bhat,37,Female,69000,D03,4,No,9,2015-10-04
E05339,Shweta Agarwal,57,Female,143500,D05,5,No,2,2022-10-27
E05340,Saurabh Malhotra,54,Male,93500,D07,5,No,9,2015-01-16
E05341,Sudhir Patel,57,Male,,D01,4,Yes,15,2009-02-16
E05342,Ananya Iyer,25,Female,44500,D04,2,Yes,1,2023-07-03
E05343,Nisha Chauhan,26,Female,66500,D05,1,Yes,5,2019-09-01
E05344,Vivek Patil,25,Male,,D07,2,No,1,2023-12-04
E05345,Aakash Patel,37,Male,73000,D07,4,No,5,2019-02-12
E05346,Kartik Nair,51,Male,93000,D07,4,No,4,2020-05-10
E05347,Tanvi Ghosh,26,Female,74000,D05,2,No,5,2019-05-14
E05348,Tejas Bhat,43,Male,117000,D05,5,No,14,2010-05-16
E05349,Bharat Das,51,Male,,D06,5,No,3,2021-10-06
E05350,Vivek Kulkarni,30,Male,60000,D07,1,No,6,2018-06-14
E05351,Rupali Kumar,30,Female,42500,D04,2,Yes,6,2018-11-20
E05352,Shailesh Bhosale,50,Male,71000,D06,4,No,16,2008-11-14
E05353,Rupali Bhatt,45,Female,84000,D07,5,No,14,2010-08-22
E05354,Roshni Chauhan,35,Female,59500,D06,1,No,12,2012-11-17
E05355,Madhuri Joshi,34,Female,59500,D06,3,No,3,2021-08-08
E05356,Riddhi Agarwal,27,Female,49000,D06,2,No,1,2023-07-16
E05357,Saurabh Patil,56,Male,,D03,5,No,12,2012-01-24
E05358,Megha Joshi,26,Female,48500,D02,2,No,0,2024-11-11
E05359,Sameer Das,55,Male,127500,D01,5,No,5,2019-10-22
E05360,Shruti Shukla,35,Female,86000,D01,2,No,8,2016-09-07
E05361,Ajit Dubey,22,Male,35000,D04,3,No,0,2024-11-22
E05362,Sheetal Shukla,27,Female,78000,D05,2,No,3,2021-05-28
E05363,Rupali Bhat,53,Female,122000,D01,5,No,14,2010-03-10
E05364,Neha Desai,34,Female,,D04,1,No,13,2011-12-28
E05365,Sameer Bhat,51,Male,97500,D02,4,No,0,2024-09-20
E05366,Nilesh Patil,31,Male,51500,D07,2,Yes,5,2019-07-14
E05367,Sudhir Bhosale,29,Male,36500,D04,2,No,0,2024-05-26
E05368,Nilesh Gupta,52,Male,88000,D07,5,No,16,2008-10-18
E05369,Ajay Shah,57,Male,150000,D05,3,No,12,2012-01-11
E05370,Tushar Patil,40,Male,105000,D01,5,No,15,2009-12-09
E05371,Smita Saxena,42,Female,107500,D01,3,No,5,2019-04-28
E05372,Nitin Saxena,27,Male,51000,D03,1,Yes,3,2021-07-07
E05373,Vandana Saxena,54,Female,68000,D04,5,No,0,2024-01-15
E05374,Poonam Sharma,26,Female,63500,D05,2,No,3,2021-06-08
E05375,Archana Bhatt,52,Female,68500,D04,3,No,3,2021-04-09
E05376,Jyoti Bhatt,39,Female,,D07,3,No,2,2022-11-27
E05377,Hemant Desai,34,Male,64000,D03,2,Yes,12,2012-02-27
E05378,Amol Nair,38,Male,65000,D06,4,No,12,2012-06-04
E05379,Karan Gupta,41,Male,110000,D05,4,No,3,2021-03-14
E05380,Manoj Desai,52,Male,,D06,3,Yes,3,2021-10-26
E05381,Lokesh Reddy,37,Male,100500,D05,3,No,4,2020-11-08
E05382,Nikhil Shenoy,49,Male,85000,D03,5,No,3,2021-02-23
E05383,Nikhil Das,35,Male,,D01,3,No,0,2024-07-06
E05384,Devendra Shukla,32,Male,54500,D03,2,No,1,2023-07-16
E05385,Priya Pawar,27,Female,66500,D01,1,Yes,1,2023-10-28
E05386,Sudha Mehta,37,Female,55000,D06,4,No,11,2013-04-03
E05387,Sonal Joshi,41,Female,,D03,5,No,0,2024-05-23
E05388,Nisha Jain,50,Female,78500,D06,4,No,2,2022-07-18
E05389,Sanket Joshi,40,Male,68500,D03,3,Yes,5,2019-02-13
E05390,Manoj Bhatt,40,Male,70000,D06,5,No,14,2010-04-05
E05391,Rajesh Menon,49,Male,97000,D02,4,Yes,6,2018-07-17
E05392,Ruchika Joshi,55,Female,99500,D07,5,No,8,2016-08-12
E05393,Saurabh Bhatt,41,Male,78500,D02,3,No,8,2016-02-01
E05394,Lokesh Tiwari,33,Male,59000,D07,2,Yes,3,2021-03-19
E05395,Trupti Roy,36,Female,67000,D03,4,No,11,2013-02-19
E05396,Poornima Tiwari,38,Female,47000,D04,3,Yes,3,2021-12-11
E05397,Siddharth Sharma,28,Male,45500,D06,2,No,2,2022-03-01
E05398,Rajesh Shukla,40,Male,112000,D05,4,No,15,2009-03-10
E05399,Siddharth Iyer,55,Male,104000,D07,5,No,7,2017-01-11
E05400,Sudhir Iyer,23,Male,39000,D06,1,No,2,2022-09-28
E05401,Vikram Kaur,30,Male,48000,D03,3,No,1,2023-01-21
E05402,Sameer Mishra,38,Male,54000,D04,4,No,2,2022-04-02
E05403,Kartik Kaur,22,Male,45000,D02,3,No,0,2024-01-01
E05404,Ashwin Bhosale,58,Male,105000,D07,4,No,16,2008-09-08
E05405,Megha Menon,49,Female,,D07,3,Yes,7,2017-03-27
E05406,Poornima Gupta,22,Female,45000,D02,3,Yes,0,2024-08-04
E05407,Swati Agarwal,46,Female,112000,D01,4,No,16,2008-09-26
E05408,Sanket Tiwari,29,Male,45000,D03,3,No,2,2022-03-21
E05409,Arjun Yadav,51,Male,76500,D06,4,Yes,8,2016-02-04
E05410,Ajay Bhat,40,Male,80500,D07,3,Yes,16,2008-12-16
E05411,Deepak Shah,31,Male,57000,D03,2,No,9,2015-07-17
E05412,Ajit Joshi,58,Male,90000,D06,4,No,14,2010-09-22
E05413,Shailesh Yadav,43,Male,70500,D06,4,No,10,2014-08-03
E05414,Deepa Gupta,51,Female,125500,D01,5,No,2,2022-12-21
E05415,Vivek Bhat,36,Male,65500,D03,4,No,4,2020-02-21
E05416,Sejal Patel,45,Female,79000,D03,4,Yes,13,2011-07-08
E05417,Trupti Rao,56,Female,65500,D04,4,Yes,12,2012-02-03
E05418,Manish Kulkarni,54,Male,145000,D05,5,No,10,2014-10-09
E05419,Tanvi Kaur,43,Female,104500,D01,4,No,6,2018-04-13
E05420,Shweta Patel,35,Female,64000,D07,4,No,14,2010-05-01
E05421,Manish Shah,22,Male,35000,D04,3,Yes,0,2024-03-09
E05422,Sudha Tiwari,27,Female,45500,D06,2,No,4,2020-11-22
E05423,Tanvi Kumar,50,Female,124000,D05,3,No,11,2013-05-28
E05424,Devendra Reddy,39,Male,70000,D03,3,No,8,2016-09-20
E05425,Deepa Kulkarni,24,Female,71500,D05,2,No,0,2024-01-01
E05426,Amol Roy,35,Male,77500,D02,4,No,14,2010-04-03
E05427,Gayatri Agarwal,23,Female,50500,D07,1,No,2,2022-04-23
E05428,Devendra Bhatt,39,Male,,D01,4,Yes,3,2021-01-13
E05429,Smita Shah,23,Female,49000,D07,3,Yes,1,2023-10-06
E05430,Shailesh Pawar,40,Male,101500,D05,4,No,11,2013-12-12
E05431,Sonal Bhatt,46,Female,76500,D06,5,No,10,2014-05-19
E05432,Harish Nambiar,55,Male,143000,D05,5,No,3,2021-01-16
E05433,Vandana Patil,33,Female,74500,D01,3,No,9,2015-08-02
E05434,Abhijit Bhatt,30,Male,,D02,4,No,2,2022-06-11
E05435,Pranav Malhotra,51,Male,61000,D04,2,No,11,2013-02-18
E05436,Ritu Desai,46,Female,61000,D04,5,No,0,2024-01-09
E05437,Nandita Malhotra,48,Female,83500,D03,3,No,2,2022-03-11
E05438,Sudha Mishra,27,Female,71000,D05,3,No,0,2024-05-19
E05439,Hemant Desai,23,Male,46000,D06,2,No,2,2022-01-11
E05440,Divya Thakur,31,Female,51500,D07,2,No,6,2018-06-08
E05441,Kartik Singh,51,Male,65500,D04,5,No,12,2012-08-12
E05442,Rahul Patil,28,Male,57000,D07,2,Yes,5,2019-08-19
E05443,Jyoti Kumar,28,Female,53000,D02,2,No,5,2019-01-26
E05444,Ananya Shukla,48,Female,,D06,3,Yes,1,2023-02-19
E05445,Manasi Menon,35,Female,,D07,4,No,9,2015-11-08
E05446,Bharati Malhotra,33,Female,60000,D07,1,No,5,2019-06-17
E05447,Nisha Pillai,43,Female,,D06,4,No,8,2016-03-27
E05448,Tejas Pillai,30,Male,52000,D06,2,No,0,2024-01-06
E05449,Sonal Bhat,52,Female,78500,D06,5,No,0,2024-08-04
E05450,Shweta Rao,29,Female,47500,D07,3,No,5,2019-07-10
E05451,Amit Shenoy,51,Male,83500,D03,4,No,3,2021-09-09
E05452,Sheetal Yadav,31,Female,74000,D01,4,No,2,2022-12-28
E05453,Sejal Kumar,46,Female,,D04,3,Yes,6,2018-12-02
E05454,Abhijit Sharma,28,Male,69500,D05,3,No,1,2023-12-27
E05455,Chetana Patel,30,Female,60500,D07,1,No,5,2019-02-06
E05456,Bharat Sharma,26,Male,41000,D04,4,Yes,5,2019-02-19
E05457,Bharati Thakur,52,Female,72500,D04,5,Yes,12,2012-10-25
E05458,Nisha Shah,53,Female,132500,D01,4,No,4,2020-01-08
E05459,Kavya Malhotra,43,Female,56000,D04,2,Yes,5,2019-04-01
E05460,Nikhil Rao,50,Male,119500,D01,5,No,12,2012-05-08
E05461,Pooja Dubey,50,Female,82500,D06,3,Yes,5,2019-02-03
E05462,Saurabh Sharma,35,Male,49500,D06,3,Yes,6,2018-08-14
E05463,Shailesh Patel,53,Male,,D07,3,No,7,2017-02-02
E05464,Shruti Gupta,25,Female,44500,D07,2,No,1,2023-11-02
E05465,Rupali Bhat,44,Female,99500,D01,4,No,6,2018-09-27
E05466,Nikhil Bhosale,55,Male,114500,D02,3,No,5,2019-12-20
E05467,Anita Kulkarni,56,Female,150000,D05,5,No,0,2024-08-25
E05468,Namita Bhosale,52,Female,93000,D07,5,No,10,2014-05-07
E05469,Rajesh Bhatt,37,Male,61500,D07,2,No,5,2019-11-25
E05470,Reena Kumar,26,Female,35000,D04,3,No,5,2019-09-09
E05471,Chetan Menon,31,Male,58000,D02,3,No,10,2014-12-09
E05472,Leena Saxena,56,Female,97500,D03,5,No,11,2013-11-13
E05473,Ruchika Patel,38,Female,70000,D02,3,No,11,2013-08-05
E05474,Vandana Singh,52,Female,121500,D01,4,No,6,2018-10-03
E05475,Sheetal Bhat,29,Female,48500,D07,2,Yes,3,2021-12-20
E05476,Varun Yadav,29,Male,49500,D07,4,No,7,2017-03-27
E05477,Bharati Reddy,25,Female,75500,D05,2,No,3,2021-09-01
E05478,Shruti Shenoy,47,Female,,D02,4,No,15,2009-06-07
E05479,Chetan Menon,55,Male,87000,D06,5,No,2,2022-09-27
E05480,Saurabh Patil,54,Male,,D03,4,No,10,2014-06-01
E05481,Rakesh Patel,38,Male,47000,D04,2,No,14,2010-09-11
E05482,Tushar Bhat,32,Male,52000,D06,2,No,11,2013-03-10
E05483,Anita Thakur,48,Female,93000,D07,5,No,11,2013-02-23
E05484,Megha Gupta,26,Female,43000,D03,2,Yes,3,2021-12-07
E05485,Priya Patel,30,Female,44000,D06,4,No,2,2022-02-20
E05486,Jyoti Shah,35,Female,80000,D01,2,No,0,2024-06-20
E05487,Arjun Yadav,31,Male,58000,D06,1,No,2,2022-03-23
E05488,Girish Bhatt,48,Male,89000,D07,4,No,14,2010-01-27
E05489,Ajit Shenoy,32,Male,79500,D05,2,Yes,6,2018-12-14
E05490,Amol Chauhan,53,Male,102500,D02,4,No,9,2015-10-22
E05491,Reena Verma,29,Female,52000,D02,4,Yes,3,2021-06-11
E05492,Rajesh Pillai,49,Male,73000,D06,3,Yes,12,2012-07-19
E05493,Roshni Saxena,40,Female,93000,D01,1,Yes,2,2022-05-17
E05494,Ruchika Pawar,33,Female,87500,D01,4,No,5,2019-06-11
E05495,Namita Tiwari,22,Female,45000,D02,2,No,1,2023-06-01
E05496,Deepa Bhosale,32,Female,65500,D02,2,Yes,8,2016-05-26
E05497,Shailesh Roy,57,Male,,D06,5,Yes,13,2011-07-17
E05498,Riddhi Iyer,55,Female,91500,D03,3,No,9,2015-12-07
E05499,Nisha Desai,28,Female,47000,D04,1,No,3,2021-11-15
E05500,Vandana Joshi,23,Female,63500,D01,2,Yes,2,2022-11-28
E05501,Saurabh Yadav,36,Male,,D05,4,No,14,2010-08-24
E05502,Deepika Thakur,28,Female,54500,D03,3,No,0,2024-12-12
E05503,Madhuri Agarwal,24,Female,40000,D03,2,No,2,2022-08-04
E05504,Vrinda Yadav,44,Female,85500,D07,5,No,2,2022-06-23
E05505,Kartik Mehta,34,Male,50500,D04,3,No,12,2012-10-02
E05506,Dinesh Chauhan,47,Male,70000,D06,4,No,7,2017-01-25
E05507,Riddhi Dubey,28,Female,43500,D03,2,No,5,2019-11-26
E05508,Ritu Bhosale,46,Female,67000,D04,4,Yes,14,2010-05-04
E05509,Komal Ghosh,50,Female,127500,D05,4,No,13,2011-04-22
E05510,Devendra Mehta,28,Male,47000,D04,2,No,5,2019-10-26
E05511,Kavya Bhatt,55,Female,68500,D04,4,No,15,2009-09-06
E05512,Gaurav Tiwari,27,Male,61000,D01,1,No,6,2018-02-01
E05513,Ajit Mehta,39,Male,105500,D05,3,No,2,2022-05-03
E05514,Devendra Bhosale,41,Male,52500,D04,2,Yes,2,2022-06-22
E05515,Ritu Pillai,54,Female,125500,D01,4,No,2,2022-03-09
E05516,Komal Sharma,54,Female,135000,D01,4,No,15,2009-01-19
E05517,Anita Pillai,48,Female,72500,D06,3,No,5,2019-06-09
E05518,Lokesh Shukla,28,Male,44000,D06,2,No,4,2020-07-13
E05519,Tushar Iyer,58,Male,69500,D04,4,No,4,2020-04-23
E05520,Sudhir Nambiar,37,Male,79500,D02,4,No,9,2015-12-09
E05521,Chetan Iyer,58,Male,82500,D06,5,No,6,2018-09-24
E05522,Nikhil Shenoy,41,Male,63500,D03,2,No,4,2020-08-17
E05523,Archana Agarwal,28,Female,53000,D06,1,Yes,4,2020-08-20
E05524,Neha Pawar,32,Female,53000,D04,3,Yes,10,2014-01-27
E05525,Ajay Kulkarni,31,Male,84000,D01,3,No,10,2014-01-01
E05526,Nitin Chauhan,57,Male,115000,D02,5,No,8,2016-07-11
E05527,Gaurav Menon,29,Male,59000,D02,3,No,8,2016-02-13
E05528,Ramesh Iyer,31,Male,,D02,2,Yes,7,2017-03-08
E05529,Deepa Kulkarni,35,Female,93000,D05,1,No,14,2010-11-22
E05530,Rupali Menon,32,Female,67500,D02,2,No,3,2021-03-06
E05531,Kavya Dubey,58,Female,68500,D04,3,No,1,2023-09-23
E05532,Ajay Rao,50,Male,94500,D07,5,Yes,10,2014-12-22
E05533,Pallavi Desai,50,Female,94000,D02,3,No,15,2009-01-23
E05534,Sunita Desai,32,Female,67000,D02,3,No,5,2019-10-22
E05535,Deepika Thakur,25,Female,63000,D05,2,No,3,2021-05-28
E05536,Piyush Sharma,57,Male,105000,D02,5,No,14,2010-08-08
E05537,Deepika Mishra,55,Female,75000,D04,5,No,15,2009-02-24
E05538,Vivek Rao,43,Male,86000,D02,5,No,6,2018-08-25
E05539,Chetana Singh,42,Female,59000,D04,4,No,9,2015-11-27
E05540,Abhijit Kulkarni,29,Male,63000,D02,3,Yes,0,2024-08-20
E05541,Divya Menon,38,Female,55500,D06,1,No,14,2010-06-14
E05542,Swati Singh,27,Female,46500,D04,4,Yes,5,2019-12-27
E05543,Ruchika Bhat,51,Female,73500,D04,4,Yes,9,2015-08-08
E05544,Pallavi Desai,54,Female,132500,D05,4,No,15,2009-02-23
E05545,Ajay Verma,32,Male,61000,D03,3,No,9,2015-03-08
E05546,Chetan Reddy,36,Male,57500,D03,2,No,15,2009-02-25
E05547,Pratik Pillai,25,Male,53000,D07,4,No,1,2023-09-28
E05548,Suresh Patil,50,Male,,D06,4,No,3,2021-03-23
E05549,Jyoti Das,56,Female,140000,D01,5,No,15,2009-12-12
E05550,Ajit Iyer,30,Male,61500,D07,3,Yes,7,2017-09-02
E05551,Megha Yadav,28,Female,39500,D06,2,No,6,2018-03-01
E05552,Preeti Gupta,36,Female,88000,D05,4,No,12,2012-10-03
E05553,Ananya Bhosale,46,Female,74500,D06,4,No,13,2011-05-09
E05554,Pooja Gupta,28,Female,46500,D03,4,No,2,2022-08-25
E05555,Rahul Shah,54,Male,77000,D06,3,No,16,2008-08-05
E05556,Nikhil Menon,52,Male,89500,D07,4,Yes,15,2009-12-27
E05557,Girish Nair,37,Male,96500,D01,3,Yes,3,2021-12-09
E05558,Sanket Menon,48,Male,,D04,3,No,11,2013-10-15
E05559,Manasi Verma,44,Female,91500,D02,3,No,9,2015-07-24
E05560,Pratik Ghosh,56,Male,107500,D02,5,Yes,13,2011-11-20
E05561,Divya Shukla,30,Female,73500,D05,1,No,7,2017-08-25
E05562,Sanket Kumar,27,Male,43000,D07,3,No,0,2024-01-16
E05563,Manoj Menon,48,Male,,D02,4,No,8,2016-02-19
E05564,Gaurav Tiwari,25,Male,43000,D06,2,No,0,2024-10-07
E05565,Poonam Agarwal,45,Female,81000,D03,4,No,11,2013-12-10
E05566,Madhuri Pawar,33,Female,55000,D03,3,No,12,2012-08-27
E05567,Abhijit Saxena,23,Male,43500,D04,2,No,1,2023-09-13
E05568,Rahul Ghosh,29,Male,58500,D02,3,No,6,2018-10-18
E05569,Sunil Dubey,35,Male,86500,D01,3,No,7,2017-09-28
E05570,Sudhir Kumar,33,Male,88500,D01,2,No,2,2022-07-07
E05571,Ashwin Bhatt,52,Male,118500,D01,3,No,5,2019-07-06
E05572,Amol Pillai,34,Male,59000,D03,2,Yes,2,2022-09-28
E05573,Sudhir Desai,23,Male,,D06,3,Yes,0,2024-03-12
E05574,Gaurav Gupta,58,Male,140000,D01,5,No,5,2019-09-25
E05575,Trupti Nambiar,49,Female,92000,D07,3,No,14,2010-09-07
E05576,Deepa Shukla,35,Female,47000,D04,2,No,1,2023-04-16
E05577,Madhuri Mehta,41,Female,68000,D06,4,No,3,2021-12-20
E05578,Chetan Agarwal,42,Male,104500,D01,4,No,4,2020-01-17
E05579,Namita Patil,54,Female,87000,D03,5,No,8,2016-01-12
E05580,Bharati Kaur,35,Female,53000,D06,3,No,0,2024-02-02
E05581,Vandana Dubey,52,Female,,D02,4,No,10,2014-08-26
E05582,Varun Shukla,37,Male,65000,D06,5,No,3,2021-11-06
E05583,Anita Agarwal,58,Female,103000,D07,4,Yes,10,2014-11-01
E05584,Varun Desai,49,Male,73000,D04,5,No,14,2010-03-08
E05585,Vinay Sharma,50,Male,93500,D03,5,No,2,2022-07-07
E05586,Archana Saxena,22,Female,63500,D05,2,Yes,0,2024-08-07
E05587,Girish Ghosh,39,Male,94500,D05,2,No,6,2018-07-03
E05588,Sneha Iyer,27,Female,70500,D05,3,No,3,2021-06-01
E05589,Meera Jain,58,Female,,D02,5,No,4,2020-09-08
E05590,Nikhil Kaur,36,Male,70000,D03,4,No,2,2022-02-22
E05591,Preeti Nambiar,37,Female,101500,D05,3,No,1,2023-06-18
E05592,Shweta Pandey,28,Female,,D04,1,No,3,2021-02-15
E05593,Sanket Desai,42,Male,,D04,3,No,2,2022-05-15
E05594,Nitin Pandey,25,Male,68500,D05,2,No,4,2020-10-16
E05595,Tushar Kaur,52,Male,,D05,5,No,16,2008-02-14
E05596,Ruchika Kumar,28,Female,76000,D05,2,No,7,2017-05-21
E05597,Tushar Malhotra,54,Male,95500,D07,4,No,9,2015-06-15
E05598,Piyush Gupta,55,Male,102000,D07,5,No,10,2014-12-11
E05599,Manasi Agarwal,36,Female,,D02,3,No,14,2010-12-12
E05600,Roshni Thakur,31,Female,44500,D04,2,No,0,2024-02-21
E05601,Shruti Shukla,58,Female,143500,D05,4,No,1,2023-06-05
E05602,Chetan Tiwari,38,Male,48500,D04,3,Yes,3,2021-07-24
E05603,Ananya Bhat,47,Female,71000,D06,4,No,6,2018-03-08
E05604,Sudhir Kulkarni,34,Male,60500,D06,1,No,3,2021-04-21
E05605,Sheetal Das,42,Female,113000,D05,5,No,5,2019-09-26
E05606,Roshni Bhatt,42,Female,,D02,5,No,15,2009-10-15
E05607,Arjun Nair,56,Male,127500,D01,5,No,1,2023-01-07
E05608,Abhijit Shenoy,22,Male,64000,D05,3,No,1,2023-05-10
E05609,Piyush Nair,53,Male,82500,D06,4,No,13,2011-06-01
E05610,Siddharth Singh,27,Male,49000,D02,2,Yes,6,2018-10-04
E05611,Reena Menon,52,Female,133500,D01,4,No,14,2010-07-24
E05612,Amol Pillai,35,Male,85000,D05,3,No,1,2023-11-02
E05613,Saurabh Bhosale,40,Male,68500,D03,3,No,0,2024-09-08
E05614,Girish Tiwari,22,Male,36000,D04,4,Yes,0,2024-02-05
E05615,Mohit Dubey,53,Male,64500,D04,3,Yes,3,2021-08-10
E05616,Saurabh Mishra,28,Male,43500,D03,3,No,6,2018-05-18
E05617,Sanjay Shukla,51,Male,86000,D06,4,No,6,2018-11-05
E05618,Aparna Shukla,48,Female,,D02,5,No,11,2013-06-12
E05619,Hemant Dubey,58,Male,98500,D07,5,No,8,2016-11-19
E05620,Sudha Thakur,37,Female,84000,D01,2,No,12,2012-06-09
E05621,Sunita Thakur,58,Female,,D01,5,Yes,10,2014-03-25
E05622,Sudhir Roy,52,Male,,D01,5,No,14,2010-02-08
E05623,Ritu Kumar,31,Female,81500,D01,2,No,0,2024-01-10
E05624,Aakash Gupta,25,Male,64000,D05,2,No,4,2020-07-11
E05625,Vandana Kulkarni,46,Female,78500,D07,3,No,5,2019-03-20
E05626,Sheetal Shah,51,Female,116000,D01,3,No,11,2013-07-16
E05627,Sejal Yadav,24,Female,35000,D04,2,No,3,2021-05-22
E05628,Sejal Kulkarni,34,Female,92500,D05,3,No,9,2015-11-22
E05629,Karan Saxena,51,Male,59500,D04,3,Yes,1,2023-05-17
E05630,Ritu Bhosale,37,Female,72000,D02,1,No,10,2014-04-18
E05631,Harish Bhat,32,Male,53500,D07,3,No,5,2019-01-14
E05632,Neha Joshi,36,Female,58500,D07,2,No,2,2022-05-14
E05633,Ajay Kulkarni,25,Male,49000,D07,3,Yes,2,2022-12-10
E05634,Karan Reddy,53,Male,134000,D01,5,No,1,2023-02-23
E05635,Vikram Thakur,24,Male,66000,D05,3,No,0,2024-10-19
E05636,Aparna Verma,25,Female,43000,D06,2,No,3,2021-07-17
E05637,Swati Menon,44,Female,93500,D02,4,No,14,2010-08-13
E05638,Riddhi Agarwal,41,Female,83500,D02,3,Yes,5,2019-08-16
E05639,Ritu Nambiar,50,Female,,D03,4,No,8,2016-03-28
E05640,Deepa Shukla,44,Female,83000,D02,4,No,16,2008-02-09
E05641,Amit Verma,36,Male,55500,D06,3,Yes,14,2010-08-15
E05642,Reena Patil,55,Female,75000,D04,5,No,6,2018-07-05
E05643,Bharati Mishra,35,Female,74500,D02,2,No,7,2017-04-21
E05644,Megha Singh,49,Female,93000,D03,4,No,11,2013-09-05
E05645,Bharati Ghosh,26,Female,49500,D03,2,No,5,2019-09-19
E05646,Sejal Das,42,Female,117500,D05,4,No,3,2021-05-22
E05647,Vinay Kulkarni,34,Male,,D04,3,No,7,2017-07-04
E05648,Pooja Shah,44,Female,78500,D07,4,No,11,2013-02-02
E05649,Chetan Kulkarni,47,Male,,D07,4,No,12,2012-02-03
E05650,Meera Das,50,Female,85000,D07,3,No,14,2010-01-27
E05651,Devendra Mehta,44,Male,,D07,3,Yes,5,2019-11-28
E05652,Ramesh Shah,47,Male,127000,D05,2,No,15,2009-07-20
E05653,Piyush Shenoy,30,Male,,D06,3,No,1,2023-10-27
E05654,Ajit Joshi,37,Male,74500,D02,3,No,3,2021-01-27
E05655,Smita Shukla,30,Female,81500,D01,1,No,2,2022-04-26
E05656,Sunil Nambiar,38,Male,,D07,3,Yes,2,2022-08-05
E05657,Shruti Reddy,26,Female,42000,D07,3,No,4,2020-12-13
E05658,Vinay Roy,53,Male,145000,D05,5,No,6,2018-06-01
E05659,Suresh Shenoy,28,Male,64500,D02,2,No,1,2023-03-12
E05660,Preeti Desai,28,Female,54500,D02,3,No,0,2024-06-09
E05661,Sejal Chauhan,29,Female,49000,D06,3,No,6,2018-12-05
E05662,Sanjay Patel,40,Male,77000,D03,4,Yes,7,2017-10-10
E05663,Ramesh Verma,50,Male,91500,D07,5,No,8,2016-12-12
E05664,Deepa Iyer,30,Female,60000,D02,1,Yes,7,2017-07-22
E05665,Sejal Bhatt,53,Female,103000,D02,4,No,5,2019-08-19
E05666,Anita Mishra,29,Female,,D06,2,No,0,2024-07-15
E05667,Deepak Shenoy,34,Male,82000,D01,2,No,3,2021-12-09
E05668,Rakesh Kulkarni,38,Male,73500,D02,4,No,14,2010-12-12
E05669,Varun Reddy,38,Male,106000,D05,5,No,14,2010-03-10
E05670,Pranav Menon,43,Male,84500,D07,3,No,7,2017-06-01
E05671,Sunita Bhat,22,Female,45000,D02,1,No,1,2023-08-28
E05672,Madhuri Pawar,53,Female,80500,D06,5,No,4,2020-03-06
E05673,Shailesh Gupta,24,Male,38000,D06,2,No,0,2024-11-05
E05674,Sanjay Rao,56,Male,75000,D04,4,No,6,2018-09-10
E05675,Karan Joshi,28,Male,53000,D03,1,No,6,2018-04-18
E05676,Nitin Pandey,54,Male,74500,D04,5,No,9,2015-10-03
E05677,Aparna Mehta,36,Female,61000,D06,2,Yes,9,2015-05-26
E05678,Vrinda Pawar,34,Female,54500,D04,5,Yes,5,2019-10-10
E05679,Nisha Bhat,48,Female,59500,D04,4,No,7,2017-05-06
E05680,Varun Desai,29,Male,43000,D04,3,No,2,2022-05-20
E05681,Trupti Yadav,29,Female,78500,D01,2,No,4,2020-01-28
E05682,Namita Shah,33,Female,47000,D04,3,Yes,10,2014-11-26
E05683,Abhijit Mishra,36,Male,57000,D03,2,No,6,2018-09-08
E05684,Vivek Saxena,42,Male,63000,D04,4,Yes,10,2014-02-11
E05685,Karan Dubey,41,Male,54500,D04,4,No,1,2023-06-19
E05686,Trupti Bhatt,27,Female,51000,D02,2,No,4,2020-09-22
E05687,Dinesh Ghosh,53,Male,98000,D07,5,No,12,2012-10-24
E05688,Chetana Menon,28,Female,49000,D07,3,No,3,2021-08-07
E05689,Manoj Rao,27,Male,55000,D07,3,No,0,2024-12-13
E05690,Sunita Malhotra,55,Female,75000,D04,4,No,16,2008-08-07
E05691,Piyush Shukla,38,Male,72500,D03,5,No,3,2021-11-18
E05692,Sudhir Bhosale,25,Male,38000,D06,2,No,2,2022-04-24
E05693,Siddharth Jain,26,Male,63000,D05,2,No,4,2020-10-19
E05694,Trupti Mehta,29,Female,39500,D04,2,Yes,2,2022-07-03
E05695,Bharat Mishra,27,Male,60500,D02,2,No,1,2023-09-22
E05696,Devendra Bhosale,23,Male,60000,D05,2,No,0,2024-12-08
E05697,Chetan Yadav,29,Male,64000,D01,2,Yes,4,2020-11-28
E05698,Harish Roy,44,Male,79500,D03,4,No,14,2010-03-13
E05699,Sudhir Kumar,22,Male,60000,D05,1,No,1,2023-08-27
E05700,Chetana Malhotra,23,Female,45000,D02,3,No,1,2023-11-02
E05701,Vivek Thakur,58,Male,105000,D07,5,No,8,2016-09-17
E05702,Sanket Nambiar,40,Male,81000,D07,3,No,16,2008-12-10
E05703,Sudha Ghosh,24,Female,45000,D03,3,Yes,1,2023-08-02
E05704,Ritu Bhat,39,Female,70500,D06,3,No,6,2018-07-03
E05705,Deepa Tiwari,52,Female,132500,D01,5,No,13,2011-03-27
E05706,Deepika Pawar,24,Female,46000,D06,2,Yes,0,2024-10-14
E05707,Deepika Patil,54,Female,104500,D07,3,No,11,2013-07-24
E05708,Jyoti Nambiar,51,Female,92000,D07,4,Yes,16,2008-10-11
E05709,Megha Shukla,35,Female,81500,D01,3,No,10,2014-07-03
E05710,Sonal Verma,37,Female,69000,D07,2,No,12,2012-02-21
E05711,Ritu Pillai,47,Female,,D05,2,Yes,14,2010-12-17
E05712,Chetan Bhatt,42,Male,116500,D05,5,No,0,2024-08-10
E05713,Rajesh Nambiar,43,Male,72500,D03,4,No,12,2012-06-14
E05714,Piyush Pillai,57,Male,90000,D06,4,No,3,2021-04-20
E05715,Tejas Singh,40,Male,68500,D07,2,No,3,2021-01-08
E05716,Arjun Saxena,56,Male,74000,D04,3,No,6,2018-08-24
E05717,Varun Malhotra,58,Male,105000,D07,5,No,6,2018-12-16
E05718,Aakash Iyer,30,Male,85500,D05,1,Yes,9,2015-03-20
E05719,Priya Agarwal,42,Female,,D04,4,No,8,2016-12-01
E05720,Vandana Agarwal,27,Female,62500,D01,1,No,4,2020-03-18
E05721,Komal Saxena,37,Female,,D05,3,No,4,2020-07-18
E05722,Nilesh Reddy,37,Male,92500,D05,2,No,7,2017-07-24
E05723,Meera Saxena,25,Female,45000,D03,2,No,3,2021-02-20
E05724,Hemant Tiwari,56,Male,135500,D01,3,No,3,2021-11-03
E05725,Trupti Nair,33,Female,73500,D02,3,No,3,2021-02-24
E05726,Vandana Kulkarni,35,Female,59500,D06,4,Yes,2,2022-01-03
E05727,Rahul Chauhan,32,Male,59000,D02,3,No,11,2013-03-21
E05728,Pallavi Malhotra,55,Female,114500,D02,5,No,1,2023-02-20
E05729,Dinesh Jain,38,Male,73500,D02,1,No,7,2017-08-10
E05730,Deepika Pandey,57,Female,98000,D03,4,Yes,15,2009-01-05
E05731,Aakash Singh,26,Male,46000,D03,1,Yes,0,2024-10-28
E05732,Riddhi Yadav,33,Female,74500,D02,3,No,4,2020-02-01
E05733,Swati Mishra,24,Female,45500,D03,1,No,3,2021-04-04
E05734,Sheetal Kumar,57,Female,75000,D04,5,No,14,2010-07-27
E05735,Roshni Roy,50,Female,73500,D06,5,No,13,2011-03-24
E05736,Smita Roy,27,Female,74500,D01,1,No,0,2024-12-10
E05737,Siddharth Kaur,33,Male,59000,D02,1,No,6,2018-06-04
E05738,Kavya Tiwari,31,Female,63500,D07,4,No,8,2016-09-01
E05739,Ashwin Jain,48,Male,117500,D05,3,No,11,2013-01-17
E05740,Tushar Sharma,38,Male,81500,D02,3,Yes,1,2023-05-16
E05741,Jyoti Roy,50,Female,94000,D03,4,No,4,2020-07-08
E05742,Sheetal Mehta,36,Female,75500,D02,3,No,6,2018-06-18
E05743,Karan Reddy,52,Male,81000,D06,4,No,0,2024-01-05
E05744,Varun Verma,49,Male,97000,D02,4,No,9,2015-11-03
E05745,Sudhir Kulkarni,34,Male,68500,D02,1,Yes,6,2018-01-09
E05746,Shweta Saxena,29,Female,52500,D06,3,No,8,2016-10-05
E05747,Sonal Agarwal,48,Female,72500,D06,3,No,7,2017-04-08
E05748,Hemant Pandey,57,Male,96500,D07,5,No,16,2008-02-12
E05749,Anil Joshi,31,Male,62500,D03,3,No,8,2016-11-02
E05750,Vinay Desai,37,Male,59000,D04,3,No,6,2018-04-07
E05751,Ajit Kulkarni,46,Male,79000,D06,5,No,11,2013-06-13
E05752,Nikhil Sharma,56,Male,133500,D01,4,No,6,2018-09-23
E05753,Saurabh Dubey,45,Male,105000,D01,4,Yes,5,2019-12-09
E05754,Nandita Shah,38,Female,46500,D04,3,Yes,5,2019-01-04
E05755,Mohit Verma,22,Male,,D04,3,No,1,2023-02-26
E05756,Chetan Rao,29,Male,61500,D07,3,No,7,2017-04-10
E05757,Suresh Thakur,45,Male,92500,D02,4,No,7,2017-10-26
E05758,Tanvi Joshi,56,Female,66500,D04,4,Yes,5,2019-11-06
E05759,Vikram Joshi,42,Male,105000,D05,5,No,15,2009-12-11
E05760,Sameer Gupta,33,Male,67500,D02,1,No,7,2017-12-09
E05761,Poonam Pawar,55,Female,82000,D06,3,No,4,2020-04-12
E05762,Anil Saxena,33,Male,83500,D01,3,No,4,2020-10-05
E05763,Sonal Rao,39,Female,68500,D03,5,No,14,2010-11-19
E05764,Pratik Nair,22,Male,40000,D03,3,Yes,0,2024-06-24
E05765,Vandana Pillai,36,Female,85000,D01,2,Yes,7,2017-05-20
E05766,Ajit Ghosh,55,Male,68500,D04,5,No,9,2015-04-08
E05767,Bharati Sharma,31,Female,75000,D05,2,No,3,2021-01-02
E05768,Amol Patel,26,Male,67000,D01,2,No,2,2022-01-16
E05769,Divya Kumar,48,Female,91500,D02,4,No,16,2008-05-24
E05770,Megha Saxena,38,Female,72500,D07,2,No,15,2009-06-12
E05771,Manoj Roy,57,Male,140000,D01,5,No,12,2012-02-08
E05772,Chetana Das,56,Female,105000,D07,5,No,0,2024-08-08
E05773,Dinesh Ghosh,36,Male,61000,D03,2,No,9,2015-03-18
E05774,Deepak Roy,50,Male,92500,D02,4,No,6,2018-03-07
E05775,Deepa Saxena,38,Female,82500,D02,3,Yes,4,2020-08-23
E05776,Archana Iyer,38,Female,,D03,4,No,1,2023-03-08
E05777,Sudhir Mishra,39,Male,63500,D06,4,Yes,0,2024-06-24
E05778,Tushar Rao,53,Male,87500,D06,5,No,8,2016-10-02
E05779,Sanket Kumar,34,Male,,D07,1,Yes,2,2022-05-25
E05780,Manasi Shah,36,Female,,D02,3,No,8,2016-08-07
E05781,Tanvi Mishra,47,Female,90500,D02,5,No,3,2021-05-04
E05782,Trupti Mehta,57,Female,140000,D01,4,No,14,2010-05-19
E05783,Pratik Bhatt,48,Male,,D03,4,Yes,11,2013-12-04
E05784,Ramesh Malhotra,39,Male,71000,D03,4,No,14,2010-05-12
E05785,Ashwin Verma,53,Male,75000,D04,5,No,6,2018-04-16
E05786,Ashwin Rao,53,Male,123000,D01,4,No,3,2021-05-13
E05787,Amol Pandey,55,Male,114500,D02,5,No,0,2024-05-06
E05788,Megha Nair,37,Female,83000,D01,3,No,5,2019-07-12
E05789,Sunita Agarwal,34,Female,,D04,4,Yes,7,2017-04-11
E05790,Dinesh Gupta,32,Male,60000,D07,2,Yes,9,2015-08-26
E05791,Mohit Shukla,47,Male,81500,D03,4,No,6,2018-06-08
E05792,Divya Shah,42,Female,68000,D03,4,No,13,2011-03-27
E05793,Nitin Chauhan,25,Male,57500,D01,1,No,3,2021-02-19
E05794,Manish Bhosale,50,Male,88500,D03,4,No,8,2016-02-10
E05795,Ruchika Rao,36,Female,54500,D04,5,No,12,2012-10-26
E05796,Abhijit Bhat,31,Male,63000,D07,2,No,4,2020-04-19
E05797,Vikram Gupta,51,Male,133000,D05,4,No,5,2019-04-23
E05798,Tushar Das,53,Male,91500,D07,5,Yes,11,2013-07-08
E05799,Jyoti Shah,46,Female,,D02,3,No,16,2008-08-15
E05800,Siddharth Shukla,51,Male,,D02,4,No,9,2015-07-17
E05801,Padmaja Shukla,38,Female,57000,D04,5,No,5,2019-10-08
E05802,Lokesh Nambiar,31,Male,54500,D06,2,No,9,2015-01-18
E05803,Rupali Ghosh,36,Female,63500,D06,4,No,13,2011-12-24
E05804,Gayatri Rao,45,Female,89500,D02,2,No,7,2017-07-01
E05805,Rajesh Sharma,57,Male,,D03,5,No,6,2018-09-08
E05806,Tanvi Nair,56,Female,81500,D06,5,No,0,2024-11-16
E05807,Kavya Kulkarni,33,Female,57000,D03,2,Yes,11,2013-02-14
E05808,Nikhil Shenoy,23,Male,,D02,2,No,0,2024-11-10
E05809,Tanvi Patel,52,Female,87000,D06,4,No,11,2013-09-14
E05810,Vrinda Singh,41,Female,83000,D02,4,Yes,16,2008-04-07
E05811,Sneha Shukla,58,Female,84000,D06,3,No,5,2019-07-20
E05812,Padmaja Malhotra,40,Female,,D02,4,No,6,2018-06-19
E05813,Sneha Tiwari,41,Female,50500,D04,2,No,1,2023-10-05
E05814,Swati Kaur,48,Female,,D04,5,No,8,2016-08-04
E05815,Manasi Roy,24,Female,35000,D04,1,Yes,0,2024-12-02
E05816,Poornima Bhat,46,Female,65500,D06,2,No,1,2023-03-06
E05817,Pallavi Joshi,35,Female,87000,D05,2,Yes,2,2022-04-11
E05818,Pranav Desai,43,Male,72000,D06,4,Yes,12,2012-03-21
E05819,Pranav Thakur,38,Male,72500,D07,3,No,0,2024-10-09
E05820,Ruchika Desai,44,Female,85000,D02,4,No,10,2014-02-15
E05821,Nitin Saxena,42,Male,108000,D01,4,No,5,2019-07-05
E05822,Swati Singh,34,Female,,D06,3,Yes,1,2023-05-23
E05823,Gaurav Das,54,Male,100000,D03,4,Yes,16,2008-10-20
E05824,Nitin Dubey,58,Male,90000,D06,4,No,3,2021-09-19
E05825,Rajesh Saxena,25,Male,35000,D04,2,Yes,0,2024-04-22
E05826,Lokesh Roy,55,Male,72000,D04,4,Yes,10,2014-09-01
E05827,Poornima Shukla,24,Female,40000,D03,3,No,3,2021-06-03
E05828,Megha Desai,33,Female,62500,D07,2,No,7,2017-11-02
E05829,Preeti Rao,54,Female,137000,D01,4,No,0,2024-05-03
E05830,Sonal Shukla,41,Female,62500,D06,3,Yes,3,2021-01-27
E05831,Rahul Gupta,57,Male,72000,D04,5,Yes,12,2012-03-23
E05832,Madhuri Kumar,36,Female,69500,D03,5,No,5,2019-02-03
E05833,Tanvi Pawar,36,Female,75500,D02,3,Yes,10,2014-02-23
E05834,Abhijit Pillai,27,Male,51500,D02,3,No,1,2023-03-04
E05835,Poornima Bhat,29,Female,,D04,3,Yes,0,2024-04-11
E05836,Gayatri Kulkarni,39,Female,101000,D01,3,Yes,14,2010-03-16
E05837,Ruchika Desai,29,Female,63500,D02,3,Yes,2,2022-07-07
E05838,Sunil Singh,57,Male,90000,D06,5,Yes,4,2020-03-20
E05839,Deepak Rao,35,Male,42000,D04,3,Yes,4,2020-11-11
E05840,Sneha Pawar,32,Female,82000,D05,1,No,3,2021-01-14
E05841,Kavya Joshi,58,Female,100000,D03,5,No,3,2021-10-15
E05842,Ruchika Roy,46,Female,64000,D04,5,Yes,7,2017-02-13
E05843,Deepika Bhatt,34,Female,59000,D06,3,No,4,2020-09-15
E05844,Komal Shah,30,Female,86000,D05,3,No,0,2024-07-20
E05845,Manish Shah,24,Male,46500,D06,2,Yes,2,2022-04-03
E05846,Poornima Shenoy,43,Female,112000,D05,3,No,3,2021-04-09
E05847,Sameer Roy,55,Male,125000,D01,4,No,8,2016-03-28
E05848,Rajesh Malhotra,47,Male,85000,D03,2,No,11,2013-05-12
E05849,Nandita Das,24,Female,38500,D04,2,No,0,2024-05-08
E05850,Archana Roy,41,Female,72000,D07,3,No,0,2024-07-02
E05851,Vinay Thakur,41,Male,97500,D01,4,No,4,2020-02-19
E05852,Ramesh Pawar,51,Male,,D04,5,No,1,2023-09-17
E05853,Tejas Pillai,46,Male,91000,D07,4,No,14,2010-08-02
E05854,Shweta Roy,41,Female,103500,D01,4,No,4,2020-12-15
E05855,Shweta Patil,30,Female,47500,D06,3,No,8,2016-09-17
E05856,Dinesh Patel,49,Male,,D02,3,No,8,2016-03-05
E05857,Pallavi Jain,41,Female,72500,D06,3,No,16,2008-06-01
E05858,Arjun Kumar,46,Male,84500,D07,3,No,2,2022-01-16
E05859,Shweta Sharma,43,Female,108000,D01,4,No,9,2015-11-26
E05860,Karan Saxena,24,Male,51500,D02,2,Yes,1,2023-11-26
E05861,Pranav Kumar,50,Male,127500,D05,5,No,13,2011-12-21
E05862,Preeti Bhat,26,Female,44000,D03,1,Yes,2,2022-01-03
E05863,Manoj Bhatt,56,Male,100500,D07,4,No,13,2011-08-15
E05864,Lokesh Patil,35,Male,59000,D07,2,Yes,0,2024-10-10
E05865,Preeti Patel,22,Female,38500,D06,3,No,1,2023-01-03
E05866,Deepa Menon,52,Female,87000,D06,4,No,7,2017-10-05
E05867,Aakash Saxena,46,Male,74500,D03,4,No,10,2014-01-17
E05868,Bharati Pillai,48,Female,89000,D07,3,No,13,2011-11-24
E05869,Megha Nair,37,Female,46000,D04,3,No,8,2016-10-23
E05870,Vivek Joshi,41,Male,107000,D01,4,No,12,2012-02-17
E05871,Siddharth Bhat,31,Male,41000,D04,3,No,5,2019-01-12
E05872,Lokesh Patel,49,Male,78500,D06,5,No,3,2021-04-09
E05873,Harish Pandey,57,Male,132500,D01,3,No,10,2014-07-06
E05874,Dinesh Saxena,25,Male,40000,D03,1,No,2,2022-02-10
E05875,Anil Kumar,47,Male,110000,D01,2,No,12,2012-05-08
E05876,Leena Bhat,46,Female,65000,D06,3,No,11,2013-12-07
E05877,Abhijit Agarwal,52,Male,66500,D04,5,No,7,2017-08-16
E05878,Rajesh Menon,52,Male,132000,D05,5,No,2,2022-03-28
E05879,Nikhil Das,31,Male,53000,D04,3,No,1,2023-03-09
E05880,Padmaja Dubey,58,Female,150000,D05,5,No,9,2015-11-27
E05881,Nitin Shenoy,29,Male,64500,D02,4,No,7,2017-06-13
E05882,Chetan Bhatt,52,Male,89500,D07,5,No,4,2020-06-26
E05883,Arjun Ghosh,32,Male,56000,D03,4,No,1,2023-07-12
E05884,Tanvi Kumar,33,Female,78500,D01,3,No,4,2020-02-12
E05885,Sejal Saxena,51,Female,92500,D07,5,No,0,2024-02-14
E05886,Amit Nair,37,Male,72500,D02,2,No,4,2020-08-01
E05887,Tejas Chauhan,56,Male,142500,D05,5,No,12,2012-12-05
E05888,Poonam Kumar,32,Female,77500,D05,3,No,4,2020-06-18
E05889,Nandita Thakur,30,Female,58500,D03,1,Yes,0,2024-06-28
E05890,Amit Verma,47,Male,72500,D06,4,Yes,13,2011-01-12
E05891,Devendra Desai,35,Male,95000,D05,2,No,10,2014-09-03
E05892,Harish Thakur,53,Male,123000,D01,5,No,3,2021-02-14
E05893,Pranav Roy,33,Male,94000,D05,2,No,1,2023-05-20
E05894,Trupti Kaur,28,Female,56000,D07,4,No,7,2017-09-04
E05895,Chetana Shenoy,34,Female,53500,D04,3,Yes,1,2023-12-25
E05896,Gayatri Saxena,40,Female,100000,D05,2,Yes,9,2015-08-23
E05897,Anil Bhosale,57,Male,90000,D06,4,No,8,2016-06-26
E05898,Ramesh Pandey,44,Male,60500,D04,4,No,2,2022-07-01
E05899,Padmaja Das,53,Female,95500,D07,5,No,13,2011-01-25
E05900,Rakesh Shukla,46,Male,77500,D07,4,Yes,9,2015-12-21
E05901,Harish Bhosale,53,Male,86500,D06,3,No,4,2020-08-07
E05902,Archana Kaur,41,Female,62000,D04,4,No,11,2013-03-04
E05903,Jyoti Kaur,56,Female,141500,D05,5,No,6,2018-09-14
E05904,Hemant Bhat,55,Male,88500,D03,5,No,9,2015-06-15
E05905,Preeti Shenoy,26,Female,49000,D03,2,No,3,2021-12-15
E05906,Manoj Patel,44,Male,53000,D04,1,No,6,2018-11-01
E05907,Tushar Bhat,35,Male,99000,D05,3,No,1,2023-07-23
E05908,Megha Yadav,50,Female,66500,D04,4,No,14,2010-11-23
E05909,Nisha Roy,27,Female,,D06,2,No,3,2021-06-08
E05910,Riddhi Mishra,29,Female,76500,D01,4,No,7,2017-06-14
E05911,Deepa Nambiar,25,Female,45000,D02,3,No,0,2024-10-04
E05912,Archana Nambiar,48,Female,58500,D04,4,No,14,2010-09-23
E05913,Lokesh Reddy,53,Male,98500,D02,4,No,13,2011-09-06
E05914,Deepak Joshi,24,Male,59000,D01,3,No,3,2021-09-23
E05915,Roshni Kaur,27,Female,42000,D06,3,Yes,5,2019-12-15
E05916,Rakesh Kaur,38,Male,59000,D06,2,No,9,2015-02-26
E05917,Siddharth Gupta,22,Male,,D04,2,No,1,2023-06-06
E05918,Tanvi Thakur,52,Female,84000,D06,5,No,16,2008-07-18
E05919,Nikhil Singh,23,Male,42000,D07,3,No,1,2023-12-22
E05920,Dinesh Jain,30,Male,42500,D06,4,No,1,2023-09-22
E05921,Rahul Ghosh,57,Male,75000,D04,3,No,5,2019-02-16
E05922,Poonam Verma,57,Female,140000,D01,4,Yes,15,2009-10-13
E05923,Harish Patil,24,Male,41500,D03,4,No,2,2022-09-08
E05924,Amit Shah,48,Male,74500,D06,4,No,11,2013-09-27
E05925,Aparna Menon,32,Female,,D07,2,Yes,2,2022-01-18
E05926,Ajay Verma,45,Male,115500,D01,4,No,12,2012-04-20
E05927,Madhuri Shenoy,26,Female,40000,D06,3,No,3,2021-01-25
E05928,Pallavi Sharma,51,Female,136000,D05,4,No,9,2015-04-10
E05929,Smita Ghosh,49,Female,87500,D07,3,No,2,2022-10-13
E05930,Kartik Iyer,45,Male,103000,D01,2,Yes,15,2009-07-03
E05931,Ruchika Das,22,Female,60000,D05,2,Yes,0,2024-07-22
E05932,Shailesh Mehta,36,Male,67000,D07,3,No,6,2018-11-02
E05933,Piyush Chauhan,33,Male,93500,D05,1,Yes,1,2023-10-08
E05934,Chetan Thakur,25,Male,45000,D07,1,No,1,2023-08-08
E05935,Namita Nambiar,53,Female,100500,D02,5,No,8,2016-02-06
E05936,Manoj Saxena,29,Male,65000,D01,3,No,5,2019-10-20
E05937,Ajit Jain,38,Male,76000,D07,4,No,8,2016-01-23
E05938,Siddharth Yadav,33,Male,48000,D06,2,No,2,2022-01-19
E05939,Meera Shenoy,34,Female,62500,D06,4,No,8,2016-03-12
E05940,Shweta Iyer,26,Female,,D07,2,No,5,2019-08-06
E05941,Meera Das,33,Female,81500,D01,2,No,10,2014-01-18
E05942,Manoj Pawar,29,Male,56000,D02,2,No,3,2021-09-23
E05943,Swati Singh,44,Female,52500,D04,2,Yes,7,2017-07-12
E05944,Sneha Pawar,33,Female,67500,D07,2,No,7,2017-11-24
E05945,Komal Yadav,56,Female,105000,D07,4,No,2,2022-02-24
E05946,Tushar Singh,33,Male,53000,D06,2,No,11,2013-02-13
E05947,Girish Singh,31,Male,,D02,3,No,4,2020-02-02
E05948,Rahul Shenoy,35,Male,60000,D07,2,Yes,0,2024-10-03
E05949,Sanket Desai,26,Male,46500,D07,1,No,1,2023-02-22
E05950,Karan Chauhan,36,Male,84000,D01,2,No,14,2010-03-19
E05951,Leena Kumar,35,Female,49500,D06,2,No,4,2020-03-28
E05952,Amit Kaur,22,Male,59000,D01,2,No,1,2023-11-24
E05953,Leena Gupta,51,Female,137500,D05,4,No,11,2013-03-12
E05954,Sanjay Kulkarni,42,Male,74000,D07,5,No,2,2022-04-04
E05955,Rupali Pandey,29,Female,56000,D07,4,No,5,2019-05-09
E05956,Ananya Iyer,45,Female,72500,D06,3,Yes,16,2008-06-26
E05957,Sameer Shah,50,Male,,D01,3,No,16,2008-11-15
E05958,Sheetal Bhat,22,Female,64000,D05,3,No,1,2023-11-05
E05959,Vrinda Pandey,37,Female,102000,D05,4,No,3,2021-12-15
E05960,Mohit Chauhan,55,Male,138000,D01,5,No,3,2021-01-28
E05961,Manish Dubey,55,Male,149000,D05,5,No,15,2009-05-25
E05962,Aakash Nambiar,57,Male,,D06,3,No,11,2013-11-22
E05963,Girish Singh,39,Male,66000,D03,2,No,3,2021-10-23
E05964,Amit Verma,46,Male,,D06,5,No,13,2011-02-28
E05965,Madhuri Agarwal,32,Female,51500,D03,4,No,4,2020-07-27
E05966,Lokesh Agarwal,53,Male,108500,D02,4,No,0,2024-09-16
E05967,Pranav Jain,35,Male,64500,D03,4,No,9,2015-12-27
E05968,Ajay Pillai,36,Male,95000,D01,4,No,13,2011-12-20
E05969,Mohit Nambiar,58,Male,112500,D02,5,No,11,2013-02-14
E05970,Poornima Chauhan,32,Female,52500,D07,4,No,4,2020-04-19
E05971,Swati Bhosale,29,Female,46500,D06,2,No,6,2018-06-14
E05972,Manoj Desai,23,Male,42000,D07,4,No,1,2023-08-14
E05973,Pallavi Sharma,48,Female,64500,D04,3,No,9,2015-03-11
E05974,Rahul Shenoy,23,Male,55000,D01,2,Yes,2,2022-11-27
E05975,Shailesh Verma,32,Male,82000,D01,3,No,0,2024-06-14
E05976,Hemant Pillai,56,Male,75000,D04,3,No,3,2021-07-24
E05977,Ajay Bhatt,39,Male,98500,D01,5,Yes,13,2011-10-11
E05978,Sudhir Saxena,24,Male,46000,D03,2,Yes,3,2021-08-08
E05979,Reena Bhosale,40,Female,96000,D01,5,No,7,2017-03-06
E05980,Vivek Bhatt,48,Male,93500,D07,4,No,0,2024-03-08
E05981,Girish Yadav,30,Male,68000,D01,2,Yes,8,2016-03-18
E05982,Meera Verma,31,Female,38500,D04,4,No,9,2015-01-12
E05983,Trupti Singh,43,Female,52500,D04,2,No,7,2017-04-02
E05984,Shruti Das,55,Female,99000,D03,5,No,8,2016-04-09
E05985,Tanvi Das,31,Female,80000,D05,2,No,4,2020-07-27
E05986,Vivek Sharma,24,Male,53000,D02,1,No,0,2024-05-15
E05987,Ajay Agarwal,33,Male,54500,D03,1,Yes,11,2013-11-27
E05988,Kartik Agarwal,22,Male,42000,D07,2,Yes,0,2024-02-05
E05989,Sanket Pawar,40,Male,94500,D01,4,No,12,2012-06-14
E05990,Ananya Desai,37,Female,,D06,5,No,15,2009-04-25
E05991,Ashwin Patil,42,Male,77500,D03,3,No,8,2016-07-24
E05992,Leena Bhat,46,Female,,D01,5,No,15,2009-05-26
E05993,Devendra Nair,46,Male,,D01,3,No,7,2017-06-18
E05994,Archana Saxena,25,Female,59000,D01,2,No,4,2020-10-26
E05995,Sudha Thakur,39,Female,59000,D06,3,No,10,2014-07-24
E05996,Smita Thakur,49,Female,82500,D07,2,No,5,2019-04-10
E05997,Ritu Iyer,23,Female,40000,D03,1,No,2,2022-02-12
E05998,Divya Verma,28,Female,61000,D02,3,Yes,1,2023-08-05
E05999,Lakshmi Iyer,23,Female,69500,D05,4,No,0,2024-05-28
E06000,Leena Bhosale,54,Female,66000,D04,5,No,9,2015-02-22
E06001,Nilesh Bhosale,36,Male,63500,D03,2,Yes,3,2021-11-07
E06002,Sudha Pawar,54,Female,99500,D07,5,No,11,2013-04-24
E06003,Sunil Roy,42,Male,,D07,4,No,10,2014-06-21
E06004,Nisha Agarwal,37,Female,59000,D04,4,Yes,1,2023-05-08
E06005,Sanket Das,40,Male,,D05,4,No,12,2012-12-02
E06006,Pallavi Nair,45,Female,76500,D06,4,No,1,2023-10-28
E06007,Ruchika Pawar,58,Female,,D06,5,No,3,2021-06-12
E06008,Preeti Yadav,43,Female,109000,D05,2,No,10,2014-05-12
E06009,Amol Ghosh,44,Male,,D02,4,No,1,2023-05-16
E06010,Shruti Shenoy,37,Female,58000,D03,2,Yes,11,2013-02-27
E06011,Abhijit Thakur,45,Male,80500,D03,3,No,15,2009-11-02
E06012,Sneha Patil,34,Female,50000,D04,2,Yes,3,2021-07-18
E06013,Arjun Jain,44,Male,81000,D03,4,No,16,2008-01-21
E06014,Sneha Bhat,45,Female,96500,D02,3,No,9,2015-11-19
E06015,Preeti Saxena,29,Female,41000,D04,2,Yes,0,2024-06-24
E06016,Rajesh Mishra,43,Male,65000,D06,4,Yes,6,2018-07-06
E06017,Rohit Nair,26,Male,38000,D06,3,No,4,2020-02-04
E06018,Poornima Pillai,57,Female,140000,D01,4,No,1,2023-08-24
E06019,Vinay Bhat,57,Male,105000,D07,5,No,14,2010-01-23
E06020,Preeti Pillai,27,Female,,D04,2,No,0,2024-10-18
E06021,Girish Joshi,40,Male,109000,D05,5,No,1,2023-02-28
E06022,Mohit Ghosh,55,Male,143000,D05,4,No,8,2016-08-22
E06023,Megha Pawar,33,Female,62000,D03,3,No,8,2016-01-03
E06024,Madhuri Agarwal,58,Female,69500,D04,4,Yes,0,2024-01-07
E06025,Shailesh Dubey,30,Male,46500,D04,3,No,8,2016-07-02
E06026,Aparna Thakur,45,Female,71000,D03,4,No,11,2013-02-21
E06027,Chetana Ghosh,27,Female,43000,D03,2,Yes,3,2021-07-05
E06028,Rajesh Patel,27,Male,67000,D01,3,No,0,2024-01-21
E06029,Archana Shah,34,Female,63000,D03,3,No,9,2015-08-09
E06030,Anita Joshi,45,Female,90000,D02,3,No,10,2014-12-07
E06031,Rahul Thakur,36,Male,45500,D04,2,No,11,2013-07-12
E06032,Preeti Saxena,56,Female,147000,D05,3,No,2,2022-10-02
E06033,Pranav Desai,33,Male,88000,D01,1,No,12,2012-02-26
E06034,Shruti Joshi,45,Female,,D06,4,No,11,2013-08-18
E06035,Deepika Agarwal,33,Female,81000,D01,2,No,11,2013-03-26
E06036,Rohit Shukla,38,Male,95500,D01,4,No,9,2015-08-18
E06037,Anil Chauhan,29,Male,36000,D04,3,No,6,2018-09-10
E06038,Sameer Nair,46,Male,80000,D07,3,No,16,2008-12-26
E06039,Namita Mishra,22,Female,60000,D05,3,No,0,2024-04-07
E06040,Vivek Das,32,Male,,D06,2,Yes,2,2022-10-18
E06041,Bharati Rao,39,Female,75000,D03,4,No,9,2015-07-07
E06042,Sudha Bhatt,43,Female,106500,D05,2,No,7,2017-02-03
E06043,Shailesh Kumar,55,Male,130500,D01,3,No,11,2013-09-18
E06044,Gayatri Gupta,54,Female,,D06,4,No,5,2019-04-05
E06045,Vandana Menon,33,Female,,D03,3,No,4,2020-10-22
E06046,Tushar Bhat,56,Male,81000,D06,5,No,1,2023-02-25
E06047,Tushar Pillai,25,Male,61000,D05,1,Yes,2,2022-02-09
E06048,Vandana Pandey,39,Female,76000,D07,5,No,11,2013-11-04
E06049,Rahul Kumar,48,Male,,D03,4,No,8,2016-09-15
E06050,Komal Yadav,26,Female,38000,D04,3,Yes,2,2022-06-21
E06051,Sunita Nair,26,Female,44500,D07,2,Yes,3,2021-01-04
E06052,Gaurav Joshi,40,Male,65500,D03,3,No,3,2021-10-13
E06053,Nisha Shenoy,22,Female,42000,D07,2,No,1,2023-01-01
E06054,Hemant Dubey,39,Male,66500,D07,3,No,0,2024-08-25
E06055,Sameer Shukla,51,Male,,D05,5,No,13,2011-06-24
E06056,Sneha Kulkarni,51,Female,136500,D05,5,No,2,2022-06-15
E06057,Anil Pawar,26,Male,46000,D04,1,No,2,2022-07-16
E06058,Vrinda Roy,56,Female,90500,D03,3,No,13,2011-09-06
E06059,Swati Kulkarni,45,Female,62500,D04,5,No,9,2015-01-03
E06060,Hemant Thakur,23,Male,36500,D04,1,No,2,2022-09-11
E06061,Lokesh Pawar,56,Male,68000,D04,5,No,8,2016-09-02
E06062,Manasi Malhotra,45,Female,63500,D04,4,Yes,3,2021-12-13
E06063,Sanjay Agarwal,33,Male,52000,D06,3,No,8,2016-04-20
E06064,Leena Shah,36,Female,73000,D07,2,No,11,2013-08-01
E06065,Meera Nair,32,Female,49000,D06,2,No,10,2014-01-06
E06066,Vikram Pillai,56,Male,140000,D01,4,No,9,2015-12-15
E06067,Aparna Iyer,49,Female,104500,D02,5,No,5,2019-03-12
E06068,Preeti Malhotra,49,Female,91500,D02,4,No,0,2024-12-19
E06069,Ritu Malhotra,30,Female,64000,D07,2,No,0,2024-07-13
E06070,Ashwin Yadav,53,Male,113000,D02,4,No,0,2024-04-15
E06071,Aparna Singh,54,Female,101500,D07,5,No,16,2008-04-01
E06072,Madhuri Mehta,50,Female,117500,D01,4,No,13,2011-08-05
E06073,Kartik Kumar,49,Male,,D07,5,No,6,2018-08-23
E06074,Sejal Malhotra,31,Female,71000,D01,3,No,8,2016-09-18
E06075,Priya Shenoy,50,Female,59000,D04,3,No,2,2022-06-22
E06076,Sheetal Patil,27,Female,,D01,2,Yes,1,2023-10-19
E06077,Piyush Chauhan,38,Male,62500,D07,4,No,1,2023-10-06
E06078,Swati Pawar,23,Female,45500,D07,3,No,2,2022-04-04
E06079,Ajay Jain,34,Male,90500,D01,3,No,7,2017-02-10
E06080,Varun Saxena,44,Male,112000,D01,4,No,4,2020-08-21
E06081,Madhuri Thakur,57,Female,139500,D01,5,No,15,2009-05-17
E06082,Sunita Roy,31,Female,57500,D02,4,No,2,2022-09-13
E06083,Dinesh Nambiar,39,Male,47500,D04,2,No,15,2009-05-05
E06084,Deepa Nambiar,49,Female,82500,D07,2,Yes,4,2020-05-12
E06085,Pranav Jain,29,Male,55500,D07,2,No,1,2023-02-23
E06086,Arjun Kaur,47,Male,125000,D05,3,No,5,2019-07-24
E06087,Shailesh Verma,32,Male,77000,D01,2,No,3,2021-02-26
E06088,Mohit Desai,35,Male,72000,D02,1,No,5,2019-12-10
E06089,Sheetal Nair,58,Female,103500,D07,4,No,3,2021-12-16
E06090,Ritu Pawar,35,Female,,D01,2,No,13,2011-09-19
E06091,Gayatri Nair,23,Female,46000,D02,2,Yes,1,2023-05-24
E06092,Chetana Chauhan,34,Female,,D03,2,No,2,2022-11-03
E06093,Abhijit Shenoy,26,Male,45000,D07,3,No,3,2021-11-13
E06094,Girish Singh,34,Male,95500,D05,1,Yes,3,2021-10-10
E06095,Swati Saxena,53,Female,127000,D01,5,No,9,2015-11-22
E06096,Sejal Shah,48,Female,82000,D06,3,No,9,2015-01-26
E06097,Divya Desai,29,Female,47500,D03,3,No,4,2020-12-23
E06098,Megha Dubey,52,Female,,D01,3,No,16,2008-01-27
E06099,Ajay Mishra,53,Male,94000,D03,5,No,15,2009-10-09
E06100,Manasi Jain,46,Female,71500,D06,5,No,15,2009-07-13
E06101,Vivek Saxena,54,Male,129000,D01,4,No,8,2016-01-07
E06102,Aparna Desai,44,Female,91500,D02,4,No,4,2020-11-10
E06103,Dinesh Bhat,28,Male,,D01,1,No,4,2020-10-17
E06104,Varun Das,28,Male,54500,D07,1,Yes,3,2021-07-12
E06105,Nandita Patel,56,Female,,D02,5,No,13,2011-06-07
E06106,Leena Roy,35,Female,61000,D07,1,No,1,2023-01-18
E06107,Deepa Reddy,42,Female,,D03,5,No,11,2013-02-07
E06108,Lakshmi Nair,24,Female,44000,D06,1,Yes,2,2022-10-11
E06109,Deepak Shah,45,Male,85000,D03,4,No,11,2013-10-20
E06110,Mohit Kumar,50,Male,120000,D01,5,No,12,2012-06-11
E06111,Sanket Patel,28,Male,46500,D06,2,No,0,2024-04-05
E06112,Preeti Roy,34,Female,41500,D04,3,No,4,2020-05-27
E06113,Rohit Nambiar,43,Male,101500,D01,5,No,3,2021-02-04
E06114,Jyoti Pawar,33,Female,41000,D04,2,Yes,1,2023-08-08
E06115,Namita Gupta,35,Female,,D03,2,No,10,2014-10-20
E06116,Harish Mehta,34,Male,69000,D07,3,No,12,2012-02-24
E06117,Gayatri Ghosh,30,Female,,D07,3,No,1,2023-04-23
E06118,Kartik Jain,38,Male,97500,D01,4,No,12,2012-01-03
E06119,Rahul Pandey,57,Male,100000,D03,4,No,9,2015-05-15
E06120,Arjun Chauhan,40,Male,99000,D05,2,Yes,6,2018-11-07
E06121,Archana Jain,26,Female,48500,D07,1,Yes,2,2022-02-17
E06122,Smita Roy,31,Female,62500,D03,3,No,5,2019-05-17
E06123,Pooja Nair,34,Female,,D06,3,No,12,2012-09-16
E06124,Vikram Dubey,25,Male,44500,D04,4,No,1,2023-10-09
E06125,Lokesh Bhatt,47,Male,58000,D04,4,No,3,2021-04-25
E06126,Neha Reddy,56,Female,144500,D05,3,No,10,2014-05-16
E06127,Preeti Mishra,34,Female,85500,D05,3,No,9,2015-05-06
E06128,Sanket Das,29,Male,,D07,3,No,6,2018-06-24
E06129,Gaurav Shenoy,51,Male,85500,D03,4,No,14,2010-08-01
E06130,Vrinda Kulkarni,32,Female,91000,D05,3,No,9,2015-03-09
E06131,Riddhi Gupta,47,Female,123000,D05,4,No,9,2015-04-25
E06132,Sneha Bhat,31,Female,56500,D07,1,No,3,2021-09-23
E06133,Poornima Das,52,Female,,D03,5,No,8,2016-06-14
E06134,Hemant Mehta,56,Male,73000,D04,4,No,12,2012-06-19
E06135,Madhuri Mehta,33,Female,90000,D05,4,No,6,2018-05-11
E06136,Abhijit Pawar,29,Male,81500,D05,4,No,5,2019-10-03
E06137,Kavya Rao,47,Female,78500,D03,4,Yes,14,2010-08-06
E06138,Pallavi Gupta,29,Female,,D07,2,No,7,2017-12-01
E06139,Kavya Chauhan,31,Female,55500,D03,3,No,8,2016-03-22
E06140,Saurabh Mehta,54,Male,90500,D07,5,Yes,8,2016-06-11
E06141,Kavya Menon,28,Female,52000,D06,4,No,7,2017-05-25
E06142,Roshni Rao,47,Female,75500,D03,4,Yes,16,2008-04-26
E06143,Sanjay Bhosale,29,Male,,D06,2,No,2,2022-06-01
E06144,Rahul Rao,45,Male,111500,D05,4,No,7,2017-10-21
E06145,Pooja Shukla,49,Female,72000,D06,3,No,8,2016-06-05
E06146,Lakshmi Rao,45,Female,110500,D05,4,No,16,2008-09-11
E06147,Pratik Malhotra,52,Male,87000,D07,4,No,5,2019-06-21
E06148,Tanvi Agarwal,30,Female,66500,D02,3,No,0,2024-06-10
E06149,Vinay Mehta,33,Male,88000,D05,2,No,10,2014-12-22
E06150,Chetana Patil,51,Female,129500,D01,4,Yes,13,2011-12-07
E06151,Pooja Dubey,44,Female,83000,D03,3,No,15,2009-07-07
E06152,Piyush Nambiar,30,Male,80000,D01,3,No,5,2019-12-14
E06153,Megha Pawar,40,Female,73500,D07,2,No,1,2023-04-21
E06154,Trupti Singh,30,Female,46000,D04,1,No,8,2016-08-27
E06155,Sneha Pandey,36,Female,59500,D07,2,Yes,13,2011-06-18
E06156,Gayatri Mehta,50,Female,,D02,3,No,8,2016-07-02
E06157,Jyoti Shenoy,33,Female,,D07,2,Yes,7,2017-01-27
E06158,Trupti Yadav,50,Female,84000,D03,4,No,0,2024-01-20
E06159,Deepa Chauhan,26,Female,,D06,3,No,5,2019-06-08
E06160,Ruchika Pandey,33,Female,67500,D07,3,No,4,2020-11-01
E06161,Karan Mehta,45,Male,110500,D05,5,No,3,2021-04-01
E06162,Preeti Mehta,26,Female,48000,D07,3,No,5,2019-10-11
E06163,Harish Reddy,38,Male,71500,D03,4,No,1,2023-09-19
E06164,Amit Reddy,53,Male,104000,D07,4,No,12,2012-07-26
E06165,Lokesh Sharma,49,Male,126000,D01,5,No,10,2014-12-02
E06166,Sanket Rao,33,Male,91500,D05,3,No,4,2020-01-27
E06167,Ananya Bhosale,23,Female,,D03,3,No,2,2022-10-25
E06168,Amit Nair,40,Male,49000,D04,1,Yes,11,2013-11-12
E06169,Ajay Desai,27,Male,54500,D03,2,No,4,2020-02-05
E06170,Smita Roy,36,Female,71000,D03,4,No,5,2019-08-08
E06171,Deepika Roy,42,Female,49500,D04,2,Yes,13,2011-10-09
E06172,Padmaja Singh,35,Female,88000,D01,3,No,5,2019-08-19
E06173,Sameer Patil,38,Male,66000,D07,1,No,8,2016-10-07
E06174,Leena Das,38,Female,,D03,3,No,1,2023-12-26
E06175,Kavya Saxena,46,Female,,D07,5,No,1,2023-11-22
E06176,Rohit Das,37,Male,50500,D04,1,No,2,2022-01-17
E06177,Ajit Rao,52,Male,128000,D05,4,Yes,3,2021-02-02
E06178,Anita Desai,38,Female,,D03,3,No,7,2017-11-05
E06179,Vinay Pandey,26,Male,56500,D01,3,No,4,2020-05-12
E06180,Sejal Kulkarni,30,Female,72500,D01,2,No,5,2019-06-03
E06181,Rahul Sharma,56,Male,146000,D05,5,No,16,2008-11-16
E06182,Neha Bhosale,50,Female,94000,D02,3,No,5,2019-09-12
E06183,Aakash Jain,58,Male,113000,D02,3,Yes,9,2015-09-18
E06184,Harish Bhosale,48,Male,94500,D07,5,No,2,2022-10-22
E06185,Padmaja Patil,27,Female,59000,D01,3,No,6,2018-03-27
E06186,Trupti Tiwari,36,Female,69500,D02,4,No,10,2014-02-23
E06187,Ananya Verma,53,Female,99000,D03,4,No,13,2011-08-05
E06188,Suresh Kulkarni,54,Male,,D02,5,No,1,2023-08-13
E06189,Tanvi Roy,51,Female,85500,D07,3,No,8,2016-03-12
E06190,Poornima Patil,30,Female,54000,D07,2,No,4,2020-10-13
E06191,Gaurav Shenoy,52,Male,,D02,5,No,15,2009-03-07
E06192,Manish Bhat,49,Male,99500,D02,5,No,12,2012-11-13
E06193,Rajesh Menon,55,Male,148500,D05,4,No,1,2023-11-26
E06194,Sheetal Bhat,22,Female,40500,D06,2,No,1,2023-09-17
E06195,Harish Kumar,26,Male,49500,D06,3,No,5,2019-04-07
E06196,Tushar Dubey,42,Male,81000,D02,5,No,11,2013-07-09
E06197,Divya Desai,23,Female,48500,D07,3,No,1,2023-11-25
E06198,Piyush Reddy,27,Male,44500,D04,3,No,5,2019-12-24
E06199,Girish Singh,25,Male,57500,D01,1,No,1,2023-08-19
E06200,Ritu Mehta,30,Female,56500,D06,3,No,0,2024-07-26
E06201,Ajit Roy,42,Male,59000,D04,4,No,0,2024-03-24
E06202,Sudhir Das,54,Male,129500,D01,5,No,4,2020-05-05
E06203,Leena Nair,31,Female,50500,D04,4,No,9,2015-07-25
E06204,Archana Tiwari,55,Female,,D06,5,No,13,2011-01-03
E06205,Jyoti Tiwari,39,Female,95500,D05,2,No,9,2015-12-13
E06206,Manish Nair,50,Male,125000,D01,3,No,10,2014-03-13
E06207,Hemant Kaur,49,Male,123500,D05,5,No,15,2009-03-01
E06208,Sunita Bhosale,27,Female,50500,D02,2,No,1,2023-11-11
E06209,Rajesh Shenoy,27,Male,47000,D02,3,No,6,2018-01-10
E06210,Ashwin Bhat,58,Male,140000,D01,5,No,10,2014-04-24
E06211,Varun Shenoy,27,Male,72500,D05,4,Yes,5,2019-07-06
E06212,Pooja Verma,26,Female,63500,D01,2,No,5,2019-12-03
E06213,Pooja Kulkarni,34,Female,50000,D06,2,Yes,9,2015-12-18
E06214,Riddhi Mehta,41,Female,64000,D03,2,No,2,2022-09-03
E06215,Abhijit Saxena,34,Male,51000,D04,1,Yes,1,2023-03-11
E06216,Nisha Kulkarni,27,Female,,D02,3,Yes,0,2024-06-27
E06217,Tejas Roy,51,Male,93500,D02,2,Yes,1,2023-11-13
E06218,Nandita Mishra,51,Female,101000,D02,5,No,14,2010-06-14
E06219,Poonam Shah,23,Female,64000,D05,1,Yes,1,2023-06-05
E06220,Komal Sharma,34,Female,46500,D04,3,Yes,4,2020-10-10
E06221,Kartik Das,38,Male,58500,D06,4,No,11,2013-03-23
E06222,Ritu Menon,54,Female,99500,D03,5,No,2,2022-05-03
E06223,Siddharth Tiwari,55,Male,99000,D07,5,No,3,2021-04-07
E06224,Roshni Shah,36,Female,81500,D01,3,No,3,2021-11-21
E06225,Poornima Shukla,25,Female,62500,D05,3,No,0,2024-04-24
E06226,Rohit Mehta,26,Male,,D01,2,No,4,2020-01-19
E06227,Reena Yadav,35,Female,65500,D02,3,No,0,2024-10-21
E06228,Sameer Dubey,57,Male,102000,D07,5,No,0,2024-03-01
E06229,Trupti Das,29,Female,71500,D05,3,No,4,2020-04-07
E06230,Lakshmi Roy,37,Female,65500,D03,2,No,0,2024-06-18
E06231,Deepika Gupta,51,Female,68500,D04,4,Yes,15,2009-10-02
E06232,Sanjay Mishra,58,Male,150000,D05,4,No,12,2012-05-17
E06233,Rakesh Chauhan,23,Male,48500,D02,2,Yes,0,2024-08-12
E06234,Sameer Desai,57,Male,148500,D05,4,No,1,2023-02-10
E06235,Piyush Pillai,28,Male,56500,D03,2,No,6,2018-06-25
E06236,Mohit Singh,37,Male,64500,D07,2,No,8,2016-06-09
E06237,Devendra Iyer,48,Male,,D02,4,No,8,2016-06-22
E06238,Namita Kaur,46,Female,67000,D04,4,No,2,2022-12-10
E06239,Reena Singh,55,Female,,D06,3,Yes,11,2013-08-04
E06240,Priya Iyer,32,Female,48000,D06,4,No,10,2014-06-27
E06241,Madhuri Pandey,44,Female,82500,D02,4,No,11,2013-01-20
E06242,Rupali Das,40,Female,108000,D05,3,No,12,2012-12-25
E06243,Komal Tiwari,50,Female,66500,D04,4,No,4,2020-07-21
E06244,Sameer Gupta,54,Male,143000,D05,5,No,15,2009-04-21
E06245,Abhijit Bhosale,39,Male,53000,D04,2,Yes,8,2016-04-07
E06246,Deepa Tiwari,43,Female,80000,D03,5,No,0,2024-02-23
E06247,Shweta Patel,52,Female,75500,D06,4,No,15,2009-12-10
E06248,Neha Desai,23,Female,42000,D07,3,Yes,1,2023-02-27
E06249,Swati Ghosh,35,Female,65500,D02,2,No,14,2010-02-02
E06250,Poornima Chauhan,54,Female,85000,D06,5,No,9,2015-07-05
E06251,Amit Patel,27,Male,71500,D05,2,No,3,2021-09-06
E06252,Aakash Das,56,Male,132000,D01,5,No,14,2010-12-15
E06253,Abhijit Patel,44,Male,85000,D07,3,No,3,2021-04-25
E06254,Abhijit Nambiar,36,Male,59000,D03,2,No,8,2016-07-08
E06255,Bharati Roy,34,Female,,D03,2,No,7,2017-04-27
E06256,Lakshmi Malhotra,38,Female,65500,D06,3,No,14,2010-10-07
E06257,Saurabh Kumar,30,Male,,D02,1,Yes,6,2018-08-17
E06258,Anita Menon,36,Female,46500,D04,3,Yes,14,2010-08-22
E06259,Aparna Pandey,56,Female,150000,D05,4,No,13,2011-02-07
E06260,Piyush Patil,30,Male,79500,D05,2,No,7,2017-06-25
E06261,Ananya Sharma,40,Female,73000,D02,2,No,0,2024-11-20
E06262,Leena Nambiar,22,Female,58000,D01,4,No,1,2023-12-14
E06263,Kartik Yadav,33,Male,54500,D04,4,No,8,2016-11-07
E06264,Reena Kulkarni,24,Female,47000,D06,4,No,3,2021-12-22
E06265,Girish Yadav,54,Male,114500,D02,5,Yes,7,2017-09-03
E06266,Ritu Jain,22,Female,64000,D05,2,No,0,2024-02-20
E06267,Sunita Bhat,52,Female,96500,D03,5,No,8,2016-06-14
E06268,Harish Pandey,23,Male,40000,D03,3,No,2,2022-07-15
E06269,Deepika Shenoy,22,Female,,D07,2,Yes,1,2023-10-11
E06270,Sanket Yadav,31,Male,59500,D02,3,Yes,3,2021-11-15
E06271,Nilesh Agarwal,34,Male,55500,D06,3,No,10,2014-09-02
E06272,Hemant Jain,32,Male,86000,D05,3,No,4,2020-01-26
E06273,Tanvi Pawar,36,Female,,D05,2,No,10,2014-04-21
E06274,Rahul Pawar,30,Male,79500,D01,2,No,5,2019-10-22
E06275,Gaurav Iyer,31,Male,55000,D03,1,No,10,2014-01-08
E06276,Shailesh Pillai,51,Male,139000,D05,5,Yes,0,2024-01-13
E06277,Swati Yadav,36,Female,102500,D05,2,No,11,2013-06-12
E06278,Vikram Kulkarni,30,Male,43500,D06,3,No,4,2020-05-22
E06279,Nisha Sharma,54,Female,90500,D03,4,No,15,2009-01-09
E06280,Anita Shah,45,Female,76000,D07,3,No,3,2021-09-05
E06281,Amit Yadav,45,Male,102500,D01,3,No,0,2024-03-08
E06282,Tejas Yadav,58,Male,90000,D06,4,No,4,2020-12-18
E06283,Bharat Iyer,53,Male,102500,D02,3,No,1,2023-03-05
E06284,Piyush Patel,25,Male,47000,D06,3,No,0,2024-10-27
E06285,Rahul Pandey,52,Male,137500,D05,4,No,9,2015-11-26
E06286,Bharat Patil,42,Male,71000,D07,3,No,9,2015-12-23
E06287,Girish Nambiar,37,Male,93500,D01,4,No,3,2021-10-27
E06288,Siddharth Jain,35,Male,50500,D06,2,Yes,13,2011-07-23
E06289,Rahul Saxena,57,Male,141500,D05,5,No,0,2024-07-09
E06290,Sameer Verma,57,Male,115000,D02,4,No,5,2019-12-16
E06291,Pratik Bhosale,30,Male,56000,D03,4,No,2,2022-01-24
E06292,Archana Shah,49,Female,72500,D04,5,No,2,2022-03-15
E06293,Vandana Verma,28,Female,49000,D02,1,No,5,2019-10-15
E06294,Dinesh Kaur,51,Male,85500,D07,2,No,14,2010-11-07
E06295,Jyoti Bhatt,29,Female,72500,D05,4,No,0,2024-12-22
E06296,Sheetal Gupta,39,Female,89500,D01,3,No,12,2012-02-14
E06297,Tanvi Singh,28,Female,55000,D03,1,No,6,2018-12-21
E06298,Pratik Verma,48,Male,113000,D01,4,No,10,2014-11-24
E06299,Bharat Chauhan,24,Male,46000,D03,3,No,3,2021-05-20
E06300,Kartik Mehta,32,Male,47500,D04,3,Yes,8,2016-02-11
E06301,Shweta Pillai,56,Female,100000,D03,5,No,6,2018-01-20
E06302,Tejas Mehta,25,Male,38000,D06,3,Yes,0,2024-09-11
E06303,Ruchika Shukla,55,Female,128000,D01,4,No,8,2016-05-02
E06304,Pooja Kaur,52,Female,77500,D06,4,Yes,7,2017-10-25
E06305,Sejal Saxena,58,Female,90000,D06,5,No,4,2020-11-01
E06306,Gaurav Kulkarni,35,Male,91500,D01,2,No,1,2023-08-23
E06307,Anita Joshi,33,Female,61500,D07,3,No,3,2021-03-20
E06308,Sheetal Nair,50,Female,135500,D05,3,No,13,2011-12-08
E06309,Sneha Yadav,41,Female,57000,D04,3,No,12,2012-12-10
E06310,Sudhir Kumar,22,Male,38000,D06,1,Yes,0,2024-06-04
E06311,Gayatri Menon,37,Female,98000,D01,4,No,2,2022-07-13
E06312,Sameer Bhatt,36,Male,81000,D01,1,No,9,2015-11-27
E06313,Aakash Mishra,47,Male,82500,D07,5,No,0,2024-08-22
E06314,Vandana Bhat,58,Female,100000,D03,5,No,2,2022-05-13
E06315,Archana Nair,54,Female,111000,D02,5,No,12,2012-03-12
E06316,Hemant Bhat,29,Male,59500,D07,3,No,6,2018-06-14
E06317,Pallavi Sharma,47,Female,,D02,4,Yes,12,2012-06-11
E06318,Anil Yadav,48,Male,65000,D04,4,No,12,2012-10-08
E06319,Swati Rao,41,Female,67000,D03,2,No,13,2011-10-06
E06320,Nilesh Kulkarni,35,Male,51000,D04,2,Yes,12,2012-05-15
E06321,Vivek Patil,48,Male,83000,D06,5,No,1,2023-02-02
E06322,Gayatri Gupta,45,Female,86500,D02,3,No,10,2014-01-07
E06323,Anil Thakur,41,Male,111500,D05,4,No,1,2023-11-22
E06324,Jyoti Pawar,46,Female,119500,D01,5,No,16,2008-11-12
E06325,Tejas Ghosh,34,Male,50000,D06,3,No,4,2020-03-18
E06326,Pratik Nair,27,Male,36000,D04,4,No,3,2021-07-24
E06327,Amol Singh,46,Male,77500,D06,4,No,1,2023-08-06
E06328,Nitin Thakur,50,Male,59500,D04,4,No,8,2016-08-23
E06329,Bharati Mehta,48,Female,76000,D03,3,No,5,2019-03-13
E06330,Sanjay Desai,38,Male,77000,D07,3,No,10,2014-12-15
E06331,Abhijit Bhatt,39,Male,,D05,3,No,5,2019-07-04
E06332,Poonam Chauhan,54,Female,91000,D07,5,Yes,7,2017-04-17
E06333,Sameer Patil,29,Male,50000,D03,2,No,6,2018-08-01
E06334,Sanket Pandey,27,Male,73500,D05,2,No,1,2023-09-22
E06335,Dinesh Shukla,57,Male,145500,D05,3,Yes,13,2011-12-19
E06336,Namita Kulkarni,46,Female,,D02,4,No,0,2024-05-02
E06337,Meera Bhat,47,Female,76500,D06,2,Yes,3,2021-04-26
E06338,Preeti Yadav,48,Female,118500,D01,4,Yes,0,2024-05-26
E06339,Sunil Chauhan,38,Male,73000,D07,4,No,16,2008-12-23
E06340,Pranav Saxena,37,Male,97000,D05,2,No,2,2022-04-18
E06341,Varun Agarwal,38,Male,57500,D06,3,No,10,2014-09-24
E06342,Preeti Singh,29,Female,81500,D05,1,No,5,2019-03-13
E06343,Bharati Kulkarni,32,Female,56500,D07,2,Yes,5,2019-12-21
E06344,Kavya Joshi,55,Female,,D01,5,No,6,2018-08-20
E06345,Neha Pillai,34,Female,64000,D07,2,Yes,13,2011-06-13
E06346,Padmaja Gupta,25,Female,42000,D07,3,No,2,2022-11-02
E06347,Swati Shukla,33,Female,70500,D02,1,Yes,5,2019-07-06
E06348,Ashwin Malhotra,27,Male,56000,D07,2,No,1,2023-01-11
E06349,Sameer Roy,49,Male,117000,D01,4,No,16,2008-03-17
E06350,Ananya Nair,38,Female,,D03,3,No,9,2015-12-11
E06351,Tushar Bhat,25,Male,35000,D04,2,No,0,2024-11-19
E06352,Sunita Rao,42,Female,78500,D07,5,No,7,2017-05-12
E06353,Aparna Mehta,45,Female,74000,D06,4,No,13,2011-04-08
E06354,Deepak Patel,37,Male,54500,D06,1,Yes,6,2018-02-06
E06355,Anil Das,40,Male,50500,D04,2,No,1,2023-09-03
E06356,Tejas Jain,30,Male,72500,D01,3,No,2,2022-09-24
E06357,Ritu Agarwal,57,Female,100000,D03,5,No,3,2021-11-03
E06358,Kartik Menon,26,Male,42000,D07,2,No,2,2022-04-21
E06359,Sanjay Desai,46,Male,69000,D04,4,Yes,15,2009-07-24
E06360,Amit Pawar,35,Male,41500,D04,3,Yes,3,2021-09-15
E06361,Shweta Das,43,Female,105000,D01,4,Yes,16,2008-03-12
E06362,Riddhi Mishra,38,Female,77500,D02,4,No,7,2017-06-21
E06363,Suresh Singh,39,Male,84000,D02,3,No,1,2023-06-25
E06364,Komal Das,54,Female,99500,D02,5,No,3,2021-09-25
E06365,Ramesh Bhosale,45,Male,86000,D07,4,No,7,2017-10-08
E06366,Riddhi Ghosh,50,Female,95500,D07,5,No,13,2011-01-01
E06367,Kartik Das,37,Male,96000,D05,3,No,10,2014-05-24
E06368,Bharati Pillai,35,Female,69500,D07,4,No,8,2016-11-01
E06369,Shweta Desai,50,Female,98000,D07,4,Yes,2,2022-12-13
E06370,Poonam Shenoy,25,Female,47500,D03,3,No,2,2022-05-12
E06371,Rajesh Kaur,28,Male,,D03,2,No,0,2024-09-15
E06372,Suresh Gupta,44,Male,121500,D05,4,No,15,2009-07-25
E06373,Meera Shenoy,39,Female,65000,D07,2,Yes,12,2012-06-24
E06374,Sejal Saxena,29,Female,69000,D01,3,No,6,2018-07-07
E06375,Roshni Reddy,24,Female,56500,D02,3,No,2,2022-12-22
E06376,Shweta Pandey,52,Female,133500,D05,5,No,13,2011-07-15
E06377,Harish Shah,29,Male,51000,D06,2,Yes,2,2022-05-11
E06378,Archana Yadav,54,Female,104500,D07,5,No,9,2015-05-23
E06379,Deepika Reddy,32,Female,50500,D04,3,No,6,2018-03-26
E06380,Sudhir Nair,36,Male,44500,D04,2,No,0,2024-06-19
E06381,Mohit Malhotra,37,Male,81500,D02,3,No,15,2009-03-05
E06382,Rupali Shah,28,Female,36000,D04,4,No,5,2019-10-13
E06383,Meera Das,45,Female,103500,D01,4,No,8,2016-11-15
E06384,Ajit Tiwari,34,Male,83000,D05,3,No,9,2015-07-05
E06385,Riddhi Mehta,27,Female,76500,D05,1,No,4,2020-02-19
E06386,Ananya Joshi,49,Female,80500,D06,5,No,1,2023-11-17
E06387,Sheetal Reddy,45,Female,68000,D06,3,No,1,2023-09-26
E06388,Dinesh Shukla,45,Male,67500,D06,4,No,5,2019-09-16
E06389,Tanvi Rao,55,Female,70500,D04,5,No,16,2008-02-10
E06390,Rakesh Saxena,27,Male,56000,D07,2,Yes,1,2023-12-07
E06391,Trupti Saxena,25,Female,61000,D05,2,No,4,2020-11-10
E06392,Arjun Kulkarni,40,Male,85000,D02,4,Yes,14,2010-04-12
E06393,Sunil Chauhan,54,Male,75000,D04,5,No,8,2016-12-09
E06394,Pooja Menon,22,Female,,D07,3,No,1,2023-03-22
E06395,Lokesh Menon,40,Male,59500,D04,4,No,11,2013-03-03
E06396,Shruti Nair,38,Female,62500,D03,1,No,14,2010-07-26
E06397,Anil Nambiar,44,Male,74500,D03,4,No,13,2011-11-21
E06398,Deepa Malhotra,25,Female,67500,D01,4,No,0,2024-10-12
E06399,Shweta Das,55,Female,80000,D06,5,No,10,2014-12-15
E06400,Tushar Kumar,57,Male,100000,D03,5,No,12,2012-10-04
E06401,Sudhir Shenoy,53,Male,93500,D07,5,No,16,2008-02-12
E06402,Ritu Patil,35,Female,50000,D04,3,Yes,4,2020-01-17
E06403,Siddharth Bhat,33,Male,55000,D07,1,No,0,2024-01-27
E06404,Vinay Agarwal,24,Male,40000,D04,2,No,2,2022-07-17
E06405,Saurabh Sharma,56,Male,,D04,5,No,2,2022-05-14
E06406,Bharati Agarwal,33,Female,66000,D02,2,No,12,2012-09-07
E06407,Manish Jain,52,Male,119500,D01,3,No,4,2020-07-22
E06408,Pratik Joshi,47,Male,64500,D04,3,No,5,2019-04-13
E06409,Bharat Nair,28,Male,53500,D03,1,No,7,2017-07-08
E06410,Sudhir Mehta,27,Male,65000,D05,2,No,1,2023-02-19
E06411,Reena Kumar,34,Female,53000,D06,2,No,8,2016-03-22
E06412,Padmaja Kulkarni,55,Female,103000,D07,4,No,16,2008-03-10
E06413,Rupali Mehta,35,Female,71500,D02,1,Yes,1,2023-08-05
E06414,Pratik Iyer,51,Male,85500,D03,4,No,2,2022-04-17
E06415,Sneha Pandey,41,Female,53500,D04,3,Yes,11,2013-04-06
E06416,Tushar Gupta,32,Male,,D06,4,No,4,2020-10-20
E06417,Nisha Chauhan,57,Female,74500,D04,4,Yes,13,2011-08-25
E06418,Rahul Jain,42,Male,74000,D07,3,No,10,2014-08-20
E06419,Megha Bhosale,35,Female,77000,D02,5,No,6,2018-12-19
E06420,Anita Yadav,52,Female,89000,D06,4,No,3,2021-03-06
E06421,Poonam Patil,48,Female,119500,D05,3,No,1,2023-01-19
E06422,Neha Saxena,25,Female,52500,D02,4,No,3,2021-01-17
E06423,Sneha Bhatt,38,Female,86000,D01,2,No,6,2018-08-09
E06424,Anil Rao,53,Male,71500,D04,3,No,4,2020-05-13
E06425,Manish Roy,23,Male,,D03,2,Yes,1,2023-08-20
E06426,Nisha Pandey,39,Female,94500,D05,4,No,13,2011-01-08
E06427,Abhijit Sharma,46,Male,104000,D01,5,No,11,2013-01-02
E06428,Pratik Thakur,37,Male,46000,D04,4,Yes,3,2021-08-16
E06429,Poornima Yadav,50,Female,89500,D03,5,No,6,2018-02-26
E06430,Tanvi Kumar,48,Female,79000,D03,4,Yes,7,2017-12-21
E06431,Leena Sharma,24,Female,64500,D05,3,No,2,2022-02-28
E06432,Ramesh Shenoy,53,Male,80500,D06,5,No,15,2009-02-19
E06433,Sameer Pillai,25,Male,41500,D06,3,No,2,2022-12-12
E06434,Lokesh Tiwari,57,Male,92000,D03,5,No,6,2018-01-02
E06435,Arjun Nambiar,40,Male,50000,D04,2,Yes,0,2024-07-21
E06436,Nitin Patel,41,Male,59000,D06,2,No,0,2024-03-28
E06437,Preeti Das,22,Female,45000,D02,3,Yes,1,2023-10-28
E06438,Vivek Kumar,44,Male,109000,D01,4,No,5,2019-03-24
E06439,Leena Iyer,33,Female,,D03,2,No,8,2016-04-14
E06440,Arjun Tiwari,36,Male,,D02,2,Yes,10,2014-03-14
E06441,Gaurav Patil,23,Male,35000,D04,4,No,2,2022-09-27
E06442,Sameer Nair,32,Male,73000,D01,3,No,4,2020-11-07
E06443,Namita Joshi,28,Female,62500,D01,3,No,0,2024-08-26
E06444,Shailesh Mishra,25,Male,,D01,3,No,4,2020-02-03
E06445,Sudhir Thakur,29,Male,79500,D01,3,No,1,2023-06-01
E06446,Shailesh Pandey,25,Male,42000,D07,2,No,0,2024-03-17
E06447,Piyush Bhosale,24,Male,50000,D02,2,Yes,0,2024-10-16
E06448,Bharat Dubey,37,Male,58500,D04,2,Yes,3,2021-10-03
E06449,Gayatri Roy,54,Female,92000,D07,4,Yes,15,2009-06-25
E06450,Bharat Roy,37,Male,72000,D03,3,No,2,2022-03-15
E06451,Dinesh Chauhan,25,Male,40000,D03,4,No,1,2023-11-07
E06452,Priya Yadav,26,Female,40500,D04,2,No,1,2023-06-24
E06453,Ananya Thakur,55,Female,,D03,4,No,2,2022-02-18
E06454,Saurabh Malhotra,45,Male,59500,D04,3,No,13,2011-03-15
E06455,Vikram Agarwal,33,Male,65500,D07,2,No,0,2024-04-01
E06456,Chetan Ghosh,55,Male,115000,D02,5,No,16,2008-02-11
E06457,Shailesh Bhosale,57,Male,75000,D04,3,No,3,2021-07-20
E06458,Vandana Bhosale,42,Female,66500,D03,1,Yes,14,2010-05-17
E06459,Anita Nambiar,32,Female,,D04,2,No,2,2022-07-25
E06460,Nilesh Rao,56,Male,,D02,5,No,8,2016-12-28
E06461,Lakshmi Yadav,32,Female,45500,D04,1,Yes,7,2017-11-15
E06462,Kavya Bhat,23,Female,55000,D01,2,No,0,2024-02-04
E06463,Deepika Malhotra,26,Female,56500,D07,3,No,4,2020-08-22
E06464,Vinay Patil,25,Male,,D05,3,No,3,2021-08-05
E06465,Amol Sharma,48,Male,98000,D02,5,No,10,2014-01-19
E06466,Priya Pandey,22,Female,35500,D04,2,Yes,0,2024-03-27
E06467,Preeti Bhosale,57,Female,,D03,4,Yes,14,2010-11-01
E06468,Kavya Nambiar,28,Female,41000,D04,2,Yes,2,2022-04-16
E06469,Varun Rao,34,Male,56000,D07,1,Yes,1,2023-11-19
E06470,Sheetal Malhotra,23,Female,,D03,2,Yes,1,2023-12-25
E06471,Sejal Agarwal,39,Female,72000,D07,4,No,3,2021-06-13
E06472,Komal Verma,22,Female,,D04,2,Yes,0,2024-09-05
E06473,Vikram Nair,28,Male,55000,D03,1,No,2,2022-07-28
E06474,Chetana Chauhan,58,Female,100000,D03,4,No,15,2009-06-22
E06475,Swati Thakur,23,Female,42000,D07,2,No,1,2023-10-15
E06476,Vandana Kaur,38,Female,,D05,3,No,4,2020-11-07
E06477,Girish Das,34,Male,79000,D01,4,Yes,5,2019-08-03
E06478,Roshni Mehta,52,Female,66000,D04,5,No,16,2008-09-03
E06479,Abhijit Ghosh,23,Male,35000,D04,1,No,2,2022-12-15
E06480,Saurabh Mishra,56,Male,98000,D03,5,No,6,2018-10-04
E06481,Anita Singh,57,Female,109500,D02,4,No,8,2016-05-07
E06482,Aparna Tiwari,27,Female,67000,D01,2,No,3,2021-08-04
E06483,Sunil Pawar,22,Male,,D07,3,No,0,2024-09-14
E06484,Sonal Reddy,57,Female,90000,D06,4,Yes,12,2012-06-10
E06485,Nandita Kaur,33,Female,89500,D05,1,No,7,2017-11-05
E06486,Pratik Rao,41,Male,76000,D07,4,Yes,15,2009-08-21
E06487,Nilesh Shukla,56,Male,67000,D04,3,Yes,8,2016-06-07
E06488,Nisha Roy,30,Female,,D07,3,Yes,5,2019-03-06
E06489,Manasi Bhatt,49,Female,91000,D03,4,No,13,2011-06-18
E06490,Devendra Singh,35,Male,64000,D07,1,Yes,4,2020-10-15
E06491,Pranav Patel,32,Male,58500,D03,2,No,8,2016-12-28
E06492,Namita Chauhan,30,Female,77000,D01,4,Yes,3,2021-02-23
E06493,Madhuri Patil,25,Female,55500,D02,2,No,4,2020-03-19
E06494,Girish Patel,26,Male,60500,D02,3,No,2,2022-01-27
E06495,Nandita Agarwal,31,Female,46000,D04,2,Yes,3,2021-07-16
E06496,Ruchika Malhotra,29,Female,84500,D05,2,No,5,2019-06-09
E06497,Divya Bhosale,47,Female,110500,D01,5,No,2,2022-12-06
E06498,Pooja Ghosh,40,Female,67000,D03,1,No,5,2019-11-18
E06499,Mohit Pawar,24,Male,57000,D01,3,No,1,2023-10-22
E06500,Poornima Mehta,32,Female,,D01,2,Yes,7,2017-04-03
E06501,Mohit Nair,37,Male,100000,D05,2,No,15,2009-11-15
E06502,Pratik Yadav,58,Male,145500,D05,5,No,3,2021-09-16
E06503,Deepika Kulkarni,41,Female,101500,D01,3,No,9,2015-09-06
E06504,Rohit Kulkarni,55,Male,,D01,4,Yes,7,2017-12-09
E06505,Deepak Bhatt,35,Male,97500,D05,2,Yes,4,2020-08-08
E06506,Girish Sharma,50,Male,92500,D02,3,No,11,2013-01-18
E06507,Ananya Pandey,40,Female,51500,D04,1,Yes,16,2008-06-20
E06508,Dinesh Singh,22,Male,55000,D01,2,No,1,2023-06-01
E06509,Bharat Patel,31,Male,52500,D04,3,No,7,2017-01-03
E06510,Nandita Joshi,56,Female,115000,D02,5,No,5,2019-10-04
E06511,Shailesh Patel,57,Male,70500,D04,4,Yes,1,2023-01-26
E06512,Sanket Desai,35,Male,78000,D02,4,No,3,2021-11-16
E06513,Sunil Ghosh,52,Male,105000,D02,4,No,8,2016-05-05
E06514,Anil Agarwal,52,Male,103500,D02,4,No,7,2017-11-08
E06515,Ananya Reddy,33,Female,61000,D02,2,No,10,2014-08-11
E06516,Madhuri Reddy,41,Female,62000,D06,2,No,2,2022-08-08
E06517,Shailesh Das,27,Male,49500,D06,2,No,4,2020-12-05
E06518,Kavya Menon,49,Female,95500,D02,3,No,15,2009-06-06
E06519,Deepak Shukla,36,Male,95000,D05,1,Yes,8,2016-10-18
E06520,Pratik Rao,48,Male,63000,D04,5,No,11,2013-02-09
E06521,Sheetal Jain,41,Female,87000,D02,3,No,14,2010-04-16
E06522,Tejas Desai,56,Male,106500,D02,4,No,15,2009-11-12
E06523,Girish Roy,43,Male,100500,D01,5,No,6,2018-02-04
E06524,Harish Nambiar,38,Male,74000,D03,4,No,12,2012-12-24
E06525,Ananya Mishra,52,Female,131500,D01,5,No,15,2009-02-12
E06526,Vivek Rao,45,Male,55500,D04,3,No,11,2013-06-01
E06527,Deepak Singh,37,Male,56000,D06,2,No,2,2022-02-08
E06528,Nikhil Gupta,27,Male,36500,D04,3,No,6,2018-09-06
E06529,Piyush Roy,47,Male,80500,D06,3,No,13,2011-07-08
E06530,Sheetal Roy,56,Female,75000,D04,5,No,7,2017-10-24
E06531,Jyoti Shah,58,Female,,D02,5,Yes,10,2014-10-26
E06532,Reena Reddy,55,Female,95000,D07,5,No,10,2014-01-27
E06533,Nikhil Shukla,46,Male,116500,D05,3,No,16,2008-12-13
E06534,Ajay Sharma,47,Male,83000,D07,3,No,6,2018-04-06
E06535,Suresh Shenoy,46,Male,58500,D04,3,No,3,2021-02-11
E06536,Manasi Pandey,31,Female,64500,D02,2,Yes,6,2018-06-20
E06537,Manoj Sharma,22,Male,,D03,1,Yes,0,2024-04-06
E06538,Trupti Pillai,58,Female,135500,D01,4,No,8,2016-10-15
E06539,Megha Shenoy,55,Female,145000,D05,4,No,7,2017-02-25
E06540,Divya Das,31,Female,66500,D02,1,Yes,6,2018-02-14
E06541,Swati Shenoy,35,Female,,D06,3,No,2,2022-02-05
E06542,Ashwin Shah,22,Male,43000,D04,2,No,0,2024-12-20
E06543,Bharat Nair,24,Male,64000,D05,3,No,3,2021-11-13
E06544,Vikram Singh,41,Male,67000,D03,3,No,2,2022-10-24
E06545,Nikhil Reddy,46,Male,84000,D03,3,No,7,2017-03-16
E06546,Devendra Mishra,22,Male,42500,D04,2,Yes,1,2023-03-07
E06547,Ananya Kaur,39,Female,73500,D03,3,No,8,2016-09-08
E06548,Komal Kaur,35,Female,41500,D04,1,No,12,2012-02-13
E06549,Shweta Verma,53,Female,105000,D02,5,No,5,2019-03-27
E06550,Madhuri Patil,47,Female,95500,D02,2,No,3,2021-08-27
E06551,Rahul Nair,58,Male,100000,D03,4,No,14,2010-09-17
E06552,Rakesh Pandey,55,Male,66000,D04,4,Yes,6,2018-05-28
E06553,Harish Nambiar,41,Male,92000,D01,2,No,3,2021-05-21
E06554,Ashwin Ghosh,46,Male,,D07,2,No,14,2010-08-14
E06555,Siddharth Mehta,53,Male,87500,D03,3,No,9,2015-03-04
E06556,Ajit Yadav,23,Male,50500,D02,2,No,0,2024-07-20
E06557,Ramesh Nair,47,Male,80500,D06,5,Yes,15,2009-05-24
E06558,Roshni Bhatt,29,Female,55000,D02,4,No,7,2017-11-13
E06559,Gayatri Bhatt,41,Female,74500,D07,4,No,5,2019-07-12
E06560,Chetan Menon,52,Male,102000,D07,4,No,14,2010-12-10
E06561,Varun Agarwal,42,Male,55500,D04,4,No,7,2017-05-10
E06562,Karan Shah,34,Male,51000,D04,2,No,6,2018-09-08
E06563,Ajay Pawar,30,Male,46000,D06,2,No,2,2022-01-10
E06564,Divya Kumar,53,Female,76000,D06,4,No,10,2014-08-05
E06565,Vikram Singh,31,Male,55000,D06,2,Yes,0,2024-04-02
E06566,Leena Yadav,23,Female,38000,D06,4,No,2,2022-02-05
E06567,Ajay Das,56,Male,89500,D03,3,No,10,2014-06-11
E06568,Kavya Shenoy,29,Female,70000,D01,2,No,3,2021-02-20
E06569,Anil Ghosh,50,Male,76500,D06,3,No,8,2016-12-14
E06570,Hemant Nambiar,42,Male,101000,D01,5,No,11,2013-02-05
E06571,Preeti Chauhan,24,Female,40000,D03,2,Yes,0,2024-05-04
E06572,Deepa Verma,22,Female,60500,D05,1,No,1,2023-05-12
E06573,Bharati Chauhan,47,Female,96500,D02,4,No,6,2018-09-28
E06574,Poonam Pillai,35,Female,,D04,2,No,6,2018-03-01
E06575,Sameer Pawar,24,Male,35000,D04,2,No,3,2021-04-13
E06576,Nandita Malhotra,49,Female,118000,D01,4,Yes,0,2024-05-13
E06577,Amit Kumar,39,Male,97500,D05,3,Yes,8,2016-05-20
E06578,Ashwin Shukla,24,Male,54000,D02,2,Yes,3,2021-10-23
E06579,Sunil Pandey,43,Male,65000,D04,5,No,9,2015-02-20
E06580,Manoj Shukla,24,Male,35500,D04,2,Yes,0,2024-04-14
E06581,Pooja Nambiar,58,Female,109000,D02,4,No,7,2017-04-08
E06582,Sanket Verma,39,Male,58000,D06,3,No,6,2018-03-24
E06583,Deepika Shah,47,Female,83500,D03,4,No,8,2016-07-04
E06584,Jyoti Mehta,42,Female,104000,D05,3,No,11,2013-07-15
E06585,Sudha Shah,50,Female,82000,D06,5,No,0,2024-07-01
E06586,Nikhil Mishra,50,Male,84000,D07,4,No,12,2012-01-05
E06587,Rajesh Shenoy,50,Male,118000,D01,4,No,15,2009-01-14
E06588,Arjun Verma,33,Male,55000,D07,2,No,10,2014-10-24
E06589,Pallavi Malhotra,22,Female,,D06,1,Yes,1,2023-11-01
E06590,Roshni Nambiar,30,Female,52000,D03,1,No,9,2015-06-03
E06591,Sudhir Verma,33,Male,54000,D04,5,No,1,2023-05-06
E06592,Vrinda Agarwal,46,Female,,D05,3,No,16,2008-06-04
E06593,Riddhi Roy,23,Female,38000,D06,2,Yes,1,2023-12-13
E06594,Vikram Joshi,50,Male,,D07,3,Yes,2,2022-08-04
E06595,Pratik Gupta,44,Male,115000,D05,4,No,16,2008-05-03
E06596,Lokesh Reddy,27,Male,46500,D07,2,Yes,5,2019-05-19
E06597,Pratik Pandey,30,Male,81500,D01,2,No,9,2015-11-08
E06598,Manish Kumar,41,Male,88000,D02,4,No,7,2017-02-03
E06599,Bharati Sharma,38,Female,72000,D07,3,No,16,2008-11-08
E06600,Lokesh Gupta,42,Male,73000,D07,4,Yes,10,2014-05-08
E06601,Poonam Kumar,30,Female,58000,D07,2,No,9,2015-04-18
E06602,Rohit Sharma,50,Male,88000,D03,4,No,2,2022-05-17
E06603,Rahul Sharma,32,Male,84500,D01,3,Yes,1,2023-09-18
E06604,Harish Yadav,31,Male,54000,D07,2,No,0,2024-02-04
E06605,Ramesh Nambiar,56,Male,94000,D07,5,Yes,14,2010-04-06
E06606,Bharati Gupta,51,Female,61500,D04,4,No,2,2022-09-27
E06607,Poonam Singh,43,Female,,D04,5,No,11,2013-04-09
E06608,Anil Pawar,27,Male,35000,D04,2,Yes,3,2021-03-26
E06609,Sunita Reddy,27,Female,47500,D06,1,Yes,5,2019-11-14
E06610,Mohit Iyer,29,Male,75500,D05,1,Yes,2,2022-10-08
E06611,Nandita Nair,32,Female,81500,D05,2,No,6,2018-09-20
E06612,Riddhi Mehta,29,Female,75500,D05,1,No,7,2017-01-24
E06613,Karan Chauhan,36,Male,51500,D04,2,No,13,2011-07-11
E06614,Amol Pandey,43,Male,53000,D04,1,Yes,1,2023-04-09
E06615,Meera Bhosale,46,Female,65000,D04,3,No,7,2017-11-16
E06616,Piyush Pillai,44,Male,,D05,4,No,7,2017-02-06
E06617,Arjun Dubey,28,Male,59000,D02,2,No,2,2022-12-27
E06618,Rakesh Patel,28,Male,,D01,2,No,5,2019-09-01
E06619,Pranav Singh,38,Male,58500,D06,3,No,7,2017-09-16
E06620,Manoj Saxena,42,Male,81000,D02,5,No,8,2016-07-18
E06621,Shailesh Singh,22,Male,51000,D02,1,No,1,2023-04-13
E06622,Poornima Gupta,55,Female,130500,D01,5,No,2,2022-12-18
E06623,Vrinda Roy,36,Female,77000,D02,4,No,13,2011-09-06
E06624,Shruti Desai,44,Female,76000,D03,3,Yes,11,2013-04-03
E06625,Roshni Shenoy,50,Female,92500,D03,4,Yes,5,2019-08-11
E06626,Gaurav Thakur,44,Male,90000,D02,3,No,3,2021-11-13
E06627,Anita Malhotra,38,Female,86000,D01,2,No,10,2014-09-21
E06628,Sudha Menon,50,Female,85500,D07,4,Yes,11,2013-05-11
E06629,Mohit Verma,30,Male,53000,D02,4,No,8,2016-12-19
E06630,Preeti Shukla,50,Female,129000,D01,3,No,10,2014-01-04
E06631,Kavya Saxena,30,Female,53000,D06,3,No,9,2015-01-02
E06632,Sonal Desai,28,Female,,D05,2,No,3,2021-03-10
E06633,Aparna Malhotra,23,Female,44500,D06,1,No,0,2024-05-20
E06634,Dinesh Bhosale,57,Male,102500,D07,5,No,14,2010-07-05
E06635,Padmaja Dubey,35,Female,89000,D01,1,No,14,2010-08-05
E06636,Rohit Kaur,30,Male,46000,D04,1,No,0,2024-12-26
E06637,Sheetal Iyer,56,Female,75000,D04,5,No,7,2017-05-12
E06638,Deepika Bhosale,34,Female,77000,D01,2,No,1,2023-04-12
E06639,Poornima Jain,42,Female,62000,D04,3,Yes,9,2015-05-08
E06640,Gayatri Kumar,34,Female,48500,D04,4,No,2,2022-04-08
E06641,Nilesh Agarwal,49,Male,125000,D01,5,No,16,2008-05-13
E06642,Tushar Joshi,40,Male,78000,D07,4,No,16,2008-01-25
E06643,Nisha Pawar,23,Female,67500,D05,2,No,1,2023-09-03
E06644,Aparna Shah,26,Female,50500,D03,3,No,1,2023-08-11
E06645,Deepak Bhatt,27,Male,56500,D07,2,No,1,2023-03-02
E06646,Ramesh Menon,32,Male,63000,D02,4,No,2,2022-11-17
E06647,Sudha Shukla,27,Female,44500,D07,1,Yes,6,2018-02-07
E06648,Deepak Dubey,47,Male,69500,D04,5,No,3,2021-10-15
E06649,Madhuri Kumar,46,Female,90000,D02,4,Yes,12,2012-08-04
E06650,Nitin Thakur,53,Male,121000,D01,5,No,14,2010-04-06
E06651,Saurabh Kumar,30,Male,79000,D01,3,No,5,2019-02-25
E06652,Amol Bhat,31,Male,40500,D04,2,Yes,1,2023-07-16
E06653,Chetan Desai,31,Male,45000,D04,1,Yes,8,2016-07-24
E06654,Sunil Saxena,56,Male,100000,D03,4,Yes,3,2021-03-01
E06655,Neha Chauhan,22,Female,55000,D01,3,No,1,2023-10-22
E06656,Ajit Thakur,55,Male,90000,D06,5,No,4,2020-08-18
E06657,Nandita Das,36,Female,76000,D02,3,No,2,2022-10-16
E06658,Anita Menon,29,Female,45000,D03,3,No,1,2023-12-05
E06659,Shailesh Joshi,55,Male,80000,D06,4,No,15,2009-08-11
E06660,Girish Bhatt,51,Male,109000,D02,5,No,5,2019-07-25
E06661,Trupti Nambiar,50,Female,61500,D04,5,No,0,2024-02-09
E06662,Girish Shukla,39,Male,74500,D02,3,No,1,2023-08-03
E06663,Shruti Bhatt,38,Female,53500,D04,2,Yes,9,2015-09-14
E06664,Vivek Patel,23,Male,35000,D04,1,No,1,2023-01-24
E06665,Ruchika Mehta,34,Female,53000,D06,3,Yes,13,2011-07-01
E06666,Piyush Shenoy,26,Male,71000,D01,3,No,3,2021-11-11
E06667,Tejas Bhat,35,Male,,D06,5,No,2,2022-07-06
E06668,Megha Nair,33,Female,53000,D06,2,No,0,2024-03-16
E06669,Bharat Singh,46,Male,73000,D06,3,No,6,2018-08-27
E06670,Madhuri Chauhan,25,Female,42000,D07,3,Yes,1,2023-01-16
E06671,Pallavi Gupta,23,Female,35500,D04,2,No,1,2023-02-12
E06672,Bharat Verma,56,Male,75000,D04,5,No,8,2016-02-11
E06673,Sneha Bhosale,43,Female,66500,D04,5,No,13,2011-05-10
E06674,Suresh Saxena,57,Male,,D07,5,No,12,2012-05-06
E06675,Riddhi Pillai,47,Female,78500,D03,5,No,10,2014-02-19
E06676,Karan Iyer,30,Male,59500,D02,2,No,5,2019-12-14
E06677,Ritu Saxena,36,Female,63000,D07,2,No,3,2021-08-26
E06678,Sanket Shukla,46,Male,88000,D03,4,No,12,2012-02-10
E06679,Ajit Kumar,36,Male,69500,D07,3,No,12,2012-09-15
E06680,Gaurav Das,52,Male,68500,D04,4,No,0,2024-11-09
E06681,Sudha Agarwal,26,Female,59500,D02,1,Yes,4,2020-01-09
E06682,Nilesh Kulkarni,36,Male,,D03,3,No,10,2014-11-16
E06683,Aakash Dubey,27,Male,40000,D06,2,No,5,2019-02-05
E06684,Varun Reddy,30,Male,46500,D06,2,No,1,2023-03-28
E06685,Anil Shenoy,42,Male,56000,D04,4,No,1,2023-10-01
E06686,Meera Kumar,26,Female,38000,D06,1,Yes,5,2019-03-01
E06687,Varun Thakur,38,Male,55500,D06,3,Yes,14,2010-12-15
E06688,Dinesh Mishra,30,Male,56500,D07,2,No,8,2016-08-14
E06689,Pratik Verma,38,Male,,D05,2,No,10,2014-03-13
E06690,Sheetal Ghosh,39,Female,,D01,4,No,6,2018-08-05
E06691,Tejas Kumar,41,Male,73000,D03,4,Yes,12,2012-04-14
E06692,Anita Roy,43,Female,86500,D07,4,No,14,2010-06-27
E06693,Ananya Singh,44,Female,53500,D04,3,No,16,2008-12-10
E06694,Pratik Gupta,56,Male,139000,D01,5,No,2,2022-07-02
E06695,Vinay Tiwari,49,Male,114000,D01,4,Yes,12,2012-02-11
E06696,Girish Desai,58,Male,84500,D06,5,No,3,2021-03-01
E06697,Ananya Singh,53,Female,75000,D04,4,No,10,2014-08-03
E06698,Ajit Pillai,58,Male,86500,D06,5,No,15,2009-07-10
E06699,Amit Agarwal,43,Male,58500,D04,4,No,11,2013-10-27
E06700,Kavya Dubey,57,Female,95500,D07,5,Yes,10,2014-10-20
E06701,Nikhil Ghosh,47,Male,91500,D07,4,Yes,4,2020-12-23
E06702,Neha Verma,54,Female,75000,D04,3,No,1,2023-04-08
E06703,Poornima Nambiar,48,Female,,D05,4,No,14,2010-12-01
E06704,Pratik Kumar,22,Male,37500,D04,3,No,0,2024-10-20
E06705,Namita Mehta,43,Female,81000,D07,3,No,14,2010-01-07
E06706,Saurabh Kumar,25,Male,58000,D01,1,No,2,2022-08-21
E06707,Devendra Saxena,39,Male,80500,D02,4,No,15,2009-05-16
E06708,Megha Yadav,33,Female,86000,D05,4,No,11,2013-04-13
E06709,Rajesh Patel,26,Male,47000,D07,2,Yes,1,2023-06-14
E06710,Anil Agarwal,35,Male,52500,D06,2,No,13,2011-01-12
E06711,Smita Shah,39,Female,97000,D05,2,No,12,2012-09-06
E06712,Pratik Patil,24,Male,,D01,2,No,1,2023-11-05
E06713,Kavya Thakur,44,Female,65000,D06,3,No,13,2011-08-08
E06714,Rohit Shah,43,Male,,D02,4,No,5,2019-07-24
E06715,Ananya Chauhan,34,Female,65000,D07,1,Yes,9,2015-06-12
E06716,Riddhi Roy,55,Female,,D07,4,Yes,6,2018-06-20
E06717,Namita Ghosh,50,Female,84000,D03,4,No,7,2017-08-24
E06718,Nikhil Thakur,48,Male,96000,D02,2,Yes,11,2013-02-14
E06719,Dinesh Desai,30,Male,44500,D06,2,Yes,8,2016-02-10
E06720,Vandana Jain,28,Female,46000,D03,1,No,6,2018-05-06
E06721,Girish Kumar,33,Male,46000,D06,1,Yes,7,2017-05-09
E06722,Divya Dubey,53,Female,143000,D05,5,No,6,2018-03-21
E06723,Deepak Menon,58,Male,,D06,3,No,13,2011-07-26
E06724,Amit Kaur,57,Male,,D05,5,No,7,2017-12-14
E06725,Rohit Thakur,27,Male,78500,D05,3,No,2,2022-11-26
E06726,Sunita Gupta,25,Female,59500,D01,3,No,2,2022-11-08
E06727,Pranav Nambiar,41,Male,115500,D05,4,No,5,2019-04-05
E06728,Ananya Rao,54,Female,146500,D05,4,No,6,2018-05-16
E06729,Lakshmi Pillai,31,Female,55000,D07,2,Yes,3,2021-12-16
E06730,Sejal Malhotra,26,Female,36000,D04,3,Yes,4,2020-05-08
E06731,Sonal Bhat,30,Female,36500,D04,2,Yes,5,2019-06-08
E06732,Sudha Kaur,28,Female,53500,D06,2,No,0,2024-04-09
E06733,Jyoti Pandey,35,Female,,D06,3,No,12,2012-02-04
E06734,Sanket Reddy,31,Male,,D06,3,No,1,2023-03-04
E06735,Manasi Joshi,44,Female,111500,D01,4,No,14,2010-04-27
E06736,Tejas Shah,31,Male,42500,D04,1,No,2,2022-11-17
E06737,Sejal Shukla,56,Female,,D05,4,No,15,2009-02-01
E06738,Chetan Singh,25,Male,,D05,2,No,3,2021-07-14
E06739,Pratik Patil,46,Male,86000,D02,5,No,7,2017-04-20
E06740,Anita Yadav,41,Female,63500,D04,5,Yes,11,2013-12-19
E06741,Deepa Bhosale,35,Female,68500,D02,2,No,7,2017-10-03
E06742,Tushar Chauhan,32,Male,48000,D04,2,Yes,2,2022-06-06
E06743,Manasi Nair,50,Female,,D02,3,No,1,2023-08-01
E06744,Ananya Chauhan,45,Female,118000,D05,4,No,5,2019-03-05
E06745,Rohit Pawar,54,Male,93500,D03,5,No,15,2009-09-27
E06746,Shweta Roy,47,Female,66000,D04,5,No,12,2012-08-15
E06747,Saurabh Yadav,47,Male,68000,D04,3,No,4,2020-09-27
E06748,Chetana Bhat,45,Female,75000,D07,5,No,2,2022-03-07
E06749,Sanjay Shukla,39,Male,106500,D05,3,Yes,14,2010-01-18
E06750,Pratik Thakur,36,Male,47500,D04,2,No,9,2015-02-09
E06751,Ruchika Yadav,58,Female,,D03,4,No,16,2008-09-08
E06752,Kartik Pillai,32,Male,78000,D01,2,No,9,2015-07-10
E06753,Namita Mishra,30,Female,53500,D07,3,No,3,2021-10-03
E06754,Ritu Tiwari,23,Female,62000,D01,2,No,0,2024-01-18
E06755,Manasi Singh,33,Female,55000,D04,5,No,8,2016-08-02
E06756,Devendra Pandey,54,Male,93500,D07,4,No,12,2012-04-02
E06757,Madhuri Bhatt,51,Female,84000,D03,4,No,12,2012-01-10
E06758,Piyush Joshi,57,Male,90000,D06,5,Yes,3,2021-08-24
E06759,Ajit Kaur,40,Male,72000,D06,4,No,14,2010-02-18
E06760,Chetana Shukla,44,Female,113000,D01,3,No,7,2017-02-19
E06761,Padmaja Pillai,22,Female,35000,D04,2,Yes,1,2023-09-24
E06762,Gayatri Kumar,25,Female,42000,D06,1,No,4,2020-12-25
E06763,Archana Mehta,52,Female,65500,D04,5,Yes,10,2014-09-20
E06764,Nitin Nair,52,Male,122500,D01,4,No,3,2021-05-21
E06765,Ritu Patil,37,Female,,D02,2,No,7,2017-02-13
E06766,Ritu Saxena,53,Female,,D07,4,No,8,2016-02-24
E06767,Girish Saxena,42,Male,67500,D03,3,No,1,2023-11-01
E06768,Ashwin Chauhan,24,Male,46500,D07,1,No,1,2023-10-22
E06769,Tejas Singh,53,Male,143500,D05,3,No,7,2017-11-16
E06770,Shailesh Dubey,39,Male,75500,D07,4,No,12,2012-02-05
E06771,Ajit Menon,34,Male,73000,D02,2,Yes,13,2011-02-22
E06772,Rakesh Thakur,47,Male,100000,D02,5,No,2,2022-02-10
E06773,Megha Singh,54,Female,90000,D07,4,No,9,2015-01-06
E06774,Rupali Shah,32,Female,63000,D07,2,Yes,8,2016-10-08
E06775,Ritu Nair,35,Female,59500,D06,3,No,1,2023-12-16
E06776,Manish Jain,32,Male,45000,D04,2,No,5,2019-11-14
E06777,Rohit Desai,29,Male,,D04,1,Yes,5,2019-01-22
E06778,Lokesh Mehta,29,Male,50500,D07,4,No,1,2023-01-24
E06779,Rahul Verma,58,Male,100000,D03,5,No,2,2022-12-05
E06780,Amol Saxena,48,Male,79500,D03,3,No,14,2010-01-20
E06781,Gaurav Rao,32,Male,,D07,4,No,3,2021-12-13
E06782,Megha Saxena,31,Female,58500,D03,1,No,1,2023-08-02
E06783,Rakesh Menon,29,Male,50000,D03,2,No,5,2019-03-09
E06784,Kavya Reddy,22,Female,42000,D07,2,No,1,2023-02-28
E06785,Suresh Iyer,26,Male,,D06,2,No,3,2021-02-02
E06786,Karan Joshi,58,Male,105000,D07,5,No,12,2012-08-09
E06787,Deepika Verma,34,Female,61500,D03,2,Yes,12,2012-04-04
E06788,Ajit Saxena,56,Male,109000,D02,5,No,11,2013-08-10
E06789,Pooja Pawar,50,Female,118500,D01,4,No,10,2014-07-10
E06790,Harish Desai,47,Male,121000,D05,4,No,7,2017-02-26
E06791,Priya Kaur,34,Female,,D06,4,No,10,2014-11-06
E06792,Anil Menon,23,Male,42000,D07,1,No,2,2022-03-09
E06793,Saurabh Reddy,56,Male,128000,D01,5,No,2,2022-11-17
E06794,Ajit Iyer,40,Male,73500,D07,3,No,3,2021-06-22
E06795,Riddhi Chauhan,36,Female,88000,D05,2,No,6,2018-02-25
E06796,Sanket Das,45,Male,77500,D06,4,No,8,2016-01-15
E06797,Rakesh Shenoy,44,Male,69000,D06,4,No,6,2018-05-13
E06798,Vandana Bhosale,43,Female,69500,D06,5,No,15,2009-01-03
E06799,Hemant Joshi,53,Male,130500,D01,4,No,11,2013-06-16
E06800,Karan Tiwari,36,Male,55500,D04,4,Yes,1,2023-09-19
E06801,Sanket Iyer,24,Male,60500,D01,2,Yes,3,2021-08-14
E06802,Poonam Desai,26,Female,62500,D01,4,No,1,2023-11-01
E06803,Saurabh Pillai,46,Male,56500,D04,4,No,1,2023-07-21
E06804,Anita Bhosale,22,Female,43500,D07,2,No,1,2023-08-09
E06805,Kartik Nair,44,Male,87000,D02,4,No,11,2013-11-26
E06806,Padmaja Nambiar,54,Female,124500,D01,5,No,5,2019-01-02
E06807,Namita Patil,25,Female,45000,D06,3,No,2,2022-01-16
E06808,Manoj Bhosale,32,Male,52000,D06,4,No,0,2024-08-21
E06809,Archana Iyer,40,Female,75000,D02,4,Yes,9,2015-05-18
E06810,Suresh Chauhan,26,Male,63000,D01,4,No,1,2023-08-17
E06811,Madhuri Kaur,37,Female,93000,D05,2,No,10,2014-05-07
E06812,Nikhil Shenoy,40,Male,103000,D01,4,No,6,2018-09-09
E06813,Priya Desai,27,Female,68000,D05,3,No,6,2018-02-18
E06814,Sunil Shah,58,Male,,D03,5,No,13,2011-03-07
E06815,Komal Yadav,37,Female,69500,D07,2,No,7,2017-04-07
E06816,Sunil Kulkarni,25,Male,50500,D03,3,No,4,2020-03-20
E06817,Sudha Das,26,Female,,D03,2,No,4,2020-09-01
E06818,Manasi Pawar,39,Female,51000,D04,1,Yes,4,2020-03-15
E06819,Leena Gupta,39,Female,72500,D07,4,No,15,2009-01-10
E06820,Trupti Roy,28,Female,69500,D05,2,Yes,4,2020-11-09
E06821,Vrinda Dubey,58,Female,115000,D02,4,Yes,0,2024-05-25
E06822,Sanjay Bhosale,49,Male,81500,D07,4,Yes,8,2016-10-04
E06823,Sneha Pandey,51,Female,139000,D05,3,Yes,14,2010-04-04
E06824,Vivek Bhatt,32,Male,65500,D07,2,Yes,2,2022-06-12
E06825,Ajay Nair,30,Male,54000,D02,3,No,1,2023-04-27
E06826,Chetan Bhat,49,Male,81500,D07,4,Yes,15,2009-01-20
E06827,Vrinda Menon,38,Female,100000,D01,4,No,13,2011-09-11
E06828,Aparna Reddy,46,Female,128000,D05,5,No,16,2008-11-03
E06829,Priya Thakur,36,Female,63500,D03,3,No,9,2015-10-06
E06830,Vikram Roy,26,Male,42000,D07,2,No,3,2021-12-20
E06831,Shruti Mishra,26,Female,44500,D07,3,No,4,2020-11-01
E06832,Pallavi Tiwari,37,Female,,D06,3,No,12,2012-03-11
E06833,Devendra Iyer,52,Male,123000,D01,4,No,5,2019-03-15
E06834,Nitin Pillai,55,Male,65500,D04,5,Yes,14,2010-02-13
E06835,Varun Kulkarni,28,Male,52500,D07,2,Yes,1,2023-01-25
E06836,Sanjay Tiwari,51,Male,80500,D06,4,No,6,2018-06-10
E06837,Devendra Pandey,52,Male,,D05,5,No,12,2012-02-10
E06838,Reena Yadav,53,Female,138500,D05,5,No,9,2015-04-03
E06839,Manish Sharma,51,Male,87500,D03,4,No,11,2013-06-02
E06840,Devendra Sharma,23,Male,37000,D04,2,Yes,2,2022-07-26
E06841,Ritu Verma,40,Female,74500,D02,1,Yes,8,2016-08-27
E06842,Deepika Tiwari,25,Female,57500,D01,2,Yes,3,2021-08-05
E06843,Shailesh Singh,23,Male,60000,D05,3,No,2,2022-12-18
E06844,Vinay Rao,32,Male,,D04,2,Yes,4,2020-05-22
E06845,Amit Joshi,23,Male,62500,D05,4,No,1,2023-11-11
E06846,Devendra Chauhan,55,Male,98500,D07,5,No,4,2020-01-17
E06847,Archana Pillai,38,Female,95500,D05,2,No,5,2019-10-09
E06848,Manish Malhotra,44,Male,,D01,3,No,14,2010-08-12
E06849,Nitin Das,29,Male,51000,D03,2,Yes,3,2021-07-14
E06850,Jyoti Sharma,29,Female,51000,D02,1,No,0,2024-04-19
E06851,Ajit Dubey,51,Male,73000,D06,3,No,9,2015-08-13
E06852,Ananya Shenoy,56,Female,145000,D05,5,No,10,2014-01-07
E06853,Arjun Saxena,27,Male,77500,D05,2,Yes,0,2024-09-21
E06854,Nilesh Agarwal,48,Male,88500,D02,4,No,15,2009-04-28
E06855,Sejal Bhat,36,Female,74500,D07,5,No,9,2015-04-20
E06856,Sameer Mishra,30,Male,52000,D07,3,No,8,2016-02-11
E06857,Devendra Dubey,44,Male,82000,D03,3,No,14,2010-06-11
E06858,Anil Mishra,38,Male,88000,D01,3,No,0,2024-08-21
E06859,Sudha Joshi,22,Female,51500,D02,3,No,0,2024-03-04
E06860,Hemant Rao,31,Male,56500,D06,2,No,10,2014-12-05
E06861,Deepa Iyer,49,Female,,D01,4,No,11,2013-03-02
E06862,Nisha Verma,46,Female,85500,D07,4,No,15,2009-08-22
E06863,Chetan Bhat,34,Male,58000,D06,4,No,7,2017-08-07
E06864,Rupali Pandey,52,Female,109500,D02,5,Yes,5,2019-09-24
E06865,Piyush Dubey,27,Male,48500,D04,1,Yes,5,2019-05-27
E06866,Nandita Patel,27,Female,65500,D05,4,No,4,2020-09-04
E06867,Nilesh Malhotra,42,Male,,D06,3,Yes,15,2009-01-01
E06868,Vivek Ghosh,32,Male,83000,D05,2,No,4,2020-02-03
E06869,Ajay Shenoy,36,Male,62000,D06,5,No,2,2022-11-08
E06870,Reena Verma,37,Female,55500,D04,4,No,10,2014-08-03
E06871,Rohit Dubey,23,Male,55000,D01,4,No,0,2024-09-12
E06872,Sejal Desai,40,Female,,D05,3,No,0,2024-04-18
E06873,Poornima Agarwal,23,Female,49500,D07,2,No,1,2023-10-06
E06874,Neha Bhat,31,Female,55000,D02,1,No,5,2019-08-13
E06875,Divya Ghosh,48,Female,94500,D07,5,No,7,2017-02-18
E06876,Nilesh Shah,55,Male,66000,D04,4,No,11,2013-04-20
E06877,Sheetal Iyer,30,Female,48500,D03,2,No,4,2020-10-02
E06878,Swati Ghosh,32,Female,,D04,2,Yes,4,2020-05-10
E06879,Ashwin Saxena,43,Male,74500,D06,2,No,16,2008-10-13
E06880,Divya Shenoy,46,Female,59000,D04,4,Yes,13,2011-07-24
E06881,Ruchika Bhosale,29,Female,71000,D01,1,No,1,2023-08-17
E06882,Gaurav Bhatt,41,Male,50500,D04,2,Yes,4,2020-04-03
E06883,Vikram Nair,22,Male,35000,D04,2,Yes,1,2023-08-19
E06884,Ajit Reddy,41,Male,86500,D02,4,No,9,2015-12-09
E06885,Komal Menon,36,Female,54000,D04,3,No,12,2012-07-22
E06886,Gaurav Sharma,38,Male,69000,D03,4,No,15,2009-08-25
E06887,Deepa Desai,44,Female,73000,D07,3,No,12,2012-11-20
E06888,Aakash Mishra,45,Male,58000,D04,3,No,5,2019-10-28
E06889,Piyush Nair,38,Male,62000,D06,4,No,0,2024-12-09
E06890,Chetan Patil,43,Male,82500,D07,5,No,1,2023-03-21
E06891,Rakesh Ghosh,34,Male,66000,D07,4,No,13,2011-02-09
E06892,Sanjay Dubey,50,Male,138000,D05,5,No,10,2014-02-10
E06893,Rohit Kaur,23,Male,36000,D04,2,Yes,1,2023-04-28
E06894,Riddhi Saxena,51,Female,61000,D04,4,Yes,3,2021-06-11
E06895,Riddhi Pillai,54,Female,95000,D07,4,No,0,2024-01-17
E06896,Aakash Menon,38,Male,95500,D01,4,No,15,2009-07-24
E06897,Pratik Roy,46,Male,82000,D07,3,No,9,2015-06-07
E06898,Vikram Malhotra,41,Male,54500,D04,2,Yes,0,2024-04-03
E06899,Neha Patil,58,Female,71500,D04,3,No,2,2022-05-10
E06900,Sudha Roy,57,Female,132500,D01,5,No,14,2010-03-02
E06901,Ashwin Kumar,31,Male,84000,D01,4,No,9,2015-09-15
E06902,Vrinda Singh,22,Female,,D03,2,No,1,2023-11-18
E06903,Amit Kulkarni,23,Male,62000,D05,1,No,0,2024-04-09
E06904,Sanket Nambiar,26,Male,58000,D01,1,No,0,2024-09-07
E06905,Saurabh Shenoy,23,Male,62500,D01,3,No,2,2022-06-14
E06906,Pooja Dubey,46,Female,98000,D02,5,No,9,2015-02-26
E06907,Shailesh Thakur,53,Male,132000,D05,5,No,7,2017-03-22
E06908,Poornima Nambiar,56,Female,92000,D03,4,No,16,2008-10-08
E06909,Amol Mishra,27,Male,47500,D04,2,No,6,2018-09-13
E06910,Abhijit Kulkarni,46,Male,124500,D05,4,No,11,2013-07-17
E06911,Aparna Pillai,51,Female,81500,D06,5,Yes,11,2013-07-18
E06912,Komal Dubey,48,Female,61500,D04,5,Yes,4,2020-02-13
E06913,Madhuri Chauhan,57,Female,,D07,4,No,8,2016-09-01
E06914,Sudhir Agarwal,30,Male,54000,D06,3,Yes,6,2018-05-04
E06915,Ashwin Roy,37,Male,66500,D03,3,No,10,2014-11-16
E06916,Siddharth Joshi,46,Male,79000,D07,5,No,14,2010-04-22
E06917,Anil Bhosale,24,Male,35000,D04,1,No,2,2022-01-20
E06918,Piyush Shah,28,Male,,D05,2,No,0,2024-10-26
E06919,Poonam Yadav,37,Female,54500,D06,1,No,7,2017-03-24
E06920,Aparna Pandey,38,Female,68500,D06,4,No,1,2023-02-25
E06921,Aakash Menon,23,Male,47500,D07,1,No,0,2024-08-06
E06922,Sheetal Shah,36,Female,96500,D05,2,No,4,2020-11-15
E06923,Amol Pandey,56,Male,69000,D04,5,Yes,10,2014-05-14
E06924,Ritu Desai,31,Female,86500,D05,4,No,9,2015-12-14
E06925,Saurabh Jain,30,Male,,D06,2,No,6,2018-04-07
E06926,Manoj Verma,22,Male,50500,D02,1,No,0,2024-11-16
E06927,Sneha Shukla,34,Female,80000,D01,2,No,1,2023-08-22
E06928,Vivek Kaur,35,Male,71000,D02,2,No,1,2023-09-19
E06929,Namita Patel,43,Female,82000,D02,4,No,16,2008-11-11
E06930,Leena Kumar,36,Female,,D02,4,No,7,2017-08-27
E06931,Ajay Shah,37,Male,72000,D03,5,No,12,2012-05-10
E06932,Chetana Rao,36,Female,101500,D05,4,No,10,2014-09-08
E06933,Smita Gupta,22,Female,55000,D01,3,No,0,2024-09-10
E06934,Pallavi Pandey,25,Female,57000,D02,2,No,0,2024-01-13
E06935,Devendra Pillai,40,Male,56000,D04,4,No,1,2023-07-21
E06936,Manish Pawar,41,Male,50500,D04,2,No,13,2011-08-06
E06937,Vrinda Nair,52,Female,101000,D07,5,No,10,2014-11-07
E06938,Vandana Singh,50,Female,,D02,4,No,9,2015-11-05
E06939,Suresh Bhat,54,Male,113500,D02,5,No,6,2018-12-16
E06940,Nilesh Saxena,30,Male,52000,D06,2,Yes,0,2024-06-14
E06941,Divya Bhat,50,Female,94500,D03,5,No,12,2012-06-06
E06942,Ashwin Patil,24,Male,42000,D07,3,No,3,2021-02-01
E06943,Shailesh Pandey,28,Male,,D01,3,No,0,2024-02-19
E06944,Divya Bhat,39,Female,70500,D07,4,No,4,2020-08-04
E06945,Ashwin Yadav,37,Male,72000,D07,4,No,10,2014-05-03
E06946,Sunita Iyer,38,Female,69500,D07,2,No,9,2015-03-21
E06947,Archana Pawar,41,Female,53500,D04,3,No,2,2022-10-18
E06948,Amit Mehta,47,Male,119000,D01,5,No,6,2018-03-21
E06949,Trupti Roy,58,Female,75000,D04,5,No,9,2015-02-23
E06950,Ajit Mishra,30,Male,81000,D05,3,No,2,2022-09-01
E06951,Dinesh Pillai,24,Male,48500,D06,1,No,1,2023-06-05
E06952,Bharat Menon,48,Male,128500,D05,5,No,1,2023-09-16
E06953,Vrinda Sharma,50,Female,,D06,5,Yes,10,2014-11-02
E06954,Devendra Nair,29,Male,50000,D04,3,No,8,2016-09-22
E06955,Anil Iyer,47,Male,70000,D04,4,No,12,2012-10-17
E06956,Vivek Kulkarni,40,Male,78000,D03,3,No,9,2015-07-03
E06957,Pallavi Dubey,45,Female,70500,D06,3,No,2,2022-11-27
E06958,Poonam Saxena,26,Female,54000,D03,2,No,1,2023-07-04
E06959,Rohit Rao,31,Male,82000,D01,3,No,10,2014-09-04
E06960,Reena Shah,45,Female,,D04,5,Yes,3,2021-01-02
E06961,Deepika Mishra,26,Female,,D04,3,No,2,2022-12-02
E06962,Varun Shenoy,40,Male,67500,D03,3,No,3,2021-12-26
E06963,Pratik Desai,32,Male,87000,D05,3,No,8,2016-02-04
E06964,Nandita Chauhan,32,Female,49000,D06,3,No,8,2016-12-08
E06965,Pallavi Shenoy,45,Female,111500,D05,4,No,7,2017-04-16
E06966,Smita Shenoy,33,Female,69000,D07,1,No,3,2021-09-18
E06967,Gayatri Malhotra,44,Female,60500,D04,4,No,4,2020-10-21
E06968,Madhuri Gupta,52,Female,,D02,4,No,15,2009-11-19
E06969,Sunil Jain,48,Male,94500,D02,5,Yes,15,2009-11-14
E06970,Anil Nair,40,Male,77000,D07,4,No,8,2016-05-15
E06971,Namita Tiwari,53,Female,71500,D04,4,Yes,15,2009-06-03
E06972,Rakesh Pillai,36,Male,,D04,4,No,6,2018-10-19
E06973,Dinesh Jain,53,Male,126000,D01,5,No,14,2010-08-22
E06974,Ruchika Shukla,45,Female,73500,D06,2,No,12,2012-02-09
E06975,Pallavi Patel,54,Female,87000,D03,5,No,4,2020-07-09
E06976,Ritu Dubey,36,Female,61500,D07,2,No,4,2020-08-13
E06977,Sunil Bhosale,33,Male,81500,D01,3,No,6,2018-05-11
E06978,Pooja Bhat,26,Female,44500,D04,2,No,2,2022-10-19
E06979,Pranav Malhotra,28,Male,,D05,3,No,0,2024-06-11
E06980,Sejal Shenoy,55,Female,75000,D04,5,No,7,2017-12-01
E06981,Arjun Mishra,48,Male,71500,D06,3,No,7,2017-07-28
E06982,Deepak Roy,32,Male,39500,D04,3,No,10,2014-03-24
E06983,Neha Mehta,23,Female,41000,D06,4,No,1,2023-09-15
E06984,Saurabh Pawar,38,Male,107500,D05,4,No,16,2008-12-25
E06985,Deepika Nair,22,Female,40000,D03,1,No,0,2024-09-03
E06986,Sejal Bhosale,40,Female,70500,D06,4,No,5,2019-11-16
E06987,Tushar Roy,57,Male,68500,D04,4,No,8,2016-03-15
E06988,Tanvi Singh,43,Female,,D05,4,No,11,2013-04-04
E06989,Jyoti Shenoy,51,Female,83500,D03,4,No,8,2016-01-16
E06990,Namita Ghosh,56,Female,148000,D05,5,No,7,2017-03-05
E06991,Pooja Gupta,57,Female,107500,D02,3,No,3,2021-10-09
E06992,Leena Mishra,37,Female,72500,D02,2,No,14,2010-09-08
E06993,Reena Gupta,56,Female,73000,D04,5,No,16,2008-02-07
E06994,Ajit Shah,28,Male,73500,D05,3,No,7,2017-12-13
E06995,Ajay Mishra,46,Male,57500,D04,5,No,16,2008-09-22
E06996,Gaurav Malhotra,22,Male,42500,D04,2,Yes,1,2023-08-15
E06997,Kartik Das,42,Male,,D01,3,No,14,2010-01-21
E06998,Shailesh Desai,49,Male,85000,D07,3,Yes,12,2012-11-08
E06999,Pallavi Ghosh,26,Female,46000,D02,3,No,2,2022-12-19
E07000,Sanket Nambiar,50,Male,93000,D02,4,No,8,2016-12-04
E07001,Devendra Nambiar,42,Male,,D06,3,No,3,2021-09-11
E07002,Rahul Iyer,35,Male,83000,D01,1,No,10,2014-11-06
E07003,Vinay Nambiar,26,Male,50000,D02,4,No,4,2020-03-02
E07004,Komal Rao,42,Female,70500,D06,4,No,15,2009-04-01
E07005,Swati Chauhan,34,Female,83000,D05,2,No,1,2023-07-23
E07006,Gaurav Desai,44,Male,81000,D03,3,Yes,0,2024-12-12
E07007,Deepak Tiwari,38,Male,53000,D06,1,No,16,2008-06-22
E07008,Ritu Nair,33,Female,70000,D02,3,No,10,2014-05-24
E07009,Manasi Kumar,50,Female,93500,D02,2,No,14,2010-05-08
E07010,Padmaja Desai,22,Female,55000,D01,3,No,1,2023-08-26
E07011,Preeti Mishra,58,Female,67500,D04,4,No,14,2010-02-05
E07012,Trupti Chauhan,46,Female,83500,D03,4,No,4,2020-01-25
E07013,Sejal Bhosale,29,Female,70500,D05,2,No,3,2021-11-26
E07014,Bharati Patil,51,Female,,D01,4,No,9,2015-12-11
E07015,Komal Gupta,23,Female,39000,D06,3,No,1,2023-01-15
E07016,Pranav Kumar,51,Male,124500,D05,4,No,13,2011-07-16
E07017,Rahul Kumar,47,Male,97000,D02,3,No,13,2011-09-09
E07018,Tejas Bhatt,27,Male,78500,D05,2,No,4,2020-02-08
E07019,Smita Bhosale,32,Female,40500,D04,2,No,8,2016-08-27
E07020,Chetana Mehta,41,Female,,D07,4,No,12,2012-03-26
E07021,Sejal Pawar,25,Female,53000,D07,1,No,4,2020-05-14
E07022,Amit Nambiar,39,Male,95500,D01,3,No,3,2021-05-14
E07023,Harish Kaur,36,Male,57000,D04,4,No,6,2018-03-05
E07024,Nandita Das,22,Female,49500,D07,2,Yes,0,2024-04-25
E07025,Vrinda Patil,56,Female,90000,D06,4,No,13,2011-07-16
E07026,Gayatri Bhosale,23,Female,53000,D02,2,No,2,2022-12-06
E07027,Shweta Roy,37,Female,105000,D05,4,No,14,2010-11-11
E07028,Tejas Ghosh,24,Male,56500,D01,2,Yes,3,2021-08-04
E07029,Girish Singh,37,Male,78500,D02,4,Yes,5,2019-05-24
E07030,Preeti Malhotra,39,Female,66500,D03,2,No,14,2010-11-13
E07031,Sneha Roy,27,Female,80500,D05,4,No,1,2023-08-11
E07032,Girish Malhotra,45,Male,114500,D05,4,No,14,2010-10-06
E07033,Aakash Kaur,31,Male,57500,D03,3,No,6,2018-08-12
E07034,Megha Patil,52,Female,,D01,4,No,2,2022-10-07
E07035,Kavya Nambiar,42,Female,103000,D01,3,No,3,2021-08-02
E07036,Tejas Tiwari,32,Male,51000,D03,2,Yes,8,2016-02-14
E07037,Tanvi Pandey,41,Female,84500,D02,3,No,14,2010-03-09
E07038,Pratik Shenoy,50,Male,81000,D06,3,No,4,2020-11-02
E07039,Sanjay Chauhan,33,Male,61500,D03,3,No,9,2015-12-22
E07040,Priya Ghosh,48,Female,110500,D01,3,No,2,2022-07-12
E07041,Aakash Mishra,23,Male,45000,D02,1,No,1,2023-06-18
E07042,Nitin Bhat,23,Male,,D03,3,No,2,2022-08-16
E07043,Sneha Gupta,56,Female,98000,D07,5,No,6,2018-09-02
E07044,Shailesh Dubey,36,Male,,D04,2,No,4,2020-04-14
E07045,Trupti Kulkarni,50,Female,,D02,5,No,2,2022-10-04
E07046,Anil Pandey,27,Male,41500,D04,3,Yes,0,2024-01-09
E07047,Poornima Gupta,23,Female,,D05,3,No,1,2023-09-15
E07048,Rahul Singh,44,Male,84000,D03,5,No,11,2013-01-21
E07049,Karan Tiwari,33,Male,89500,D05,2,No,12,2012-05-05
E07050,Devendra Pillai,38,Male,95000,D05,3,No,6,2018-03-21
E07051,Rahul Nair,43,Male,,D05,2,No,6,2018-04-23
E07052,Nikhil Pawar,49,Male,78500,D06,5,No,0,2024-05-27
E07053,Pallavi Pawar,36,Female,90000,D01,1,No,3,2021-02-27
E07054,Shailesh Shenoy,53,Male,75000,D04,4,Yes,12,2012-08-17
E07055,Bharati Pillai,37,Female,,D03,3,Yes,14,2010-09-10
E07056,Sudhir Gupta,34,Male,72500,D02,2,No,6,2018-02-07
E07057,Nitin Verma,42,Male,98000,D01,3,No,7,2017-12-12
E07058,Neha Chauhan,57,Female,105000,D07,5,No,9,2015-06-22
E07059,Siddharth Patil,22,Male,45000,D02,3,Yes,0,2024-07-26
E07060,Nikhil Bhat,30,Male,38000,D04,1,No,8,2016-08-01
E07061,Kartik Pawar,43,Male,110500,D01,3,No,2,2022-01-25
E07062,Priya Yadav,58,Female,73000,D04,5,No,13,2011-08-28
E07063,Anita Mishra,55,Female,79000,D06,5,Yes,14,2010-02-07
E07064,Chetan Agarwal,41,Male,85500,D02,4,No,5,2019-02-07
E07065,Ramesh Patil,36,Male,59000,D07,2,No,1,2023-11-02
E07066,Priya Pillai,23,Female,42000,D07,1,No,2,2022-04-22
E07067,Arjun Menon,23,Male,43000,D07,1,No,1,2023-03-02
E07068,Nandita Reddy,27,Female,71500,D05,1,No,0,2024-07-23
E07069,Neha Kulkarni,52,Female,87000,D03,4,No,7,2017-08-28
E07070,Ritu Pawar,48,Female,88000,D02,5,No,1,2023-12-19
E07071,Sunil Joshi,51,Male,76000,D06,5,No,14,2010-07-16
E07072,Kartik Shah,39,Male,84500,D02,4,No,0,2024-04-16
E07073,Dinesh Patil,26,Male,46000,D07,2,No,0,2024-02-08
E07074,Divya Shukla,45,Female,93500,D02,3,No,6,2018-12-15
E07075,Sanket Agarwal,22,Male,43000,D07,2,Yes,1,2023-07-22
E07076,Swati Kumar,31,Female,50500,D07,1,Yes,0,2024-05-21
E07077,Vandana Patel,45,Female,79500,D03,5,No,12,2012-05-18
E07078,Manish Kulkarni,51,Male,119500,D01,5,No,11,2013-12-02
E07079,Divya Rao,45,Female,114000,D05,4,No,0,2024-03-24
E07080,Anil Shenoy,26,Male,50500,D02,3,No,5,2019-07-07
E07081,Mohit Agarwal,49,Male,84500,D07,4,No,13,2011-06-12
E07082,Ritu Rao,43,Female,66000,D06,4,No,2,2022-08-05
E07083,Nandita Iyer,51,Female,130000,D01,4,No,11,2013-10-20
E07084,Saurabh Rao,42,Male,82500,D02,4,No,1,2023-07-23
E07085,Anil Pawar,41,Male,102000,D01,4,No,2,2022-11-06
E07086,Arjun Malhotra,26,Male,57000,D01,1,No,3,2021-05-17
E07087,Siddharth Das,47,Male,124500,D05,4,No,16,2008-01-02
E07088,Bharat Kulkarni,41,Male,,D05,5,No,9,2015-07-22
E07089,Gaurav Jain,33,Male,68000,D02,3,Yes,6,2018-01-14
E07090,Shailesh Mehta,52,Male,76000,D06,3,No,10,2014-03-23
E07091,Tejas Kaur,48,Male,61000,D04,4,No,13,2011-12-15
E07092,Shweta Malhotra,57,Female,,D04,5,No,16,2008-06-11
E07093,Ramesh Kulkarni,52,Male,75500,D06,5,No,9,2015-12-17
E07094,Preeti Reddy,52,Female,82000,D06,4,No,14,2010-05-15
E07095,Pranav Ghosh,55,Male,129000,D01,5,No,13,2011-02-11
E07096,Deepa Chauhan,47,Female,,D02,3,No,5,2019-11-18
E07097,Bharati Kaur,42,Female,69000,D06,4,Yes,13,2011-03-24
E07098,Mohit Pandey,28,Male,,D06,1,No,3,2021-11-27
E07099,Aakash Mishra,55,Male,107000,D02,5,No,8,2016-06-24
E07100,Megha Roy,31,Female,48000,D03,2,No,0,2024-09-24
E07101,Vikram Mishra,26,Male,59500,D01,1,No,2,2022-12-25
E07102,Nilesh Roy,34,Male,61500,D03,2,No,4,2020-03-17
E07103,Saurabh Singh,48,Male,115500,D01,4,No,15,2009-11-24
E07104,Sheetal Nair,36,Female,52500,D04,3,Yes,3,2021-08-27
E07105,Lakshmi Iyer,36,Female,56500,D03,2,No,14,2010-11-15
E07106,Rakesh Shah,51,Male,,D01,3,No,11,2013-03-10
E07107,Suresh Menon,52,Male,88500,D07,2,No,15,2009-03-27
E07108,Pranav Malhotra,24,Male,47500,D06,2,Yes,2,2022-04-03
E07109,Kavya Chauhan,55,Female,,D07,5,No,5,2019-06-21
E07110,Neha Bhatt,57,Female,150000,D05,4,No,12,2012-05-22
E07111,Sejal Tiwari,46,Female,118500,D05,5,No,0,2024-12-14
E07112,Sejal Pawar,41,Female,,D05,5,No,2,2022-09-16
E07113,Nilesh Nambiar,36,Male,,D03,3,No,9,2015-04-04
E07114,Rakesh Pawar,25,Male,42000,D04,2,No,2,2022-06-10
E07115,Vinay Yadav,23,Male,,D03,3,Yes,2,2022-08-20
E07116,Vivek Chauhan,29,Male,36000,D04,1,No,8,2016-06-23
E07117,Ramesh Bhatt,38,Male,72500,D03,4,No,0,2024-10-07
E07118,Roshni Patel,40,Female,96000,D01,2,No,4,2020-07-01
E07119,Siddharth Pawar,39,Male,100500,D01,3,No,16,2008-11-11
E07120,Ajay Kulkarni,56,Male,95500,D07,4,No,10,2014-09-21
E07121,Swati Bhat,36,Female,46000,D04,1,No,7,2017-09-25
E07122,Poornima Shukla,54,Female,,D05,5,No,9,2015-04-18
E07123,Suresh Sharma,42,Male,,D05,4,No,11,2013-01-15
E07124,Deepika Bhatt,54,Female,64500,D04,4,No,13,2011-10-02
E07125,Chetan Nair,28,Male,71000,D01,3,No,2,2022-01-02
E07126,Manish Ghosh,57,Male,100000,D03,5,No,0,2024-10-17
E07127,Hemant Ghosh,38,Male,54500,D04,4,Yes,0,2024-11-14
E07128,Vivek Kulkarni,31,Male,62000,D07,2,No,2,2022-11-28
E07129,Ashwin Reddy,51,Male,85500,D03,5,No,15,2009-03-15
E07130,Sneha Kumar,56,Female,105000,D07,4,No,14,2010-03-02
E07131,Vrinda Bhat,53,Female,87500,D06,5,Yes,14,2010-09-26
E07132,Deepika Reddy,53,Female,97500,D02,4,Yes,1,2023-07-23
E07133,Namita Malhotra,41,Female,115000,D05,5,No,7,2017-07-15
E07134,Vinay Pawar,44,Male,99000,D01,4,No,6,2018-09-03
E07135,Megha Shenoy,56,Female,,D01,4,No,11,2013-04-03
E07136,Aparna Roy,35,Female,64500,D03,2,No,3,2021-05-23
E07137,Varun Pandey,47,Male,110500,D01,5,No,2,2022-12-15
E07138,Gayatri Verma,28,Female,53000,D07,2,No,3,2021-03-25
E07139,Ajit Ghosh,44,Male,72500,D06,4,No,7,2017-11-27
E07140,Deepak Bhatt,25,Male,49500,D03,4,Yes,1,2023-06-19
E07141,Rohit Shukla,37,Male,102500,D05,4,No,10,2014-12-26
E07142,Neha Iyer,39,Female,69000,D07,2,Yes,11,2013-08-23
E07143,Reena Mishra,26,Female,60000,D02,3,No,1,2023-09-13
E07144,Amit Das,32,Male,86500,D01,2,No,0,2024-07-05
E07145,Rakesh Gupta,24,Male,40500,D06,1,Yes,1,2023-06-20
E07146,Leena Verma,41,Female,76500,D03,3,No,2,2022-05-17
E07147,Gaurav Pandey,42,Male,110500,D05,3,No,11,2013-06-15
E07148,Divya Bhat,22,Female,60000,D05,4,No,1,2023-01-05
E07149,Reena Shukla,29,Female,56000,D03,3,No,3,2021-06-07
E07150,Manasi Dubey,29,Female,37500,D04,2,No,0,2024-08-02
E07151,Tushar Pillai,46,Male,98500,D02,5,No,1,2023-02-12
E07152,Abhijit Agarwal,56,Male,105000,D07,4,No,2,2022-02-18
E07153,Siddharth Nair,58,Male,140000,D01,5,No,9,2015-05-02
E07154,Tanvi Kulkarni,51,Female,,D05,5,No,10,2014-08-07
E07155,Arjun Rao,50,Male,96500,D07,4,No,7,2017-11-12
E07156,Sanjay Desai,22,Male,50000,D07,4,No,0,2024-07-09
E07157,Trupti Singh,48,Female,118500,D01,3,No,7,2017-04-16
E07158,Meera Verma,30,Female,56000,D06,2,Yes,1,2023-12-10
E07159,Gaurav Menon,23,Male,,D07,1,Yes,1,2023-02-12
E07160,Saurabh Chauhan,54,Male,83500,D06,5,No,10,2014-01-28
E07161,Piyush Iyer,30,Male,,D03,3,No,0,2024-02-15
E07162,Rupali Kaur,24,Female,72000,D05,2,No,1,2023-04-28
E07163,Ajit Saxena,39,Male,,D04,3,No,14,2010-12-25
E07164,Vrinda Shukla,46,Female,74000,D03,4,No,15,2009-04-19
E07165,Rohit Shah,32,Male,58500,D06,3,Yes,5,2019-10-17
E07166,Priya Mehta,49,Female,100500,D02,4,Yes,9,2015-11-09
E07167,Pooja Reddy,53,Female,124000,D01,5,No,8,2016-01-27
E07168,Shweta Mehta,42,Female,59500,D06,3,No,4,2020-11-15
E07169,Vinay Shah,46,Male,76500,D03,5,Yes,10,2014-10-09
E07170,Ritu Pawar,43,Female,120000,D05,3,Yes,12,2012-01-15
E07171,Sanjay Rao,23,Male,45000,D02,3,Yes,1,2023-09-06
E07172,Ruchika Menon,57,Female,133000,D01,5,No,8,2016-10-15
E07173,Swati Rao,31,Female,43000,D04,2,Yes,1,2023-01-07
E07174,Rahul Tiwari,24,Male,38000,D06,2,No,2,2022-06-03
E07175,Lakshmi Dubey,41,Female,,D02,4,No,13,2011-05-21
E07176,Tejas Agarwal,43,Male,53000,D04,2,No,2,2022-06-12
E07177,Piyush Yadav,28,Male,81500,D05,3,No,5,2019-08-12
E07178,Rajesh Tiwari,38,Male,71500,D07,3,No,1,2023-07-11
E07179,Amol Nair,41,Male,102500,D01,4,No,16,2008-09-13
E07180,Manoj Malhotra,25,Male,42000,D07,3,No,3,2021-05-20
E07181,Nitin Patel,57,Male,132000,D01,4,No,1,2023-04-04
E07182,Lakshmi Mehta,48,Female,93500,D02,4,No,5,2019-11-09
E07183,Saurabh Bhatt,42,Male,73000,D03,3,No,16,2008-09-19
E07184,Pratik Roy,51,Male,74500,D04,4,No,11,2013-11-22
E07185,Girish Agarwal,31,Male,56500,D02,1,No,2,2022-01-25
E07186,Nitin Sharma,22,Male,55000,D01,1,Yes,1,2023-03-08
E07187,Ritu Gupta,38,Female,63500,D07,3,No,15,2009-10-07
E07188,Rahul Chauhan,26,Male,44000,D06,1,Yes,2,2022-07-14
E07189,Devendra Jain,25,Male,38000,D06,2,Yes,1,2023-04-04
E07190,Siddharth Chauhan,31,Male,55500,D06,2,Yes,0,2024-11-15
E07191,Vrinda Nambiar,33,Female,,D02,1,Yes,6,2018-06-18
E07192,Nilesh Ghosh,26,Male,63000,D05,3,No,1,2023-01-26
E07193,Divya Bhat,35,Female,64000,D06,4,No,4,2020-01-24
E07194,Varun Bhat,55,Male,115000,D02,5,Yes,5,2019-03-20
E07195,Pranav Das,22,Male,,D05,2,No,0,2024-10-03
E07196,Girish Bhosale,29,Male,44500,D04,2,No,5,2019-07-16
E07197,Roshni Mehta,31,Female,80000,D01,3,No,7,2017-08-23
E07198,Nisha Mishra,46,Female,79500,D03,4,No,9,2015-04-28
E07199,Bharat Roy,26,Male,47000,D02,4,No,4,2020-02-17
E07200,Namita Das,39,Female,,D06,2,No,10,2014-08-07
E07201,Nisha Saxena,58,Female,135000,D01,4,No,3,2021-01-09
E07202,Deepa Desai,44,Female,55500,D04,3,No,10,2014-05-26
E07203,Manoj Iyer,49,Male,78500,D03,4,No,4,2020-10-09
E07204,Sanjay Malhotra,24,Male,48500,D06,1,Yes,0,2024-10-12
E07205,Rakesh Iyer,31,Male,61500,D02,2,No,6,2018-02-12
E07206,Aakash Roy,52,Male,78000,D06,4,No,5,2019-03-08
E07207,Ajit Reddy,32,Male,,D05,1,No,5,2019-08-01
E07208,Kavya Roy,27,Female,54000,D03,2,No,4,2020-06-10
E07209,Poonam Jain,55,Female,105000,D07,4,No,3,2021-09-15
E07210,Ritu Kaur,52,Female,65000,D04,4,No,5,2019-09-09
E07211,Kartik Nair,47,Male,114000,D01,4,No,11,2013-11-18
E07212,Aparna Agarwal,32,Female,54500,D06,2,No,0,2024-11-02
E07213,Nikhil Das,27,Male,73500,D01,1,Yes,0,2024-02-16
E07214,Rupali Chauhan,36,Female,47500,D04,1,No,1,2023-06-05
E07215,Vikram Pawar,37,Male,103500,D05,3,No,15,2009-01-21
E07216,Ritu Kaur,42,Female,117500,D05,5,No,2,2022-01-27
E07217,Roshni Pawar,38,Female,96000,D01,3,No,12,2012-07-27
E07218,Bharati Saxena,39,Female,57000,D06,4,No,9,2015-06-02
E07219,Sheetal Mishra,36,Female,94000,D05,1,No,9,2015-06-04
E07220,Manasi Malhotra,37,Female,88000,D01,3,Yes,11,2013-03-11
E07221,Gaurav Patel,27,Male,53000,D02,2,No,4,2020-02-18
E07222,Megha Saxena,42,Female,113000,D05,4,No,10,2014-07-24
E07223,Bharat Thakur,46,Male,125500,D05,3,No,5,2019-07-23
E07224,Ashwin Shukla,33,Male,94000,D05,1,Yes,8,2016-11-16
E07225,Tejas Bhat,33,Male,54500,D04,5,No,2,2022-06-18
E07226,Rohit Desai,22,Male,,D06,2,Yes,1,2023-12-17
E07227,Leena Mehta,32,Female,83000,D01,2,No,11,2013-07-05
E07228,Vikram Verma,48,Male,110000,D01,4,No,7,2017-07-18
E07229,Riddhi Agarwal,56,Female,130000,D01,5,No,6,2018-04-21
E07230,Chetana Thakur,49,Female,102500,D02,5,No,6,2018-11-21
E07231,Piyush Shukla,55,Male,94000,D07,4,No,10,2014-06-11
E07232,Hemant Saxena,52,Male,78500,D06,4,No,3,2021-11-01
E07233,Shruti Thakur,55,Female,,D05,5,No,6,2018-04-08
E07234,Jyoti Thakur,34,Female,95500,D05,3,No,13,2011-05-19
E07235,Komal Malhotra,51,Female,101000,D02,3,No,14,2010-03-17
E07236,Komal Kumar,41,Female,92500,D01,1,No,9,2015-07-09
E07237,Neha Bhatt,29,Female,85500,D05,3,No,8,2016-06-15
E07238,Manish Ghosh,40,Male,82500,D02,3,No,1,2023-12-03
E07239,Sunita Shenoy,42,Female,77500,D02,3,No,2,2022-11-05
E07240,Roshni Patil,34,Female,69500,D02,4,No,1,2023-12-16
E07241,Manasi Kaur,24,Female,59500,D01,3,Yes,3,2021-01-13
E07242,Sanjay Bhosale,25,Male,38000,D06,2,No,4,2020-11-08
E07243,Komal Pandey,26,Female,49000,D03,2,No,1,2023-07-09
E07244,Siddharth Saxena,43,Male,79000,D02,4,Yes,1,2023-10-06
E07245,Priya Agarwal,53,Female,74500,D04,4,No,1,2023-09-22
E07246,Anita Nambiar,25,Female,66500,D01,3,Yes,3,2021-10-15
E07247,Roshni Kulkarni,44,Female,79000,D07,4,No,8,2016-05-27
E07248,Sudha Rao,37,Female,,D03,2,No,16,2008-07-19
E07249,Gaurav Sharma,50,Male,62500,D04,3,No,12,2012-06-07
E07250,Aparna Shukla,43,Female,111500,D05,4,No,4,2020-11-22
E07251,Dinesh Mehta,31,Male,86000,D05,4,No,3,2021-05-27
E07252,Abhijit Pandey,33,Male,53500,D04,4,No,9,2015-07-17
E07253,Lokesh Dubey,28,Male,59000,D02,3,No,4,2020-07-18
E07254,Shruti Patel,46,Female,94000,D02,3,Yes,16,2008-05-17
E07255,Varun Mehta,33,Male,58500,D07,1,No,7,2017-05-17
E07256,Roshni Singh,46,Female,79500,D07,4,No,16,2008-02-21
E07257,Vikram Bhat,22,Male,,D05,3,No,0,2024-10-26
E07258,Jyoti Yadav,38,Female,104500,D05,5,No,6,2018-06-25
E07259,Lakshmi Reddy,54,Female,99500,D02,4,No,14,2010-06-03
E07260,Padmaja Kaur,48,Female,83500,D06,4,Yes,3,2021-01-08
E07261,Girish Rao,32,Male,78500,D05,3,No,5,2019-10-23
E07262,Megha Kumar,31,Female,57500,D03,1,Yes,6,2018-08-09
E07263,Dinesh Patil,50,Male,123500,D05,4,No,9,2015-02-04
E07264,Nitin Singh,48,Male,81500,D06,4,No,7,2017-05-02
E07265,Vikram Gupta,44,Male,54500,D04,3,No,7,2017-10-12
E07266,Vivek Rao,29,Male,42500,D04,2,No,1,2023-07-05
E07267,Hemant Bhosale,43,Male,76000,D03,4,No,2,2022-05-10
E07268,Swati Shah,42,Female,50000,D04,3,Yes,4,2020-04-22
E07269,Pallavi Bhat,55,Female,,D04,5,No,4,2020-08-03
E07270,Deepa Reddy,44,Female,75000,D06,5,No,14,2010-10-15
E07271,Chetan Pawar,54,Male,90000,D06,5,No,9,2015-02-15
E07272,Pratik Reddy,49,Male,123000,D05,5,No,9,2015-12-24
E07273,Lakshmi Verma,30,Female,69500,D01,1,No,5,2019-03-04
E07274,Rajesh Nambiar,55,Male,79000,D06,5,No,7,2017-09-28
E07275,Ajay Kumar,35,Male,91500,D05,4,No,3,2021-11-22
E07276,Aparna Joshi,39,Female,,D05,1,No,15,2009-12-26
E07277,Lakshmi Shenoy,43,Female,82000,D07,4,No,3,2021-01-08
E07278,Nitin Jain,24,Male,38000,D06,3,No,0,2024-04-20
E07279,Manish Mehta,55,Male,135000,D05,4,No,13,2011-10-02
E07280,Suresh Saxena,54,Male,100500,D02,4,No,3,2021-03-01
E07281,Meera Kulkarni,42,Female,69500,D07,3,No,2,2022-11-14
E07282,Varun Verma,45,Male,64500,D04,4,Yes,10,2014-07-17
E07283,Rohit Pandey,36,Male,61500,D07,2,No,7,2017-02-09
E07284,Ramesh Menon,35,Male,65000,D03,2,No,9,2015-07-08
E07285,Ramesh Bhatt,32,Male,,D06,3,No,7,2017-02-20
E07286,Divya Malhotra,50,Female,95000,D07,4,Yes,6,2018-01-18
E07287,Vivek Bhat,40,Male,109500,D05,3,No,1,2023-01-23
E07288,Priya Bhatt,39,Female,76000,D07,4,No,12,2012-11-15
E07289,Komal Pawar,42,Female,72500,D07,5,No,5,2019-10-04
E07290,Roshni Agarwal,38,Female,89000,D01,1,No,6,2018-01-01
E07291,Chetan Iyer,38,Male,88500,D01,1,No,1,2023-10-06
E07292,Preeti Ghosh,39,Female,66500,D03,1,No,12,2012-07-07
E07293,Lokesh Bhatt,58,Male,100000,D03,5,No,1,2023-12-10
E07294,Pallavi Saxena,48,Female,85500,D07,3,No,2,2022-06-15
E07295,Karan Sharma,30,Male,80000,D05,4,No,3,2021-05-19
E07296,Ruchika Tiwari,24,Female,,D04,2,No,1,2023-10-22
E07297,Reena Jain,39,Female,88000,D01,3,No,0,2024-02-01
E07298,Poornima Dubey,25,Female,58000,D02,2,Yes,3,2021-05-20
E07299,Manish Bhat,48,Male,90500,D07,4,No,16,2008-10-26
E07300,Reena Rao,40,Female,111000,D05,5,No,10,2014-10-14
E07301,Nikhil Pillai,27,Male,42500,D03,1,No,6,2018-11-13
E07302,Jyoti Kumar,42,Female,54500,D04,2,No,16,2008-02-01
E07303,Smita Kumar,33,Female,56500,D03,3,No,7,2017-04-16
E07304,Nilesh Singh,31,Male,50000,D07,3,No,10,2014-04-06
E07305,Saurabh Kulkarni,58,Male,103500,D07,5,No,2,2022-08-17
E07306,Ashwin Singh,28,Male,50500,D07,1,No,5,2019-08-08
E07307,Piyush Gupta,27,Male,47500,D04,2,No,2,2022-05-05
E07308,Pranav Singh,58,Male,105000,D07,4,No,2,2022-03-09
E07309,Shailesh Nambiar,27,Male,45500,D06,3,No,2,2022-06-13
E07310,Poornima Pillai,23,Female,50500,D02,3,No,2,2022-04-22
E07311,Aparna Malhotra,27,Female,,D03,3,No,3,2021-04-07
E07312,Manish Patil,50,Male,115000,D01,3,No,16,2008-04-27
E07313,Manish Bhatt,40,Male,,D06,3,No,15,2009-05-08
E07314,Bharati Malhotra,49,Female,92500,D07,5,No,11,2013-02-12
E07315,Ruchika Dubey,57,Female,106500,D02,3,No,9,2015-02-12
E07316,Pooja Shenoy,23,Female,60000,D05,3,No,1,2023-01-21
E07317,Shweta Thakur,42,Female,75000,D03,4,Yes,11,2013-04-20
E07318,Manasi Verma,22,Female,38000,D06,3,No,1,2023-03-01
E07319,Neha Shukla,48,Female,,D04,5,No,1,2023-08-26
E07320,Suresh Patel,36,Male,63500,D06,3,No,0,2024-04-05
E07321,Vandana Saxena,36,Female,75500,D02,2,No,15,2009-12-09
E07322,Shruti Gupta,30,Female,43500,D04,1,No,4,2020-02-28
E07323,Rajesh Tiwari,46,Male,86500,D02,4,No,7,2017-10-21
E07324,Megha Yadav,49,Female,81000,D06,4,Yes,1,2023-10-19
E07325,Kartik Patel,22,Male,47500,D03,1,No,0,2024-06-21
E07326,Manoj Kumar,48,Male,93000,D07,5,No,11,2013-04-23
E07327,Sonal Kumar,45,Female,78500,D06,4,No,6,2018-11-28
E07328,Devendra Thakur,37,Male,59500,D03,2,No,8,2016-11-20
E07329,Nilesh Roy,22,Male,59000,D01,2,No,1,2023-05-27
E07330,Padmaja Bhosale,35,Female,68000,D07,3,No,2,2022-05-13
E07331,Manoj Kaur,49,Male,,D02,5,No,16,2008-10-21
E07332,Nilesh Nambiar,46,Male,124000,D05,3,No,6,2018-01-02
E07333,Amit Agarwal,39,Male,62500,D03,3,No,5,2019-09-03
E07334,Pooja Menon,46,Female,66500,D04,5,No,2,2022-08-21
E07335,Lakshmi Mehta,37,Female,54000,D04,4,Yes,0,2024-09-13
E07336,Shweta Kumar,48,Female,89000,D03,4,No,1,2023-02-23
E07337,Amit Reddy,41,Male,,D01,4,No,15,2009-07-01
E07338,Poornima Chauhan,35,Female,90500,D05,2,Yes,4,2020-01-09
E07339,Vikram Roy,49,Male,88000,D07,4,No,9,2015-08-24
E07340,Neha Sharma,26,Female,43500,D07,2,No,1,2023-07-20
E07341,Preeti Mehta,54,Female,75000,D04,4,Yes,0,2024-11-21
E07342,Harish Kumar,48,Male,82000,D07,3,No,11,2013-10-28
E07343,Bharati Verma,53,Female,93000,D03,4,Yes,6,2018-09-08
E07344,Deepak Nair,42,Male,,D06,3,No,4,2020-09-16
E07345,Sanjay Reddy,30,Male,60500,D02,2,No,6,2018-01-28
E07346,Nitin Tiwari,54,Male,90500,D07,5,No,12,2012-05-07
E07347,Nikhil Shukla,54,Male,69000,D04,5,No,7,2017-02-17
E07348,Pratik Malhotra,47,Male,115000,D05,4,Yes,9,2015-07-07
E07349,Chetan Roy,43,Male,108500,D05,3,No,14,2010-08-12
E07350,Bharati Gupta,58,Female,102000,D07,5,No,7,2017-04-06
E07351,Shailesh Tiwari,23,Male,37500,D04,2,Yes,2,2022-05-28
E07352,Pranav Tiwari,39,Male,58000,D04,4,No,2,2022-11-06
E07353,Gayatri Desai,41,Female,105500,D05,4,No,13,2011-08-26
E07354,Piyush Das,44,Male,,D06,4,Yes,3,2021-03-16
E07355,Nitin Singh,47,Male,98500,D02,5,No,15,2009-01-26
E07356,Namita Nambiar,43,Female,102000,D01,4,No,8,2016-11-03
E07357,Meera Saxena,42,Female,104000,D01,4,No,9,2015-02-08
E07358,Riddhi Das,26,Female,50500,D03,1,Yes,0,2024-02-21
E07359,Siddharth Gupta,41,Male,62500,D06,3,No,5,2019-11-18
E07360,Devendra Kulkarni,28,Male,71500,D01,4,No,6,2018-12-08
E07361,Piyush Pillai,40,Male,60500,D06,2,No,11,2013-06-14
E07362,Jyoti Joshi,42,Female,116000,D05,4,No,8,2016-06-19
E07363,Rakesh Patel,46,Male,104000,D01,3,No,4,2020-07-17
E07364,Roshni Mehta,33,Female,75000,D01,2,No,9,2015-08-13
E07365,Trupti Malhotra,41,Female,61000,D06,2,No,3,2021-11-22
E07366,Pooja Patel,47,Female,99000,D02,4,No,11,2013-04-11
E07367,Divya Yadav,27,Female,72500,D05,3,No,5,2019-10-07
E07368,Ruchika Dubey,37,Female,59000,D06,4,No,4,2020-08-12
E07369,Madhuri Ghosh,31,Female,50000,D07,3,No,7,2017-02-07
E07370,Trupti Shenoy,43,Female,77500,D03,3,No,1,2023-08-19
E07371,Pooja Shah,33,Female,73000,D02,2,Yes,6,2018-05-27
E07372,Deepa Ghosh,58,Female,74500,D04,3,No,4,2020-12-28
E07373,Pallavi Sharma,43,Female,78500,D03,3,Yes,0,2024-04-16
E07374,Priya Tiwari,45,Female,65000,D04,4,No,1,2023-05-28
E07375,Vivek Chauhan,33,Male,87000,D05,2,No,11,2013-04-12
E07376,Sunita Nair,48,Female,79000,D03,3,Yes,1,2023-10-11
E07377,Sonal Shah,49,Female,126500,D05,3,No,15,2009-05-23
E07378,Nisha Bhatt,22,Female,56000,D01,4,No,0,2024-05-10
E07379,Sonal Shah,22,Female,55000,D01,4,No,1,2023-01-26
E07380,Nilesh Desai,45,Male,82000,D02,4,No,1,2023-11-26
E07381,Swati Chauhan,39,Female,74500,D07,5,No,4,2020-12-03
E07382,Amol Agarwal,37,Male,75500,D07,4,No,16,2008-01-04
E07383,Vandana Mishra,34,Female,56500,D04,4,Yes,4,2020-02-06
E07384,Bharati Malhotra,39,Female,71500,D03,4,No,16,2008-07-03
E07385,Ritu Verma,46,Female,98000,D02,4,Yes,9,2015-09-18
E07386,Pranav Shenoy,31,Male,,D03,3,Yes,3,2021-07-12
E07387,Sanket Agarwal,55,Male,,D01,4,No,0,2024-03-12
E07388,Amol Pandey,41,Male,55500,D04,2,No,4,2020-04-20
E07389,Nisha Roy,45,Female,64000,D06,4,No,14,2010-02-27
E07390,Meera Desai,49,Female,95500,D02,4,No,9,2015-08-13
E07391,Pallavi Bhosale,48,Female,87500,D02,3,No,13,2011-10-27
E07392,Vrinda Reddy,51,Female,130500,D01,5,No,5,2019-02-23
E07393,Preeti Joshi,48,Female,87000,D03,5,No,2,2022-08-06
E07394,Namita Shenoy,54,Female,,D03,5,No,3,2021-09-06
E07395,Rahul Shah,25,Male,49000,D02,1,No,1,2023-10-22
E07396,Saurabh Rao,58,Male,100000,D03,5,No,7,2017-05-01
E07397,Saurabh Chauhan,26,Male,77500,D05,3,No,3,2021-03-26
E07398,Deepa Thakur,56,Female,105000,D07,5,No,16,2008-12-06
E07399,Trupti Kaur,40,Female,69500,D06,4,No,6,2018-10-21
E07400,Sunil Pawar,53,Male,,D05,4,No,16,2008-04-01
E07401,Megha Das,32,Female,,D07,2,No,3,2021-03-03
E07402,Chetan Ghosh,54,Male,92500,D07,5,No,4,2020-07-15
E07403,Amol Agarwal,34,Male,42000,D04,2,Yes,4,2020-08-27
E07404,Ajay Mishra,43,Male,93500,D02,4,No,2,2022-09-28
E07405,Vandana Ghosh,24,Female,,D03,1,Yes,1,2023-06-13
E07406,Jyoti Kulkarni,25,Female,68000,D01,1,No,3,2021-08-03
E07407,Smita Desai,24,Female,35000,D04,1,Yes,0,2024-01-05
E07408,Dinesh Gupta,52,Male,62000,D04,4,Yes,8,2016-03-03
E07409,Komal Patel,34,Female,42000,D04,2,No,8,2016-04-23
E07410,Aparna Kaur,58,Female,115000,D02,3,No,4,2020-10-04
E07411,Padmaja Roy,45,Female,71500,D06,5,No,10,2014-10-26
E07412,Sudhir Kaur,31,Male,81000,D01,4,No,7,2017-07-27
E07413,Sanket Patil,38,Male,,D04,4,No,16,2008-07-05
E07414,Kavya Pandey,25,Female,,D01,1,No,3,2021-01-11
E07415,Devendra Pawar,56,Male,100000,D07,5,No,2,2022-02-23
E07416,Padmaja Verma,36,Female,71000,D03,4,No,14,2010-01-02
E07417,Chetana Nambiar,40,Female,49500,D04,1,Yes,4,2020-11-12
E07418,Aakash Yadav,57,Male,104500,D07,5,No,7,2017-12-18
E07419,Rahul Kumar,47,Male,127500,D05,3,Yes,8,2016-10-15
E07420,Poornima Tiwari,29,Female,71000,D01,3,Yes,1,2023-05-10
E07421,Sanket Bhosale,42,Male,,D07,5,Yes,12,2012-08-07
E07422,Manish Bhosale,46,Male,53500,D04,3,Yes,5,2019-08-20
E07423,Anita Gupta,54,Female,82000,D06,3,No,12,2012-10-28
E07424,Jyoti Mehta,25,Female,58000,D01,2,No,1,2023-05-21
E07425,Pallavi Joshi,31,Female,75500,D01,1,No,5,2019-10-17
E07426,Riddhi Yadav,27,Female,53000,D02,3,No,6,2018-11-15
E07427,Saurabh Dubey,31,Male,75500,D05,4,No,6,2018-04-20
E07428,Girish Iyer,53,Male,124000,D01,4,No,2,2022-02-22
E07429,Sanket Agarwal,35,Male,,D03,3,No,2,2022-02-28
E07430,Sanket Kulkarni,32,Male,78500,D05,3,No,4,2020-06-10
E07431,Sheetal Patil,35,Female,64000,D02,3,No,2,2022-06-19
E07432,Harish Jain,40,Male,59500,D06,4,No,5,2019-03-02
E07433,Arjun Pandey,23,Male,44500,D07,3,No,2,2022-09-23
E07434,Amit Roy,27,Male,43000,D04,4,No,3,2021-03-08
E07435,Ashwin Shah,24,Male,35000,D04,3,Yes,2,2022-02-11
E07436,Roshni Chauhan,40,Female,,D01,5,No,9,2015-11-01
E07437,Smita Tiwari,48,Female,100500,D02,3,No,15,2009-09-25
E07438,Pooja Rao,22,Female,,D01,2,No,0,2024-05-02
E07439,Lokesh Nair,36,Male,74000,D07,4,No,12,2012-02-18
E07440,Manasi Agarwal,30,Female,60000,D02,2,No,8,2016-12-17
E07441,Devendra Saxena,51,Male,86000,D03,5,No,5,2019-04-25
E07442,Bharati Verma,28,Female,52500,D02,3,No,2,2022-10-01
E07443,Mohit Shukla,37,Male,58500,D03,4,No,11,2013-11-17
E07444,Aakash Thakur,26,Male,57000,D01,1,No,4,2020-09-27
E07445,Lokesh Nambiar,45,Male,122500,D05,4,No,7,2017-06-13
E07446,Chetan Shah,41,Male,63000,D06,4,Yes,4,2020-11-26
E07447,Aakash Chauhan,41,Male,71500,D03,4,No,0,2024-08-09
E07448,Nandita Shukla,38,Female,,D06,4,No,14,2010-07-08
E07449,Sudha Agarwal,27,Female,,D06,2,No,2,2022-11-18
E07450,Pratik Mishra,25,Male,52500,D07,3,No,3,2021-04-25
E07451,Padmaja Kulkarni,43,Female,78500,D02,4,No,8,2016-05-11
E07452,Poonam Kaur,54,Female,90000,D06,5,No,2,2022-09-21
E07453,Sejal Reddy,34,Female,52000,D03,1,Yes,8,2016-11-12
E07454,Deepika Shah,46,Female,90500,D02,5,Yes,16,2008-06-06
E07455,Priya Pandey,58,Female,150000,D05,3,No,6,2018-03-21
E07456,Shruti Reddy,55,Female,107500,D02,4,No,13,2011-10-02
E07457,Ajit Shukla,50,Male,77000,D06,4,No,2,2022-04-17
E07458,Nikhil Gupta,56,Male,75000,D04,5,No,9,2015-01-06
E07459,Ruchika Verma,24,Female,44000,D06,1,Yes,1,2023-02-20
E07460,Sunil Kulkarni,39,Male,66000,D07,4,No,5,2019-01-17
E07461,Abhijit Pawar,40,Male,74000,D07,4,No,12,2012-01-06
E07462,Aakash Ghosh,25,Male,44500,D06,2,Yes,3,2021-03-28
E07463,Riddhi Pawar,51,Female,,D05,5,No,15,2009-05-18
E07464,Divya Iyer,55,Female,65000,D04,3,No,16,2008-03-15
E07465,Ruchika Chauhan,49,Female,122000,D05,4,No,13,2011-08-05
E07466,Deepika Bhat,54,Female,127000,D01,4,No,5,2019-09-18
E07467,Padmaja Nair,40,Female,104500,D01,4,No,11,2013-05-04
E07468,Piyush Yadav,46,Male,67500,D04,4,No,5,2019-09-19
E07469,Ruchika Pandey,26,Female,45500,D03,2,Yes,2,2022-10-19
E07470,Amol Dubey,44,Male,82500,D02,5,No,3,2021-09-19
E07471,Chetana Patil,24,Female,46000,D03,2,No,3,2021-06-09
E07472,Anil Pawar,28,Male,68500,D05,2,Yes,7,2017-05-06
E07473,Archana Bhosale,43,Female,67000,D06,3,No,12,2012-11-16
E07474,Sonal Joshi,41,Female,,D07,4,No,1,2023-10-15
E07475,Devendra Yadav,36,Male,70500,D03,4,No,15,2009-05-22
E07476,Dinesh Saxena,26,Male,,D05,1,No,2,2022-11-02
E07477,Girish Dubey,55,Male,91000,D03,4,No,12,2012-04-27
E07478,Tanvi Roy,54,Female,72500,D04,3,No,6,2018-05-27
E07479,Sanket Desai,26,Male,52500,D02,2,Yes,0,2024-08-17
E07480,Deepak Patel,39,Male,,D01,3,No,16,2008-03-13
E07481,Madhuri Menon,27,Female,42500,D04,3,No,3,2021-07-09
E07482,Vrinda Saxena,32,Female,76000,D01,2,No,0,2024-11-02
E07483,Manoj Nair,48,Male,119500,D01,5,No,12,2012-03-02
E07484,Rupali Shenoy,52,Female,130000,D01,5,No,1,2023-10-02
E07485,Komal Nambiar,36,Female,55000,D06,2,No,11,2013-07-10
E07486,Nilesh Chauhan,40,Male,68000,D07,1,Yes,11,2013-10-05
E07487,Ritu Verma,52,Female,93500,D07,4,No,8,2016-11-28
E07488,Kavya Das,34,Female,61000,D06,3,No,7,2017-01-04
E07489,Pallavi Patel,48,Female,58500,D04,3,No,3,2021-05-23
E07490,Poornima Patel,49,Female,81500,D06,3,No,7,2017-07-24
E07491,Rakesh Bhat,56,Male,105000,D07,4,No,2,2022-05-22
E07492,Sameer Agarwal,43,Male,78000,D07,4,No,0,2024-01-10
E07493,Devendra Rao,51,Male,90000,D03,4,No,2,2022-02-21
E07494,Manish Kulkarni,55,Male,,D02,3,No,10,2014-06-15
E07495,Hemant Shukla,45,Male,83500,D07,4,No,9,2015-03-12
E07496,Neha Malhotra,22,Female,60000,D05,3,No,0,2024-01-27
E07497,Poonam Jain,39,Female,96000,D01,4,No,0,2024-12-19
E07498,Manish Pandey,41,Male,80500,D07,4,No,13,2011-04-01
E07499,Ritu Pandey,29,Female,84500,D05,2,No,8,2016-04-07
E07500,Reena Patel,24,Female,54000,D02,2,No,3,2021-04-20
E07501,Sheetal Desai,53,Female,127500,D01,4,No,10,2014-06-10
E07502,Ajay Jain,23,Male,60000,D05,2,No,1,2023-01-25
E07503,Pallavi Reddy,55,Female,108000,D02,5,No,15,2009-09-05
E07504,Gayatri Kulkarni,24,Female,,D04,2,No,0,2024-01-27
E07505,Reena Menon,36,Female,74500,D02,2,No,12,2012-12-22
E07506,Lokesh Patil,46,Male,92500,D02,4,No,10,2014-12-23
E07507,Suresh Desai,45,Male,58500,D04,3,No,16,2008-12-15
E07508,Ashwin Singh,51,Male,,D03,4,No,3,2021-02-11
E07509,Komal Patel,23,Female,38000,D06,3,No,0,2024-04-01
E07510,Tanvi Shah,51,Female,74500,D06,3,No,16,2008-07-08
E07511,Riddhi Das,37,Female,58500,D04,2,Yes,1,2023-12-22
E07512,Poonam Mishra,56,Female,115000,D02,5,No,16,2008-02-10
E07513,Tushar Verma,27,Male,74000,D05,2,No,0,2024-04-17
E07514,Chetana Joshi,56,Female,109500,D02,4,No,0,2024-07-20
E07515,Riddhi Desai,56,Female,74500,D04,3,Yes,9,2015-10-08
E07516,Arjun Nambiar,33,Male,62000,D03,4,No,8,2016-01-15
E07517,Deepika Thakur,46,Female,115500,D05,4,No,4,2020-09-16
E07518,Ramesh Agarwal,30,Male,49000,D07,2,No,5,2019-01-06
E07519,Ananya Shenoy,35,Female,63000,D06,3,No,11,2013-05-12
E07520,Ashwin Sharma,33,Male,52000,D06,2,No,12,2012-10-06
E07521,Anil Kumar,52,Male,83500,D03,4,No,11,2013-05-03
E07522,Rakesh Das,50,Male,,D01,3,No,4,2020-02-28
E07523,Tejas Nair,35,Male,95500,D05,3,No,8,2016-12-15
E07524,Ruchika Shah,32,Female,64000,D02,3,No,6,2018-11-22
E07525,Roshni Sharma,50,Female,77000,D06,4,No,9,2015-05-21
E07526,Girish Pawar,28,Male,64000,D02,3,No,5,2019-11-19
E07527,Gaurav Shenoy,54,Male,87000,D03,4,No,2,2022-09-24
E07528,Anita Joshi,34,Female,89500,D01,2,Yes,1,2023-11-06
E07529,Deepika Dubey,39,Female,52500,D04,3,No,15,2009-05-13
E07530,Trupti Kumar,58,Female,96000,D03,4,Yes,8,2016-03-11
E07531,Sanket Thakur,26,Male,62500,D01,2,No,2,2022-10-09
E07532,Rakesh Agarwal,49,Male,87500,D07,3,No,6,2018-05-27
E07533,Deepak Das,57,Male,140000,D01,4,No,7,2017-12-05
E07534,Riddhi Shenoy,23,Female,42000,D07,3,No,1,2023-10-14
E07535,Tejas Mishra,32,Male,,D01,2,No,8,2016-09-20
E07536,Roshni Pillai,24,Female,54500,D02,4,No,3,2021-07-28
E07537,Neha Thakur,57,Female,138500,D01,5,No,11,2013-08-20
E07538,Madhuri Bhat,57,Female,142000,D05,5,No,7,2017-09-23
E07539,Arjun Kaur,37,Male,63500,D03,1,No,13,2011-08-08
E07540,Rupali Sharma,55,Female,,D01,4,No,15,2009-03-28
E07541,Deepak Mehta,27,Male,47500,D03,4,Yes,6,2018-07-08
E07542,Arjun Das,39,Male,100500,D05,3,No,10,2014-08-23
E07543,Manoj Shah,31,Male,47500,D03,2,No,1,2023-05-16
E07544,Roshni Patel,43,Female,106000,D05,3,No,0,2024-02-10
E07545,Abhijit Pillai,22,Male,40000,D03,2,No,0,2024-02-07
E07546,Rohit Sharma,48,Male,82000,D06,4,No,3,2021-08-08
E07547,Kavya Chauhan,52,Female,63000,D04,5,Yes,3,2021-07-13
E07548,Lakshmi Tiwari,58,Female,95000,D03,4,No,8,2016-06-09
E07549,Sudhir Dubey,34,Male,43000,D04,4,No,5,2019-10-12
E07550,Girish Tiwari,23,Male,55000,D01,3,No,2,2022-02-25
E07551,Deepak Patil,47,Male,82500,D07,4,Yes,12,2012-06-23
E07552,Ashwin Joshi,53,Male,100500,D02,5,No,15,2009-06-10
E07553,Jyoti Singh,29,Female,46500,D03,2,No,6,2018-11-01
E07554,Varun Das,55,Male,,D02,5,No,15,2009-12-18
E07555,Shruti Tiwari,58,Female,83500,D06,4,No,9,2015-05-09
E07556,Manish Nair,38,Male,61500,D06,3,No,3,2021-05-27
E07557,Deepika Yadav,28,Female,55000,D03,2,No,6,2018-06-10
E07558,Megha Bhosale,33,Female,77000,D01,3,No,1,2023-07-17
E07559,Mohit Mehta,55,Male,97000,D07,5,Yes,0,2024-05-17
E07560,Vrinda Sharma,55,Female,86000,D06,3,No,12,2012-03-09
E07561,Sameer Singh,23,Male,41000,D06,2,Yes,0,2024-08-07
E07562,Sunil Pawar,23,Male,42000,D07,2,Yes,2,2022-07-22
E07563,Meera Thakur,50,Female,62000,D04,3,No,3,2021-08-11
E07564,Poonam Dubey,24,Female,47500,D02,2,No,0,2024-09-28
E07565,Pranav Kaur,54,Male,,D06,3,No,6,2018-07-19
E07566,Rahul Singh,34,Male,85500,D01,2,No,5,2019-07-10
E07567,Pallavi Kulkarni,31,Female,56500,D06,4,No,8,2016-08-11
E07568,Deepak Shah,56,Male,104000,D07,3,No,7,2017-11-20
E07569,Sunil Pawar,37,Male,70500,D07,5,No,4,2020-01-18
E07570,Aparna Iyer,31,Female,,D05,2,Yes,9,2015-05-16
E07571,Kartik Das,30,Male,80000,D01,1,Yes,4,2020-09-27
E07572,Lakshmi Shenoy,57,Female,90000,D06,5,Yes,11,2013-08-26
E07573,Poornima Shah,58,Female,,D04,5,No,5,2019-11-14
E07574,Manasi Shukla,55,Female,138000,D01,5,No,6,2018-03-21
E07575,Roshni Ghosh,33,Female,80000,D05,2,No,9,2015-02-07
E07576,Shailesh Kaur,26,Male,43000,D06,2,Yes,2,2022-11-26
E07577,Rakesh Roy,33,Male,70000,D02,2,No,0,2024-12-09
E07578,Suresh Kaur,30,Male,55000,D03,4,No,0,2024-08-09
E07579,Chetan Reddy,35,Male,,D03,2,No,7,2017-03-01
E07580,Suresh Jain,52,Male,107500,D02,4,No,8,2016-12-05
E07581,Rupali Sharma,23,Female,38000,D06,3,No,1,2023-02-15
E07582,Ritu Joshi,23,Female,37000,D04,2,Yes,1,2023-08-08
E07583,Meera Thakur,32,Female,62500,D02,4,No,9,2015-09-25
E07584,Nikhil Yadav,24,Male,58000,D01,2,No,3,2021-06-04
E07585,Ajay Agarwal,35,Male,56000,D06,2,No,6,2018-11-14
E07586,Bharati Bhatt,43,Female,81500,D07,4,No,0,2024-04-08
E07587,Ajit Shah,42,Male,,D06,1,No,14,2010-07-12
E07588,Abhijit Thakur,54,Male,92000,D03,5,No,6,2018-12-20
E07589,Gaurav Kaur,29,Male,74000,D05,4,No,5,2019-12-16
E07590,Ajay Dubey,53,Male,123000,D01,5,No,7,2017-07-08
E07591,Vandana Bhosale,25,Female,,D04,2,No,4,2020-09-27
E07592,Chetan Bhosale,26,Male,46000,D04,4,No,3,2021-11-19
E07593,Karan Pandey,43,Male,58500,D04,5,No,5,2019-05-05
E07594,Sejal Das,40,Female,82500,D02,4,No,14,2010-02-25
E07595,Shruti Saxena,57,Female,75000,D04,4,No,14,2010-12-25
E07596,Lokesh Patel,51,Male,95000,D03,5,No,0,2024-09-17
E07597,Karan Nair,45,Male,116500,D01,4,No,16,2008-09-06
E07598,Deepak Tiwari,37,Male,70500,D02,3,No,9,2015-02-28
E07599,Gaurav Gupta,26,Male,54000,D02,1,No,1,2023-02-14
E07600,Manoj Shukla,34,Male,40500,D04,3,No,11,2013-10-24
E07601,Neha Patil,31,Female,77500,D05,4,Yes,3,2021-11-02
E07602,Sanket Tiwari,32,Male,73000,D01,2,Yes,4,2020-01-02
E07603,Pallavi Kulkarni,47,Female,106500,D01,5,No,12,2012-05-26
E07604,Rajesh Bhosale,49,Male,120000,D05,5,No,5,2019-10-01
E07605,Mohit Tiwari,24,Male,49000,D06,3,Yes,1,2023-01-27
E07606,Sonal Shukla,30,Female,45000,D04,2,No,2,2022-11-20
E07607,Vinay Kulkarni,34,Male,,D06,3,No,7,2017-05-11
E07608,Lokesh Roy,39,Male,74000,D07,4,No,1,2023-09-12
E07609,Ruchika Shukla,36,Female,82500,D01,3,No,8,2016-09-08
E07610,Nandita Singh,46,Female,80000,D06,4,No,10,2014-05-11
E07611,Anita Mehta,35,Female,71000,D07,4,No,2,2022-04-14
E07612,Lakshmi Rao,24,Female,45500,D06,2,No,0,2024-10-22
E07613,Archana Saxena,43,Female,90500,D02,4,No,0,2024-05-12
E07614,Siddharth Menon,48,Male,,D06,4,No,6,2018-09-21
E07615,Riddhi Ghosh,29,Female,52500,D02,2,No,8,2016-08-23
E07616,Sheetal Gupta,23,Female,50500,D07,3,No,0,2024-03-01
E07617,Jyoti Shenoy,48,Female,123000,D05,4,No,3,2021-03-16
E07618,Sneha Menon,52,Female,105500,D02,5,No,0,2024-11-08
E07619,Rahul Gupta,35,Male,84500,D05,1,Yes,13,2011-02-04
E07620,Chetan Menon,29,Male,62000,D07,4,No,0,2024-04-28
E07621,Varun Mehta,40,Male,97000,D01,3,No,16,2008-10-27
E07622,Piyush Iyer,40,Male,68000,D07,2,Yes,11,2013-11-12
E07623,Reena Patel,42,Female,64000,D06,4,Yes,5,2019-03-23
E07624,Nikhil Kulkarni,36,Male,43500,D04,2,Yes,11,2013-09-16
E07625,Gaurav Desai,31,Male,62000,D03,2,Yes,6,2018-07-02
E07626,Swati Iyer,23,Female,46000,D07,3,No,0,2024-01-04
E07627,Rohit Bhatt,25,Male,66500,D05,2,Yes,0,2024-12-14
E07628,Pranav Jain,28,Male,70500,D05,3,Yes,5,2019-01-17
E07629,Tejas Rao,44,Male,56000,D04,5,No,2,2022-06-04
E07630,Deepak Patil,38,Male,79500,D02,3,No,16,2008-02-12
E07631,Vinay Yadav,22,Male,,D03,3,No,1,2023-10-21
E07632,Trupti Pandey,53,Female,106500,D02,4,No,15,2009-07-18
E07633,Anil Joshi,57,Male,111500,D02,5,No,3,2021-12-07
E07634,Trupti Mehta,58,Female,139500,D01,5,No,6,2018-12-25
E07635,Pallavi Jain,23,Female,45500,D03,3,No,1,2023-05-25
E07636,Saurabh Verma,22,Male,46500,D07,4,No,1,2023-12-28
E07637,Vikram Shenoy,41,Male,78000,D03,4,No,15,2009-07-02
E07638,Chetana Menon,55,Female,72000,D04,4,No,9,2015-04-08
E07639,Riddhi Nair,42,Female,82000,D07,4,No,16,2008-01-10
E07640,Siddharth Tiwari,57,Male,140000,D01,5,No,7,2017-12-04
E07641,Rohit Pillai,26,Male,50500,D02,3,No,1,2023-02-10
E07642,Meera Malhotra,39,Female,82500,D02,3,No,2,2022-10-27
E07643,Kartik Malhotra,37,Male,87500,D01,2,No,11,2013-08-06
E07644,Komal Bhat,22,Female,42000,D07,1,No,1,2023-07-23
E07645,Girish Saxena,43,Male,,D02,4,No,9,2015-11-27
E07646,Ananya Kulkarni,45,Female,72000,D03,4,No,2,2022-01-28
E07647,Rahul Bhat,29,Male,48500,D03,4,No,7,2017-02-02
E07648,Ajay Bhosale,28,Male,61000,D02,2,No,1,2023-02-25
E07649,Meera Gupta,25,Female,49500,D02,2,Yes,3,2021-07-01
E07650,Archana Kulkarni,57,Female,140000,D01,5,No,11,2013-10-09
E07651,Piyush Yadav,43,Male,77500,D03,4,No,3,2021-06-06
E07652,Trupti Singh,23,Female,55500,D01,1,No,2,2022-02-11
E07653,Sunita Jain,36,Female,59500,D07,1,Yes,12,2012-03-08
E07654,Dinesh Mishra,32,Male,67500,D07,1,Yes,0,2024-09-25
E07655,Deepika Roy,54,Female,90000,D06,4,No,7,2017-02-03
E07656,Vrinda Nambiar,56,Female,,D03,5,No,8,2016-05-03
E07657,Tushar Singh,46,Male,98000,D02,4,No,4,2020-11-04
E07658,Sonal Sharma,34,Female,60500,D02,3,Yes,0,2024-12-07
E07659,Varun Saxena,30,Male,55500,D03,2,No,4,2020-12-05
E07660,Manish Nair,29,Male,69000,D01,1,No,7,2017-01-03
E07661,Ajit Pillai,47,Male,117500,D01,4,No,4,2020-06-14
E07662,Amol Mehta,50,Male,116000,D01,3,No,7,2017-12-06
E07663,Ruchika Saxena,22,Female,60000,D05,3,No,1,2023-04-13
E07664,Sudha Shah,39,Female,95500,D05,3,No,6,2018-01-13
E07665,Arjun Verma,24,Male,49000,D02,2,No,3,2021-06-21
E07666,Pooja Rao,39,Female,79000,D02,5,No,4,2020-04-07
E07667,Ajit Desai,52,Male,,D01,5,Yes,5,2019-08-05
E07668,Amol Mishra,40,Male,,D07,1,No,9,2015-10-28
E07669,Aakash Nair,55,Male,89500,D03,3,No,10,2014-07-21
E07670,Ramesh Joshi,47,Male,75000,D06,3,Yes,13,2011-03-12
E07671,Shruti Dubey,22,Female,40000,D03,3,No,1,2023-10-01
E07672,Rahul Reddy,39,Male,67000,D03,4,No,8,2016-04-02
E07673,Karan Dubey,52,Male,102000,D07,5,No,12,2012-09-03
E07674,Deepak Kumar,33,Male,,D02,1,No,9,2015-10-12
E07675,Divya Dubey,41,Female,,D03,3,No,0,2024-06-06
E07676,Vrinda Shah,31,Female,82500,D05,2,No,5,2019-12-07
E07677,Devendra Shenoy,23,Male,55000,D01,4,No,1,2023-01-27
E07678,Vandana Joshi,29,Female,46500,D03,3,No,5,2019-05-24
E07679,Chetan Kaur,57,Male,134500,D01,4,No,10,2014-08-26
E07680,Siddharth Shenoy,41,Male,75000,D07,3,No,0,2024-08-22
E07681,Archana Singh,44,Female,80500,D02,3,No,8,2016-05-26
E07682,Pallavi Singh,47,Female,,D02,4,Yes,11,2013-10-02
E07683,Sheetal Singh,51,Female,97500,D02,5,No,15,2009-04-11
E07684,Kartik Pillai,35,Male,86000,D01,3,No,6,2018-12-17
E07685,Sudha Kumar,38,Female,59500,D06,4,No,7,2017-07-13
E07686,Rakesh Shenoy,58,Male,132500,D01,3,No,3,2021-09-23
E07687,Manoj Kaur,44,Male,103500,D01,4,No,2,2022-10-16
E07688,Ananya Malhotra,27,Female,,D04,2,No,5,2019-08-11
E07689,Vandana Bhat,54,Female,83000,D06,4,No,0,2024-05-25
E07690,Ramesh Singh,27,Male,58500,D07,3,No,5,2019-04-18
E07691,Meera Kaur,27,Female,57000,D02,4,Yes,1,2023-02-04
E07692,Gayatri Ghosh,46,Female,119500,D01,5,No,8,2016-11-16
E07693,Piyush Dubey,39,Male,96000,D05,3,No,7,2017-11-08
E07694,Komal Jain,25,Female,45000,D06,2,Yes,0,2024-06-24
E07695,Bharat Patil,27,Male,52500,D06,2,No,3,2021-12-14
E07696,Sneha Pillai,47,Female,80500,D06,5,No,8,2016-01-05
E07697,Jyoti Reddy,35,Female,68500,D02,1,No,2,2022-02-01
E07698,Poornima Joshi,58,Female,140000,D01,4,No,10,2014-06-04
E07699,Nitin Nair,35,Male,49000,D06,3,Yes,8,2016-02-25
E07700,Roshni Patel,30,Female,47500,D03,1,No,0,2024-05-09
E07701,Tushar Nair,52,Male,88000,D06,5,No,9,2015-10-23
E07702,Nilesh Kulkarni,55,Male,148500,D05,4,No,5,2019-07-14
E07703,Deepak Ghosh,50,Male,,D03,4,No,16,2008-11-14
E07704,Amit Iyer,43,Male,82500,D07,3,No,15,2009-01-08
E07705,Megha Jain,29,Female,41000,D04,3,No,0,2024-08-20
E07706,Nitin Shenoy,29,Male,75500,D05,3,No,2,2022-01-19
E07707,Bharat Pawar,50,Male,62500,D04,3,No,3,2021-06-28
E07708,Dinesh Saxena,29,Male,,D05,1,Yes,1,2023-03-18
E07709,Vinay Desai,31,Male,50500,D07,1,No,7,2017-05-17
E07710,Karan Mishra,46,Male,74000,D03,4,No,5,2019-08-03
E07711,Abhijit Thakur,24,Male,38000,D06,2,No,3,2021-08-01
E07712,Anil Yadav,51,Male,106000,D02,5,No,6,2018-09-05
E07713,Rakesh Malhotra,31,Male,70000,D02,3,Yes,5,2019-03-18
E07714,Sanjay Bhatt,32,Male,85000,D05,1,Yes,1,2023-12-01
E07715,Padmaja Verma,39,Female,,D02,3,No,6,2018-05-12
E07716,Manoj Das,54,Male,94000,D07,5,No,5,2019-09-20
E07717,Vikram Thakur,51,Male,84500,D03,4,Yes,2,2022-02-03
E07718,Roshni Sharma,56,Female,146000,D05,4,No,3,2021-12-04
E07719,Mohit Patil,57,Male,85500,D06,5,No,1,2023-02-26
E07720,Rakesh Pillai,34,Male,,D03,1,No,6,2018-10-02
E07721,Megha Verma,49,Female,101500,D02,5,No,15,2009-08-03
E07722,Karan Mehta,50,Male,65000,D04,4,Yes,5,2019-07-02
E07723,Chetana Saxena,45,Female,89500,D02,4,No,11,2013-11-13
E07724,Nilesh Bhat,31,Male,88000,D05,2,No,0,2024-05-04
E07725,Vikram Patil,36,Male,56000,D03,2,Yes,0,2024-04-15
E07726,Tanvi Singh,35,Female,99000,D05,3,No,4,2020-11-15
E07727,Preeti Kumar,51,Female,100500,D02,5,Yes,14,2010-03-08
E07728,Pratik Agarwal,44,Male,88000,D07,3,Yes,14,2010-06-22
E07729,Shweta Verma,56,Female,133500,D01,4,Yes,6,2018-05-17
E07730,Ramesh Bhosale,32,Male,64500,D07,3,No,5,2019-11-15
E07731,Pooja Dubey,42,Female,113500,D05,3,No,9,2015-04-13
E07732,Jyoti Mishra,56,Female,81500,D06,5,No,9,2015-04-10
E07733,Sudhir Pandey,50,Male,74000,D04,4,Yes,5,2019-11-28
E07734,Vandana Shah,37,Female,57000,D06,2,No,0,2024-03-10
E07735,Tanvi Iyer,43,Female,,D04,4,No,14,2010-12-26
E07736,Siddharth Chauhan,31,Male,59000,D07,2,Yes,8,2016-11-20
E07737,Ajay Bhosale,33,Male,82500,D05,2,No,9,2015-02-06
E07738,Sameer Bhat,43,Male,81500,D07,4,No,1,2023-01-26
E07739,Anil Gupta,32,Male,45500,D06,1,Yes,11,2013-02-06
E07740,Vrinda Nair,37,Female,97000,D05,3,No,9,2015-09-28
E07741,Deepak Nambiar,58,Male,142500,D05,5,No,4,2020-03-11
E07742,Vandana Shenoy,27,Female,54500,D02,3,Yes,5,2019-05-06
E07743,Sejal Chauhan,23,Female,64500,D05,1,No,1,2023-03-28
E07744,Varun Shukla,56,Male,146500,D05,4,No,5,2019-07-04
E07745,Komal Nambiar,28,Female,52000,D06,2,Yes,4,2020-10-25
E07746,Vivek Nambiar,54,Male,136000,D01,5,No,9,2015-11-25
E07747,Aparna Thakur,32,Female,61500,D02,2,No,5,2019-09-20
E07748,Siddharth Thakur,31,Male,48000,D03,2,No,1,2023-01-17
E07749,Pratik Yadav,32,Male,66500,D02,2,No,10,2014-11-07
E07750,Ashwin Agarwal,57,Male,111000,D02,5,No,8,2016-06-23
E07751,Dinesh Kulkarni,45,Male,89000,D07,2,Yes,10,2014-11-01
E07752,Divya Dubey,46,Female,72000,D06,4,No,5,2019-09-13
E07753,Archana Verma,39,Female,94000,D01,4,No,4,2020-01-19
E07754,Kavya Sharma,31,Female,,D07,3,Yes,0,2024-02-26
E07755,Ajay Joshi,46,Male,87500,D02,4,No,13,2011-09-10
E07756,Preeti Jain,54,Female,137000,D01,5,No,11,2013-11-08
E07757,Pranav Patel,22,Male,40000,D03,2,Yes,1,2023-01-11
E07758,Aparna Saxena,38,Female,70500,D03,3,No,12,2012-10-09
E07759,Nitin Malhotra,22,Male,62000,D05,3,Yes,0,2024-06-07
E07760,Varun Shah,57,Male,67500,D04,5,No,1,2023-05-01
E07761,Sejal Bhat,36,Female,96500,D05,2,No,4,2020-03-17
E07762,Komal Shukla,53,Female,130000,D05,5,No,10,2014-11-16
E07763,Anita Mehta,49,Female,91000,D02,3,No,16,2008-10-23
E07764,Deepak Sharma,48,Male,78500,D06,4,No,5,2019-02-11
E07765,Sunil Verma,48,Male,75500,D06,5,Yes,9,2015-09-21
E07766,Archana Roy,58,Female,135500,D01,5,No,7,2017-01-08
E07767,Ramesh Reddy,22,Male,38000,D06,1,No,0,2024-02-15
E07768,Leena Kumar,56,Female,130500,D01,4,No,8,2016-02-02
E07769,Sudha Shah,56,Female,105000,D07,5,Yes,10,2014-04-14
E07770,Shruti Kaur,46,Female,54000,D04,4,Yes,5,2019-06-23
E07771,Tushar Chauhan,37,Male,63000,D07,2,No,12,2012-09-21
E07772,Karan Mishra,30,Male,81500,D05,3,No,4,2020-02-14
E07773,Rohit Das,44,Male,70500,D03,4,No,10,2014-07-15
E07774,Sunil Saxena,29,Male,70500,D01,1,No,6,2018-10-03
E07775,Swati Saxena,30,Female,51500,D04,3,No,9,2015-10-14
E07776,Manasi Kulkarni,49,Female,132500,D05,5,No,0,2024-01-15
E07777,Priya Desai,29,Female,50000,D07,3,No,7,2017-10-28
E07778,Sudha Chauhan,24,Female,,D02,1,Yes,1,2023-05-04
E07779,Namita Pawar,52,Female,119000,D01,5,No,7,2017-01-22
E07780,Sudhir Iyer,38,Male,65000,D03,3,No,0,2024-11-27
E07781,Arjun Mehta,34,Male,78000,D01,2,No,12,2012-03-07
E07782,Deepa Patil,45,Female,54000,D04,4,No,7,2017-04-25
E07783,Sameer Bhosale,57,Male,132000,D01,5,No,3,2021-10-13
E07784,Shweta Thakur,27,Female,,D03,1,No,2,2022-10-13
E07785,Manasi Jain,53,Female,122500,D01,5,No,8,2016-04-10
E07786,Rajesh Kulkarni,42,Male,75000,D03,4,No,14,2010-06-04
E07787,Arjun Tiwari,54,Male,,D02,4,No,13,2011-11-19
E07788,Amit Singh,26,Male,45000,D04,1,No,4,2020-09-21
E07789,Archana Iyer,53,Female,145500,D05,5,No,7,2017-12-24
E07790,Jyoti Rao,38,Female,60500,D03,3,No,2,2022-07-28
E07791,Namita Patel,42,Female,60500,D06,4,Yes,6,2018-09-05
E07792,Lokesh Pandey,54,Male,,D05,5,No,8,2016-12-20
E07793,Vikram Saxena,56,Male,139500,D05,5,No,10,2014-03-13
E07794,Sudhir Das,45,Male,107000,D01,3,Yes,16,2008-07-19
E07795,Meera Kulkarni,55,Female,94000,D07,5,No,2,2022-11-15
E07796,Manasi Shah,45,Female,76000,D03,5,No,16,2008-12-01
E07797,Deepa Verma,27,Female,53500,D02,1,Yes,2,2022-02-05
E07798,Shruti Dubey,28,Female,55500,D02,1,No,4,2020-11-15
E07799,Gayatri Roy,39,Female,83500,D02,3,No,3,2021-12-06
E07800,Megha Tiwari,38,Female,63500,D07,1,No,8,2016-04-02
E07801,Piyush Bhosale,36,Male,,D04,3,No,4,2020-06-26
E07802,Poonam Rao,23,Female,60000,D05,1,No,1,2023-06-08
E07803,Bharat Malhotra,45,Male,82000,D03,3,Yes,15,2009-07-20
E07804,Meera Das,39,Female,,D04,4,No,3,2021-08-05
E07805,Kavya Shukla,31,Female,40000,D04,3,No,4,2020-02-20
E07806,Ajay Rao,35,Male,84500,D01,3,No,5,2019-06-22
E07807,Meera Patil,44,Female,71000,D03,5,No,4,2020-01-23
E07808,Archana Bhatt,28,Female,46500,D06,1,No,7,2017-11-01
E07809,Riddhi Pandey,26,Female,35000,D04,2,No,5,2019-10-09
E07810,Nilesh Mehta,27,Male,73000,D05,2,No,4,2020-07-18
E07811,Poonam Bhat,38,Female,97000,D01,3,No,12,2012-01-21
E07812,Amol Sharma,25,Male,68500,D05,3,Yes,4,2020-06-01
E07813,Girish Tiwari,22,Male,46500,D07,4,No,1,2023-12-08
E07814,Ramesh Menon,43,Male,102000,D01,3,No,7,2017-09-13
E07815,Jyoti Jain,55,Female,82000,D06,4,No,4,2020-01-19
E07816,Vandana Menon,24,Female,49500,D03,4,No,1,2023-05-11
E07817,Lakshmi Malhotra,34,Female,56500,D07,3,No,12,2012-04-22
E07818,Suresh Das,24,Male,,D05,2,No,1,2023-11-19
E07819,Megha Kulkarni,43,Female,81500,D07,2,No,14,2010-03-20
E07820,Ruchika Mehta,42,Female,,D03,3,No,14,2010-04-24
E07821,Saurabh Bhosale,57,Male,105000,D07,5,No,15,2009-12-14
E07822,Neha Nair,40,Female,47500,D04,3,No,11,2013-11-16
E07823,Ajit Patel,28,Male,69000,D05,3,No,5,2019-01-24
E07824,Piyush Kulkarni,32,Male,61500,D03,1,Yes,1,2023-08-25
E07825,Poonam Thakur,31,Female,51500,D04,2,No,7,2017-05-14
E07826,Pallavi Pillai,33,Female,,D07,2,Yes,2,2022-09-07
E07827,Rahul Iyer,53,Male,100500,D02,4,No,4,2020-01-10
E07828,Mohit Mishra,35,Male,58500,D03,4,No,4,2020-07-27
E07829,Sudhir Kumar,53,Male,105000,D02,4,No,5,2019-05-25
E07830,Rajesh Roy,38,Male,62500,D03,1,No,15,2009-07-26
E07831,Sudha Dubey,41,Female,76500,D07,4,No,9,2015-09-06
E07832,Smita Thakur,57,Female,73000,D04,5,Yes,8,2016-02-08
E07833,Pooja Singh,49,Female,93000,D02,3,No,10,2014-10-21
E07834,Hemant Desai,39,Male,76000,D07,4,No,12,2012-11-10
E07835,Trupti Pandey,47,Female,73000,D06,2,No,0,2024-03-22
E07836,Pooja Patil,25,Female,66000,D05,3,No,0,2024-03-15
E07837,Poornima Dubey,41,Female,104500,D05,4,No,2,2022-09-10
E07838,Reena Tiwari,36,Female,58000,D04,5,No,1,2023-06-16
E07839,Varun Das,51,Male,85000,D03,2,Yes,3,2021-06-22
E07840,Meera Roy,45,Female,79000,D06,3,No,14,2010-07-17
E07841,Ajit Kulkarni,29,Male,53500,D03,2,No,0,2024-09-15
E07842,Anita Shenoy,23,Female,55000,D01,4,No,2,2022-09-22
E07843,Manoj Sharma,31,Male,,D04,1,Yes,7,2017-12-17
E07844,Dinesh Joshi,53,Male,98500,D03,4,No,14,2010-09-10
E07845,Ashwin Pandey,26,Male,45500,D03,3,No,1,2023-11-10
E07846,Sonal Joshi,24,Female,40000,D03,1,Yes,0,2024-02-13
E07847,Amit Pawar,45,Male,119500,D05,3,No,15,2009-12-24
E07848,Bharati Kulkarni,45,Female,122500,D05,5,No,10,2014-08-14
E07849,Poornima Thakur,58,Female,73000,D04,5,No,6,2018-12-20
E07850,Sanket Kulkarni,28,Male,71000,D05,2,No,0,2024-06-09
E07851,Lakshmi Kaur,27,Female,51000,D06,2,Yes,4,2020-10-07
E07852,Karan Malhotra,46,Male,85000,D07,2,Yes,4,2020-11-27
E07853,Sneha Nair,39,Female,62500,D03,3,No,3,2021-02-16
E07854,Swati Malhotra,38,Female,,D02,4,No,13,2011-09-27
E07855,Rohit Patil,41,Male,87000,D02,4,No,5,2019-04-11
E07856,Ashwin Pawar,29,Male,77000,D01,2,No,6,2018-03-02
E07857,Devendra Shah,25,Male,40000,D03,4,No,1,2023-06-17
E07858,Bharat Dubey,47,Male,,D01,4,No,5,2019-06-02
E07859,Pratik Roy,54,Male,91000,D03,4,No,5,2019-07-03
E07860,Ananya Joshi,46,Female,106000,D01,4,No,11,2013-10-05
E07861,Rajesh Gupta,33,Male,,D04,3,No,8,2016-12-07
E07862,Reena Mishra,31,Female,62000,D03,1,No,4,2020-01-28
E07863,Ramesh Shenoy,54,Male,89000,D06,4,No,6,2018-05-24
E07864,Padmaja Das,51,Female,,D05,4,No,12,2012-12-25
E07865,Poonam Patel,48,Female,78500,D06,4,No,8,2016-07-13
E07866,Shweta Patel,54,Female,134000,D05,5,No,14,2010-09-27
E07867,Bharat Thakur,55,Male,82500,D06,4,No,16,2008-06-03
E07868,Shweta Pandey,50,Female,88500,D07,4,No,9,2015-12-17
E07869,Anita Mehta,48,Female,120000,D05,3,No,6,2018-02-09
E07870,Lakshmi Patil,55,Female,139000,D01,3,No,6,2018-03-15
E07871,Pranav Pawar,40,Male,104500,D01,3,Yes,5,2019-05-08
E07872,Madhuri Kaur,32,Female,82500,D01,3,No,11,2013-08-20
E07873,Chetana Bhatt,28,Female,51000,D06,2,No,3,2021-07-21
E07874,Ritu Roy,42,Female,74500,D06,5,Yes,4,2020-10-11
E07875,Harish Verma,29,Male,63000,D02,3,No,2,2022-12-16
E07876,Tanvi Menon,26,Female,,D06,3,No,3,2021-08-28
E07877,Karan Tiwari,58,Male,115000,D02,4,No,0,2024-04-02
E07878,Trupti Verma,32,Female,46000,D06,3,No,4,2020-10-06
E07879,Deepika Pillai,39,Female,,D01,3,No,0,2024-08-15
E07880,Vikram Kaur,56,Male,98000,D03,4,Yes,6,2018-01-21
E07881,Sudhir Nair,27,Male,,D02,3,No,1,2023-10-25
E07882,Sudhir Chauhan,31,Male,41500,D04,2,Yes,2,2022-10-07
E07883,Sanjay Bhatt,34,Male,57000,D07,4,No,1,2023-06-19
E07884,Pallavi Dubey,26,Female,51000,D06,4,No,3,2021-09-02
E07885,Shruti Patil,38,Female,97000,D01,3,No,13,2011-03-12
E07886,Ajit Reddy,50,Male,101000,D02,4,No,6,2018-01-24
E07887,Nisha Joshi,57,Female,66000,D04,5,No,7,2017-08-16
E07888,Swati Tiwari,36,Female,88000,D01,2,No,0,2024-03-16
E07889,Trupti Das,57,Female,90000,D06,5,No,15,2009-12-05
E07890,Ruchika Sharma,25,Female,49500,D07,1,Yes,1,2023-02-24
E07891,Anil Nambiar,32,Male,52500,D03,1,No,9,2015-07-16
E07892,Kartik Pandey,34,Male,78000,D01,2,Yes,1,2023-06-11
E07893,Suresh Pandey,27,Male,64500,D01,3,No,5,2019-02-18
E07894,Ritu Menon,54,Female,123500,D01,5,Yes,3,2021-09-23
E07895,Deepa Gupta,25,Female,51500,D02,1,No,4,2020-11-20
E07896,Vivek Bhat,23,Male,61000,D05,2,No,0,2024-04-08
E07897,Pranav Bhat,22,Male,35000,D04,2,Yes,0,2024-08-20
E07898,Nandita Ghosh,22,Female,39500,D06,2,No,0,2024-01-06
E07899,Mohit Jain,47,Male,106000,D01,5,No,15,2009-10-03
E07900,Varun Shukla,32,Male,73500,D01,3,Yes,7,2017-04-22
E07901,Madhuri Gupta,43,Female,,D03,5,No,1,2023-02-10
E07902,Rohit Bhatt,53,Male,133000,D01,5,No,11,2013-02-05
E07903,Preeti Mishra,40,Female,70500,D06,4,No,5,2019-12-08
E07904,Namita Thakur,56,Female,98500,D03,5,No,3,2021-03-21
E07905,Dinesh Yadav,27,Male,53000,D03,3,Yes,4,2020-06-28
E07906,Tanvi Roy,43,Female,79000,D03,4,No,14,2010-04-27
E07907,Aakash Bhatt,29,Male,66000,D02,2,No,7,2017-10-05
E07908,Rohit Tiwari,23,Male,35000,D04,3,No,1,2023-09-19
E07909,Girish Mehta,27,Male,46500,D03,4,Yes,3,2021-06-07
E07910,Deepa Pandey,44,Female,,D04,3,No,1,2023-02-09
E07911,Vandana Bhat,50,Female,80500,D06,4,No,3,2021-11-17
E07912,Swati Roy,36,Female,,D02,3,No,5,2019-01-02
E07913,Ritu Dubey,51,Female,136000,D05,4,No,13,2011-08-13
E07914,Manish Pillai,32,Male,55500,D03,3,No,2,2022-02-06
E07915,Priya Pandey,45,Female,108500,D01,4,No,4,2020-12-20
E07916,Piyush Mehta,48,Male,120500,D05,4,No,8,2016-10-27
E07917,Jyoti Malhotra,54,Female,100000,D02,5,No,15,2009-11-19
E07918,Girish Pandey,52,Male,122000,D01,5,No,12,2012-05-18
E07919,Pooja Tiwari,35,Female,57500,D07,1,Yes,3,2021-08-14
E07920,Deepika Shah,48,Female,60000,D04,5,Yes,7,2017-02-26
E07921,Abhijit Nair,44,Male,121000,D05,5,No,13,2011-08-08
E07922,Devendra Shah,52,Male,95500,D07,3,No,9,2015-12-28
E07923,Leena Pandey,46,Female,117500,D01,4,No,3,2021-06-15
E07924,Leena Shukla,49,Female,121500,D01,5,No,8,2016-03-18
E07925,Karan Shukla,50,Male,130000,D05,4,No,13,2011-03-05
E07926,Sonal Iyer,31,Female,72000,D01,2,No,10,2014-03-23
E07927,Megha Menon,42,Female,117000,D05,4,No,12,2012-01-20
E07928,Vrinda Mishra,56,Female,99000,D03,4,No,16,2008-10-08
E07929,Ramesh Shah,38,Male,53500,D06,2,No,9,2015-06-03
E07930,Meera Mishra,40,Female,73500,D07,4,Yes,8,2016-10-28
E07931,Ritu Patil,49,Female,69000,D06,3,No,14,2010-07-18
E07932,Lokesh Das,42,Male,,D05,4,No,8,2016-07-12
E07933,Swati Agarwal,56,Female,142500,D05,4,No,12,2012-12-13
E07934,Chetana Dubey,35,Female,89500,D01,1,No,7,2017-01-28
E07935,Chetana Menon,30,Female,56500,D06,3,No,6,2018-12-04
E07936,Kavya Pillai,23,Female,40000,D03,3,No,0,2024-07-09
E07937,Pratik Patel,50,Male,85000,D06,5,No,0,2024-07-14
E07938,Nilesh Verma,32,Male,,D07,3,No,1,2023-02-09
E07939,Rupali Shah,47,Female,69500,D04,4,No,6,2018-09-07
E07940,Bharat Shukla,55,Male,106500,D02,4,Yes,13,2011-04-06
E07941,Harish Das,54,Male,103500,D07,4,No,15,2009-06-05
E07942,Namita Iyer,47,Female,78000,D03,4,No,14,2010-10-22
E07943,Sonal Pandey,30,Female,50500,D03,1,No,2,2022-02-15
E07944,Nitin Kulkarni,39,Male,64500,D06,5,No,10,2014-10-18
E07945,Aparna Kaur,40,Female,61000,D06,2,No,1,2023-06-23
E07946,Sudha Dubey,25,Female,,D03,3,No,2,2022-12-04
E07947,Aakash Sharma,57,Male,150000,D05,4,No,14,2010-11-06
E07948,Padmaja Shah,34,Female,43500,D04,2,No,9,2015-03-28
E07949,Riddhi Shukla,54,Female,133000,D01,4,Yes,16,2008-04-25
E07950,Komal Rao,28,Female,47500,D07,4,Yes,5,2019-05-20
E07951,Sudha Pawar,48,Female,61000,D04,4,No,1,2023-01-05
E07952,Sneha Bhosale,37,Female,61500,D07,3,No,16,2008-06-02
E07953,Varun Thakur,46,Male,71500,D06,4,Yes,3,2021-03-18
E07954,Manoj Nair,57,Male,105000,D07,4,No,14,2010-12-25
E07955,Lokesh Saxena,53,Male,101500,D07,4,No,1,2023-09-17
E07956,Devendra Nambiar,23,Male,39500,D04,1,No,0,2024-01-26
E07957,Reena Desai,34,Female,72500,D02,1,Yes,0,2024-06-02
E07958,Trupti Reddy,46,Female,82000,D03,4,No,13,2011-12-01
E07959,Sunita Iyer,33,Female,62000,D02,4,No,6,2018-01-14
E07960,Padmaja Joshi,49,Female,131000,D05,5,No,7,2017-03-04
E07961,Sudha Bhat,27,Female,50500,D06,4,No,3,2021-11-02
E07962,Chetan Das,30,Male,40500,D04,3,Yes,9,2015-11-24
E07963,Pooja Iyer,45,Female,78500,D03,3,Yes,4,2020-05-14
E07964,Rupali Agarwal,22,Female,63000,D05,2,No,1,2023-04-02
E07965,Manasi Nambiar,40,Female,61000,D04,4,Yes,1,2023-06-10
E07966,Kavya Rao,24,Female,,D04,1,Yes,2,2022-08-23
E07967,Harish Das,52,Male,132000,D05,4,No,5,2019-08-23
E07968,Sudha Pandey,34,Female,67000,D03,1,Yes,11,2013-02-16
E07969,Harish Kumar,37,Male,89500,D01,3,No,4,2020-04-13
E07970,Arjun Gupta,28,Male,72500,D05,3,No,4,2020-01-17
E07971,Sneha Reddy,35,Female,60500,D03,2,No,7,2017-01-12
E07972,Kavya Agarwal,25,Female,46000,D02,2,No,3,2021-10-12
E07973,Deepika Agarwal,47,Female,118500,D01,4,No,1,2023-03-17
E07974,Preeti Chauhan,52,Female,,D07,3,No,3,2021-02-17
E07975,Pooja Chauhan,42,Female,63000,D06,4,No,1,2023-10-21
E07976,Deepika Bhat,56,Female,136500,D01,4,Yes,4,2020-01-25
E07977,Varun Gupta,48,Male,94000,D07,5,No,7,2017-03-03
E07978,Smita Nambiar,57,Female,90000,D06,4,No,13,2011-04-03
E07979,Mohit Patel,28,Male,44000,D03,2,No,6,2018-12-14
E07980,Sanket Shah,28,Male,41000,D06,3,No,4,2020-07-09
E07981,Rupali Roy,25,Female,35000,D04,1,No,3,2021-08-08
E07982,Gaurav Iyer,55,Male,103000,D02,5,No,0,2024-03-04
E07983,Chetana Kulkarni,41,Female,99500,D01,3,No,3,2021-10-08
E07984,Saurabh Malhotra,27,Male,70500,D05,1,No,0,2024-07-10
E07985,Nikhil Verma,35,Male,41500,D04,3,No,14,2010-08-04
E07986,Ananya Reddy,50,Female,98500,D07,5,No,16,2008-12-09
E07987,Trupti Bhosale,49,Female,,D06,3,No,3,2021-12-10
E07988,Pratik Dubey,35,Male,65000,D02,2,No,11,2013-04-19
E07989,Vikram Singh,44,Male,114000,D01,4,No,13,2011-08-04
E07990,Rupali Tiwari,49,Female,128000,D05,5,No,1,2023-02-02
E07991,Riddhi Reddy,38,Female,103000,D05,5,No,5,2019-10-02
E07992,Megha Joshi,48,Female,74000,D06,4,No,6,2018-01-12
E07993,Swati Joshi,35,Female,42000,D04,2,No,9,2015-02-09
E07994,Ruchika Roy,35,Female,93500,D01,3,No,10,2014-07-01
E07995,Pratik Shah,34,Male,60500,D02,3,No,7,2017-08-06
E07996,Namita Singh,40,Female,66000,D03,1,No,4,2020-12-17
E07997,Chetana Das,25,Female,54500,D02,3,No,2,2022-08-13
E07998,Amol Chauhan,31,Male,48500,D03,2,Yes,0,2024-09-20
E07999,Chetana Thakur,27,Female,80000,D05,2,No,4,2020-06-21
E08000,Preeti Jain,44,Female,83000,D02,3,No,16,2008-12-12
E08001,Nilesh Patel,25,Male,40500,D06,2,No,2,2022-10-23
E08002,Pranav Patil,39,Male,91000,D01,2,No,4,2020-05-06
E08003,Lokesh Tiwari,29,Male,75000,D05,2,No,6,2018-06-23
E08004,Vivek Mishra,47,Male,57000,D04,4,No,15,2009-04-19
E08005,Tushar Bhat,43,Male,66000,D04,5,No,0,2024-08-15
E08006,Rahul Singh,34,Male,66500,D02,2,No,8,2016-11-13
E08007,Riddhi Yadav,55,Female,,D04,4,No,2,2022-03-23
E08008,Megha Shenoy,30,Female,,D02,1,No,7,2017-10-16
E08009,Sameer Chauhan,26,Male,41500,D06,4,No,0,2024-04-28
E08010,Aakash Roy,53,Male,78000,D06,4,Yes,13,2011-04-16
E08011,Karan Roy,47,Male,106500,D01,3,No,5,2019-02-20
E08012,Piyush Agarwal,39,Male,62000,D06,3,No,13,2011-09-18
E08013,Sameer Patel,50,Male,74500,D06,4,No,9,2015-11-17
E08014,Ramesh Reddy,28,Male,,D03,2,No,5,2019-05-22
E08015,Pooja Chauhan,41,Female,52000,D04,2,Yes,16,2008-04-24
E08016,Sudhir Reddy,40,Male,72000,D03,5,No,16,2008-06-13
E08017,Shailesh Bhatt,42,Male,70500,D06,2,Yes,11,2013-06-13
E08018,Sanjay Pillai,55,Male,146500,D05,4,No,4,2020-06-04
E08019,Nilesh Verma,48,Male,132500,D05,5,No,7,2017-02-23
E08020,Ananya Patil,38,Female,63500,D07,1,No,6,2018-06-20
E08021,Pooja Mishra,27,Female,43000,D03,3,No,6,2018-06-26
E08022,Lakshmi Mehta,53,Female,,D07,4,No,1,2023-01-17
E08023,Pratik Kaur,27,Male,72500,D01,2,No,0,2024-02-25
E08024,Nandita Roy,41,Female,98000,D01,3,No,16,2008-03-16
E08025,Namita Shukla,57,Female,150000,D05,5,No,5,2019-11-02
E08026,Ruchika Sharma,34,Female,49000,D06,1,No,6,2018-04-27
E08027,Siddharth Dubey,56,Male,96000,D03,5,No,11,2013-02-05
E08028,Preeti Pawar,48,Female,77000,D06,3,No,16,2008-05-17
E08029,Pooja Singh,39,Female,,D07,1,No,0,2024-11-15
E08030,Manasi Rao,36,Female,88500,D05,2,No,1,2023-11-25
E08031,Poonam Jain,40,Female,,D05,2,Yes,5,2019-03-28
E08032,Pallavi Menon,34,Female,69500,D02,3,Yes,9,2015-04-03
E08033,Nitin Yadav,41,Male,64500,D03,1,No,13,2011-04-15
E08034,Sejal Mehta,45,Female,112500,D05,4,No,5,2019-03-09
E08035,Nandita Malhotra,28,Female,,D04,2,Yes,1,2023-08-11
E08036,Vikram Das,28,Male,,D03,2,Yes,1,2023-02-21
E08037,Jyoti Kaur,29,Female,77500,D01,2,No,4,2020-05-26
E08038,Rajesh Yadav,39,Male,102500,D01,3,No,10,2014-12-13
E08039,Gayatri Pillai,58,Female,139000,D01,4,No,6,2018-09-15
E08040,Aakash Iyer,40,Male,66500,D06,2,Yes,0,2024-05-24
E08041,Chetana Mehta,53,Female,84000,D03,5,No,4,2020-09-18
E08042,Saurabh Desai,44,Male,79000,D03,5,No,11,2013-07-06
E08043,Trupti Bhosale,57,Female,98500,D07,5,No,5,2019-02-21
E08044,Tejas Malhotra,31,Male,,D04,2,Yes,6,2018-11-17
E08045,Tanvi Kumar,47,Female,84000,D07,3,No,11,2013-10-03
E08046,Saurabh Rao,36,Male,63500,D06,3,Yes,10,2014-01-06
E08047,Pratik Dubey,55,Male,148500,D05,5,No,16,2008-03-08
E08048,Sudhir Nair,34,Male,56000,D03,3,No,11,2013-03-20
E08049,Shailesh Patil,23,Male,51500,D02,1,Yes,1,2023-04-22
E08050,Vivek Nair,40,Male,,D07,3,No,8,2016-05-09
E08051,Sheetal Roy,56,Female,,D04,5,No,11,2013-06-09
E08052,Komal Iyer,43,Female,73500,D07,3,No,8,2016-05-20
E08053,Sanjay Pillai,30,Male,71500,D01,2,No,3,2021-11-06
E08054,Ajay Nair,25,Male,62500,D01,4,No,3,2021-12-04
E08055,Bharati Agarwal,44,Female,,D04,2,Yes,16,2008-01-15
E08056,Vivek Shenoy,41,Male,58500,D04,3,No,1,2023-05-02
E08057,Rahul Singh,36,Male,98000,D05,3,No,5,2019-10-24
E08058,Aakash Mishra,51,Male,86500,D06,5,No,7,2017-08-02
E08059,Padmaja Joshi,48,Female,,D01,5,No,6,2018-04-07
E08060,Siddharth Yadav,58,Male,90000,D06,5,Yes,0,2024-07-15
E08061,Abhijit Pandey,24,Male,60000,D05,2,No,0,2024-06-08
E08062,Nikhil Yadav,48,Male,77500,D03,3,No,5,2019-02-26
E08063,Komal Jain,52,Female,,D01,5,No,7,2017-05-03
E08064,Sejal Roy,47,Female,112000,D01,3,No,5,2019-06-28
E08065,Hemant Kulkarni,28,Male,53000,D07,2,No,4,2020-09-15
E08066,Leena Kumar,26,Female,70500,D01,2,No,4,2020-01-22
E08067,Rahul Malhotra,47,Male,91500,D02,4,No,15,2009-04-03
E08068,Chetan Tiwari,58,Male,90000,D06,3,No,2,2022-07-20
E08069,Pratik Patel,23,Male,,D01,3,No,1,2023-07-15
E08070,Tushar Rao,36,Male,50000,D04,3,No,14,2010-11-21
E08071,Madhuri Shukla,34,Female,45500,D04,2,No,7,2017-05-21
E08072,Aparna Rao,33,Female,58000,D03,2,No,4,2020-05-08
E08073,Sanjay Desai,28,Male,48500,D07,4,No,2,2022-10-07
E08074,Aakash Yadav,48,Male,80500,D06,4,Yes,16,2008-12-14
E08075,Girish Thakur,49,Male,85000,D03,2,No,14,2010-12-06
E08076,Sanjay Shenoy,40,Male,80500,D02,4,No,2,2022-09-06
E08077,Reena Verma,25,Female,,D01,3,No,0,2024-04-17
E08078,Rajesh Agarwal,47,Male,69500,D06,4,No,6,2018-01-06
E08079,Reena Yadav,31,Female,58000,D07,2,No,4,2020-01-07
E08080,Harish Kulkarni,35,Male,66500,D07,3,No,13,2011-11-28
E08081,Ananya Singh,42,Female,99500,D01,3,No,12,2012-04-19
E08082,Vivek Dubey,41,Male,76500,D07,4,Yes,4,2020-12-02
E08083,Devendra Singh,35,Male,72000,D07,4,No,4,2020-03-06
E08084,Chetan Menon,40,Male,74000,D02,1,No,11,2013-07-11
E08085,Manasi Agarwal,45,Female,77000,D03,4,No,0,2024-04-07
E08086,Sameer Pandey,52,Male,86000,D03,4,No,9,2015-08-19
E08087,Tushar Reddy,34,Male,73500,D02,4,Yes,9,2015-10-20
E08088,Karan Bhatt,29,Male,47500,D07,2,Yes,2,2022-02-26
E08089,Sudha Nambiar,44,Female,114500,D01,4,No,9,2015-04-07
E08090,Devendra Malhotra,41,Male,,D05,2,No,14,2010-09-06
E08091,Chetana Mehta,48,Female,77500,D03,4,No,1,2023-11-24
E08092,Tanvi Kumar,51,Female,98000,D07,5,No,15,2009-08-17
E08093,Vikram Shenoy,27,Male,,D04,2,Yes,5,2019-09-18
E08094,Poornima Desai,53,Female,95500,D07,4,No,10,2014-04-03
E08095,Ananya Bhatt,46,Female,85500,D07,3,No,11,2013-06-03
E08096,Chetan Shukla,31,Male,39500,D04,2,Yes,4,2020-08-11
E08097,Jyoti Sharma,32,Female,92500,D05,1,No,9,2015-05-14
E08098,Smita Kumar,29,Female,58500,D07,3,No,7,2017-06-11
E08099,Aakash Mishra,50,Male,123000,D01,4,No,11,2013-11-14
E08100,Shruti Malhotra,33,Female,58500,D02,2,No,8,2016-06-11
E08101,Riddhi Saxena,39,Female,,D05,3,No,15,2009-05-25
E08102,Komal Bhatt,56,Female,150000,D05,5,No,6,2018-09-25
E08103,Anil Kaur,53,Male,132500,D01,5,No,11,2013-08-23
E08104,Jyoti Verma,47,Female,82000,D07,5,No,6,2018-06-24
E08105,Swati Bhat,38,Female,58000,D04,3,No,15,2009-09-18
E08106,Leena Ghosh,48,Female,116000,D01,4,Yes,14,2010-03-02
E08107,Pratik Patil,24,Male,,D02,3,No,0,2024-02-26
E08108,Ritu Agarwal,41,Female,82500,D07,2,Yes,9,2015-01-26
E08109,Dinesh Bhosale,32,Male,51000,D03,2,No,4,2020-04-02
E08110,Sunil Roy,25,Male,62000,D05,2,No,1,2023-01-01
E08111,Shruti Pillai,43,Female,72500,D03,3,No,12,2012-05-27
E08112,Saurabh Thakur,51,Male,72000,D06,3,No,3,2021-11-26
E08113,Leena Dubey,41,Female,112000,D05,5,No,1,2023-06-03
E08114,Ashwin Das,26,Male,57500,D02,3,No,5,2019-01-25
E08115,Sunil Das,29,Male,41500,D06,2,Yes,4,2020-02-14
E08116,Namita Malhotra,34,Female,57000,D07,2,No,3,2021-03-18
E08117,Sunita Joshi,55,Female,70500,D04,5,No,15,2009-08-04
E08118,Nilesh Ghosh,57,Male,114000,D02,5,No,14,2010-09-24
E08119,Sneha Pawar,41,Female,50500,D04,2,No,1,2023-06-05
E08120,Sanket Ghosh,36,Male,68500,D07,3,No,4,2020-08-15
E08121,Sonal Pillai,29,Female,66000,D01,3,No,4,2020-11-02
E08122,Trupti Sharma,38,Female,74500,D02,2,No,13,2011-09-20
E08123,Manoj Thakur,36,Male,62500,D03,1,No,8,2016-03-08
E08124,Lakshmi Mehta,49,Female,102000,D02,5,No,9,2015-07-22
E08125,Tanvi Yadav,55,Female,64000,D04,5,No,14,2010-09-26
E08126,Pranav Agarwal,24,Male,43000,D03,1,No,1,2023-07-18
E08127,Deepika Patil,52,Female,92000,D07,4,Yes,2,2022-07-02
E08128,Ananya Reddy,42,Female,104000,D01,2,No,11,2013-08-08
E08129,Ritu Jain,55,Female,,D02,3,No,6,2018-11-03
E08130,Pallavi Tiwari,36,Female,,D02,4,No,10,2014-07-19
E08131,Manoj Pandey,57,Male,75000,D04,5,No,8,2016-07-17
E08132,Ajit Das,44,Male,64000,D06,3,No,4,2020-09-06
E08133,Harish Rao,48,Male,82000,D07,3,No,16,2008-11-06
E08134,Suresh Jain,24,Male,38000,D04,3,Yes,2,2022-01-01
E08135,Leena Shah,58,Female,143000,D05,5,No,4,2020-01-27
E08136,Chetana Nair,55,Female,,D02,4,No,1,2023-12-12
E08137,Devendra Rao,51,Male,127500,D01,5,Yes,15,2009-12-28
E08138,Gaurav Shah,22,Male,48500,D07,3,Yes,1,2023-07-03
E08139,Aparna Mishra,32,Female,63000,D03,1,No,4,2020-08-22
E08140,Anita Bhosale,30,Female,,D06,4,No,1,2023-03-23
E08141,Bharati Thakur,42,Female,,D01,3,No,0,2024-08-02
E08142,Padmaja Patel,47,Female,100000,D02,4,No,8,2016-05-04
E08143,Ajit Nair,41,Male,68000,D07,1,Yes,6,2018-07-01
E08144,Abhijit Sharma,28,Male,40500,D04,3,Yes,0,2024-03-22
E08145,Ajit Tiwari,49,Male,128500,D05,4,No,14,2010-10-26
E08146,Karan Bhat,30,Male,,D07,3,No,1,2023-07-20
E08147,Harish Rao,56,Male,,D04,5,No,4,2020-06-01
E08148,Aakash Chauhan,24,Male,42500,D03,1,No,3,2021-05-02
E08149,Deepa Ghosh,23,Female,45000,D02,1,Yes,1,2023-02-28
E08150,Pallavi Yadav,44,Female,59500,D04,5,Yes,16,2008-10-14
E08151,Poornima Gupta,50,Female,105500,D02,5,No,9,2015-07-06
E08152,Madhuri Nambiar,30,Female,49000,D07,1,No,5,2019-11-11
E08153,Lokesh Sharma,55,Male,106500,D02,5,No,5,2019-04-07
E08154,Ritu Chauhan,52,Female,98000,D07,4,No,0,2024-03-18
E08155,Sanket Iyer,37,Male,62000,D07,3,No,6,2018-02-22
E08156,Nikhil Patil,25,Male,,D04,3,Yes,2,2022-12-12
E08157,Reena Ghosh,40,Female,72000,D07,4,No,9,2015-11-14
E08158,Dinesh Rao,45,Male,112000,D01,5,No,13,2011-02-21
E08159,Neha Yadav,38,Female,52000,D04,3,Yes,4,2020-11-07
E08160,Lokesh Shah,40,Male,76500,D02,2,No,10,2014-07-10
E08161,Varun Pillai,45,Male,71000,D06,5,No,7,2017-12-01
E08162,Lokesh Sharma,41,Male,80000,D07,3,No,12,2012-03-19
E08163,Rohit Jain,30,Male,41000,D04,3,No,5,2019-11-24
E08164,Ramesh Pandey,53,Male,88500,D07,5,No,2,2022-12-24
E08165,Rajesh Dubey,36,Male,97500,D05,2,Yes,8,2016-12-28
E08166,Aparna Yadav,27,Female,,D07,2,Yes,4,2020-09-05
E08167,Nisha Chauhan,26,Female,,D02,3,No,3,2021-02-09
E08168,Gayatri Patil,22,Female,36000,D04,3,No,0,2024-07-22
E08169,Suresh Iyer,29,Male,48500,D07,4,No,8,2016-09-15
E08170,Sunil Shah,46,Male,,D01,5,No,6,2018-05-27
E08171,Piyush Reddy,35,Male,97000,D05,1,No,3,2021-01-19
E08172,Harish Shenoy,36,Male,71500,D07,4,No,0,2024-01-19
E08173,Chetan Nambiar,44,Male,78000,D03,4,No,13,2011-02-14
E08174,Mohit Yadav,24,Male,42000,D06,3,No,1,2023-02-06
E08175,Rakesh Bhosale,35,Male,64500,D06,5,No,6,2018-04-21
E08176,Shruti Kaur,46,Female,84500,D03,4,No,8,2016-03-02
E08177,Pranav Malhotra,42,Male,109000,D01,5,No,9,2015-05-14
E08178,Ananya Mehta,48,Female,82000,D07,4,No,16,2008-12-26
E08179,Piyush Mishra,55,Male,105000,D07,5,No,9,2015-10-03
E08180,Sneha Mishra,33,Female,64000,D03,3,No,7,2017-04-21
E08181,Priya Reddy,24,Female,60500,D05,3,No,1,2023-05-09
E08182,Rahul Dubey,26,Male,53000,D03,1,No,5,2019-05-06
E08183,Ajit Menon,35,Male,64000,D06,5,No,0,2024-08-09
E08184,Preeti Jain,22,Female,55000,D01,2,No,1,2023-11-10
E08185,Vrinda Pillai,45,Female,117000,D05,3,No,5,2019-09-26
E08186,Manasi Agarwal,37,Female,72000,D02,3,No,3,2021-07-10
E08187,Lakshmi Pawar,23,Female,61000,D01,3,No,2,2022-10-15
E08188,Madhuri Bhosale,58,Female,143000,D05,4,No,12,2012-07-14
E08189,Shweta Gupta,37,Female,64000,D03,2,Yes,13,2011-12-15
E08190,Karan Shukla,45,Male,88000,D02,4,No,11,2013-11-14
E08191,Nitin Das,53,Male,62500,D04,4,Yes,4,2020-09-25
E08192,Shweta Rao,48,Female,123500,D01,4,Yes,5,2019-09-28
E08193,Poornima Tiwari,53,Female,137500,D05,5,No,6,2018-06-19
E08194,Mohit Iyer,54,Male,82500,D06,4,No,7,2017-06-16
E08195,Anil Nambiar,43,Male,86000,D02,4,No,7,2017-06-23
E08196,Deepak Singh,27,Male,44000,D04,3,No,3,2021-10-26
E08197,Bharati Pawar,29,Female,50500,D03,3,No,3,2021-01-21
E08198,Varun Malhotra,51,Male,70000,D04,5,No,12,2012-07-28
E08199,Pranav Malhotra,35,Male,69000,D07,2,No,14,2010-02-08
E08200,Nikhil Tiwari,42,Male,107500,D05,3,No,15,2009-10-19
E08201,Bharati Singh,33,Female,64500,D07,3,No,1,2023-02-20
E08202,Anil Shukla,50,Male,70000,D04,4,No,9,2015-05-27
E08203,Hemant Gupta,44,Male,102500,D01,3,No,3,2021-09-25
E08204,Suresh Dubey,28,Male,,D06,4,Yes,7,2017-12-24
E08205,Shruti Yadav,39,Female,55500,D04,4,Yes,7,2017-09-23
E08206,Abhijit Roy,28,Male,46500,D06,2,No,5,2019-11-06
E08207,Sameer Pillai,23,Male,38000,D06,1,No,1,2023-06-04
E08208,Amit Nambiar,51,Male,122000,D01,5,Yes,2,2022-04-16
E08209,Suresh Verma,50,Male,105500,D02,4,No,11,2013-06-28
E08210,Harish Malhotra,26,Male,62500,D01,3,No,5,2019-12-07
E08211,Chetana Bhosale,56,Female,90000,D06,5,No,8,2016-02-12
E08212,Sudhir Bhatt,57,Male,98000,D03,5,No,13,2011-03-11
E08213,Deepak Patil,34,Male,,D03,4,No,6,2018-11-03
E08214,Poornima Patel,25,Female,,D07,2,No,1,2023-01-07
E08215,Sanket Shukla,40,Male,51500,D04,2,Yes,15,2009-02-15
E08216,Rupali Pawar,56,Female,75000,D04,4,No,7,2017-09-06
E08217,Rupali Mishra,44,Female,113000,D01,4,No,7,2017-02-06
E08218,Ritu Roy,27,Female,,D03,1,No,0,2024-05-27
E08219,Kartik Shah,42,Male,61000,D06,4,No,12,2012-04-20
E08220,Sanket Pandey,55,Male,135500,D05,5,No,6,2018-01-17
E08221,Amit Pawar,28,Male,46500,D07,2,Yes,5,2019-10-22
E08222,Bharat Patil,25,Male,51000,D07,2,No,3,2021-08-28
E08223,Ajay Kaur,55,Male,144500,D05,5,No,3,2021-04-23
E08224,Madhuri Roy,52,Female,137000,D05,4,No,15,2009-03-26
E08225,Anil Bhosale,43,Male,81000,D02,5,Yes,11,2013-07-08
E08226,Preeti Pillai,43,Female,67000,D06,5,Yes,2,2022-04-21
E08227,Vrinda Kumar,58,Female,100000,D03,3,No,7,2017-06-07
E08228,Padmaja Joshi,29,Female,77000,D05,1,No,1,2023-07-22
E08229,Deepika Desai,54,Female,108500,D02,4,No,15,2009-05-04
E08230,Sanjay Desai,48,Male,77500,D06,4,No,5,2019-12-19
E08231,Riddhi Singh,26,Female,,D02,3,No,3,2021-02-02
E08232,Sudhir Patil,35,Male,63500,D02,4,No,1,2023-03-19
E08233,Sunita Pandey,33,Female,52500,D04,3,No,10,2014-07-22
E08234,Swati Das,33,Female,66500,D02,2,No,6,2018-07-08
E08235,Vikram Bhatt,48,Male,57500,D04,4,No,4,2020-11-07
E08236,Shweta Pillai,57,Female,115000,D02,5,No,13,2011-12-23
E08237,Aparna Roy,31,Female,41000,D04,2,No,10,2014-10-12
E08238,Shruti Shah,39,Female,103000,D05,2,No,15,2009-12-04
E08239,Shailesh Shukla,49,Male,135000,D05,4,No,4,2020-10-05
E08240,Poornima Nair,28,Female,56000,D03,1,No,5,2019-07-08
E08241,Ashwin Das,54,Male,,D05,5,No,16,2008-03-03
E08242,Sudhir Mehta,38,Male,97500,D01,4,No,8,2016-10-28
E08243,Vivek Pillai,28,Male,51500,D06,4,No,2,2022-11-11
E08244,Kartik Ghosh,37,Male,64500,D06,3,No,8,2016-09-20
E08245,Smita Mishra,52,Female,119000,D01,5,No,14,2010-03-16
E08246,Sunita Pandey,53,Female,111000,D02,4,Yes,13,2011-05-04
E08247,Manish Shenoy,27,Male,60000,D01,1,Yes,5,2019-03-19
E08248,Arjun Malhotra,58,Male,,D04,5,No,7,2017-07-13
E08249,Rahul Dubey,34,Male,72500,D02,1,No,8,2016-03-04
E08250,Lakshmi Verma,30,Female,57500,D07,2,No,8,2016-02-26
E08251,Ajay Kulkarni,55,Male,110000,D02,5,No,10,2014-06-22
E08252,Poornima Shukla,46,Female,68000,D06,4,No,1,2023-03-08
E08253,Priya Singh,25,Female,55000,D01,4,No,2,2022-11-13
E08254,Nisha Pandey,25,Female,37000,D04,4,No,2,2022-03-23
E08255,Sunil Chauhan,24,Male,38000,D06,1,Yes,0,2024-07-11
E08256,Piyush Mishra,28,Male,44000,D03,3,No,7,2017-01-04
E08257,Harish Dubey,49,Male,81500,D06,4,No,14,2010-07-09
E08258,Vrinda Nambiar,53,Female,130000,D01,4,No,4,2020-03-27
E08259,Manish Patil,30,Male,54500,D03,2,Yes,8,2016-01-28
E08260,Tushar Sharma,49,Male,75000,D06,5,Yes,7,2017-11-13
E08261,Manish Joshi,35,Male,64500,D07,2,No,14,2010-10-05
E08262,Harish Menon,54,Male,111000,D02,4,No,10,2014-12-17
E08263,Devendra Joshi,40,Male,94000,D01,3,No,7,2017-09-09
E08264,Ajay Mishra,26,Male,62000,D01,1,No,4,2020-11-25
E08265,Divya Kulkarni,45,Female,123000,D05,3,No,5,2019-04-10
E08266,Pranav Patel,26,Male,66500,D01,1,No,2,2022-08-02
E08267,Hemant Patil,58,Male,70500,D04,5,No,2,2022-12-19
E08268,Abhijit Bhatt,31,Male,62500,D02,2,Yes,8,2016-06-12
E08269,Rohit Bhatt,53,Male,99000,D03,5,No,7,2017-01-05
E08270,Shruti Patil,32,Female,51500,D06,2,No,7,2017-04-19
E08271,Deepika Patil,31,Female,86000,D05,4,No,6,2018-05-23
E08272,Neha Verma,43,Female,111000,D05,4,No,16,2008-11-08
E08273,Vivek Kumar,52,Male,68500,D04,4,No,7,2017-07-24
E08274,Tejas Tiwari,38,Male,54000,D04,4,No,2,2022-08-21
E08275,Archana Tiwari,57,Female,75000,D04,5,No,1,2023-07-13
E08276,Poonam Shenoy,44,Female,73000,D07,5,No,15,2009-06-13
E08277,Vivek Pillai,56,Male,141500,D05,5,No,2,2022-01-22
E08278,Rupali Sharma,39,Female,109000,D05,4,No,11,2013-07-22
E08279,Sanjay Shenoy,23,Male,45000,D02,4,Yes,1,2023-06-16
E08280,Preeti Nair,44,Female,,D01,4,No,8,2016-11-14
E08281,Tejas Bhosale,45,Male,67000,D04,5,Yes,3,2021-10-02
E08282,Ritu Saxena,27,Female,47000,D04,2,No,5,2019-11-16
E08283,Jyoti Rao,58,Female,,D04,5,No,8,2016-09-07
E08284,Deepak Kumar,28,Male,80500,D05,4,Yes,1,2023-05-17
E08285,Reena Kaur,49,Female,93500,D02,4,No,8,2016-01-14
E08286,Dinesh Chauhan,30,Male,,D06,2,Yes,2,2022-10-16
E08287,Saurabh Yadav,33,Male,49000,D06,4,No,11,2013-10-27
E08288,Amit Das,44,Male,85000,D07,4,No,11,2013-04-06
E08289,Smita Singh,35,Female,43000,D04,3,No,14,2010-09-03
E08290,Dinesh Chauhan,49,Male,68000,D04,3,No,10,2014-12-19
E08291,Sejal Dubey,52,Female,97500,D03,4,Yes,14,2010-05-10
E08292,Sudha Shenoy,38,Female,64500,D03,4,No,11,2013-05-11
E08293,Abhijit Yadav,28,Male,53500,D03,2,No,0,2024-02-27
E08294,Sonal Chauhan,26,Female,35000,D04,3,No,3,2021-01-05
E08295,Karan Joshi,58,Male,98000,D03,4,No,10,2014-11-10
E08296,Rajesh Nair,39,Male,69000,D03,3,No,6,2018-10-09
E08297,Tejas Singh,57,Male,146000,D05,5,No,2,2022-11-05
E08298,Gayatri Mishra,45,Female,109000,D01,3,No,6,2018-08-05
E08299,Sanjay Roy,31,Male,53500,D03,2,No,5,2019-09-09
E08300,Tushar Nambiar,54,Male,92500,D07,5,No,16,2008-08-09
E08301,Archana Jain,34,Female,55000,D04,4,Yes,3,2021-12-12
E08302,Siddharth Das,22,Male,64500,D05,3,No,1,2023-10-22
E08303,Roshni Ghosh,32,Female,42000,D04,2,No,8,2016-08-05
E08304,Gaurav Mehta,48,Male,94000,D07,4,No,7,2017-04-16
E08305,Piyush Patel,39,Male,73000,D02,3,No,12,2012-10-24
E08306,Bharat Singh,27,Male,78500,D05,1,Yes,2,2022-11-26
E08307,Komal Agarwal,51,Female,119500,D01,5,No,8,2016-11-18
E08308,Kartik Iyer,47,Male,71000,D06,4,No,5,2019-09-25
E08309,Abhijit Desai,40,Male,101500,D05,4,No,11,2013-10-21
E08310,Amit Shah,28,Male,50500,D02,2,No,6,2018-02-17
E08311,Karan Kumar,22,Male,47000,D02,2,Yes,0,2024-08-04
E08312,Kartik Saxena,38,Male,57000,D04,5,No,15,2009-06-01
E08313,Shruti Kumar,30,Female,43500,D06,2,Yes,4,2020-08-04
E08314,Vandana Saxena,43,Female,103000,D01,5,No,15,2009-07-03
E08315,Suresh Bhosale,51,Male,74500,D04,5,Yes,12,2012-10-07
E08316,Ajit Dubey,51,Male,96500,D07,4,No,6,2018-10-11
E08317,Nisha Pillai,24,Female,38000,D06,2,No,2,2022-01-09
E08318,Preeti Kulkarni,36,Female,65500,D07,3,No,7,2017-10-01
E08319,Hemant Reddy,48,Male,73000,D06,5,Yes,3,2021-11-02
E08320,Sunita Dubey,49,Female,90500,D07,5,Yes,8,2016-05-15
E08321,Ajay Mishra,43,Male,69000,D03,3,No,1,2023-08-06
E08322,Priya Menon,53,Female,84000,D06,5,No,5,2019-12-22
E08323,Ritu Menon,55,Female,145500,D05,4,No,16,2008-10-19
E08324,Suresh Gupta,54,Male,98500,D03,4,No,13,2011-02-15
E08325,Sudha Kaur,35,Female,95000,D05,3,No,10,2014-11-15
E08326,Jyoti Roy,30,Female,74000,D05,2,No,8,2016-09-19
E08327,Kavya Kulkarni,42,Female,69500,D07,2,Yes,16,2008-12-03
E08328,Chetan Sharma,45,Male,71000,D06,3,No,2,2022-07-07
E08329,Pratik Kulkarni,27,Male,67500,D01,3,No,3,2021-03-09
E08330,Aakash Das,25,Male,45500,D06,3,No,1,2023-12-17
E08331,Lokesh Ghosh,47,Male,71500,D06,3,No,10,2014-08-11
E08332,Sanjay Kulkarni,27,Male,50500,D03,2,No,0,2024-01-13
E08333,Nikhil Thakur,56,Male,140000,D01,5,No,13,2011-01-25
E08334,Vandana Pawar,38,Female,74500,D03,3,No,1,2023-06-26
E08335,Divya Nair,30,Female,55500,D03,2,No,9,2015-09-22
E08336,Divya Nair,22,Female,43000,D03,3,No,1,2023-10-06
E08337,Vivek Sharma,37,Male,59500,D06,2,No,7,2017-03-27
E08338,Nilesh Saxena,25,Male,42000,D07,2,No,1,2023-07-27
E08339,Komal Patil,42,Female,78000,D03,5,No,0,2024-07-21
E08340,Sheetal Gupta,52,Female,129000,D05,4,No,7,2017-11-27
E08341,Manish Rao,32,Male,59000,D07,3,No,10,2014-11-06
E08342,Divya Tiwari,51,Female,128000,D05,5,No,5,2019-12-03
E08343,Namita Bhat,42,Female,68000,D03,3,Yes,1,2023-02-07
E08344,Abhijit Shah,58,Male,101500,D07,3,No,1,2023-03-24
E08345,Vrinda Mehta,27,Female,60500,D01,2,No,3,2021-05-21
E08346,Manish Shukla,32,Male,40500,D04,3,No,6,2018-06-22
E08347,Lakshmi Shukla,37,Female,64000,D06,4,No,5,2019-08-14
E08348,Gaurav Yadav,34,Male,55000,D07,3,No,8,2016-05-18
E08349,Aakash Bhat,23,Male,,D05,3,No,2,2022-07-21
E08350,Archana Jain,33,Female,89000,D01,2,No,2,2022-08-27
E08351,Lakshmi Saxena,41,Female,114000,D05,4,No,11,2013-04-04
E08352,Siddharth Pandey,48,Male,66500,D04,5,Yes,2,2022-10-05
E08353,Pallavi Mehta,50,Female,128500,D01,5,No,11,2013-05-10
E08354,Meera Roy,23,Female,39500,D04,2,Yes,2,2022-04-03
E08355,Rakesh Pawar,30,Male,45500,D04,4,No,9,2015-06-04
E08356,Sanjay Iyer,22,Male,40500,D03,3,No,1,2023-04-25
E08357,Deepika Singh,38,Female,95000,D05,2,No,14,2010-07-21
E08358,Reena Reddy,58,Female,140000,D01,4,Yes,3,2021-05-24
E08359,Pratik Patel,30,Male,53000,D03,2,Yes,3,2021-08-21
E08360,Sonal Rao,35,Female,99000,D05,2,No,0,2024-07-13
E08361,Varun Thakur,34,Male,55000,D03,2,Yes,5,2019-04-12
E08362,Pooja Tiwari,37,Female,56000,D06,3,No,10,2014-06-16
E08363,Sunita Yadav,32,Female,39500,D04,2,Yes,1,2023-01-22
E08364,Sudha Shenoy,24,Female,40000,D03,2,No,3,2021-06-14
E08365,Komal Saxena,55,Female,135500,D05,4,No,0,2024-02-22
E08366,Varun Reddy,33,Male,68500,D07,3,No,1,2023-06-23
E08367,Sneha Agarwal,22,Female,41500,D06,3,Yes,0,2024-05-12
E08368,Kartik Saxena,58,Male,,D03,5,No,10,2014-03-17
E08369,Ajay Das,48,Male,110000,D01,4,No,1,2023-06-06
E08370,Mohit Yadav,42,Male,77500,D07,4,No,15,2009-06-14
E08371,Bharati Reddy,47,Female,88000,D02,2,Yes,5,2019-06-23
E08372,Padmaja Chauhan,54,Female,78500,D06,5,No,15,2009-11-22
E08373,Smita Chauhan,27,Female,63500,D01,2,No,0,2024-09-16
E08374,Leena Bhosale,54,Female,88000,D03,4,No,12,2012-06-19
E08375,Lokesh Iyer,24,Male,59500,D01,1,No,0,2024-11-04
E08376,Chetan Rao,50,Male,105500,D02,5,No,12,2012-01-24
E08377,Manish Malhotra,54,Male,132000,D05,5,No,5,2019-04-13
E08378,Shweta Bhatt,49,Female,121500,D05,4,Yes,14,2010-09-15
E08379,Ruchika Pillai,56,Female,88000,D06,5,No,7,2017-03-05
E08380,Harish Das,31,Male,56000,D02,1,No,6,2018-05-08
E08381,Rohit Shenoy,26,Male,63000,D05,3,No,0,2024-03-04
E08382,Neha Shenoy,26,Female,56000,D02,2,No,5,2019-01-28
E08383,Bharati Pandey,37,Female,58000,D06,3,No,12,2012-06-09
E08384,Manoj Sharma,57,Male,90000,D06,4,No,10,2014-10-11
E08385,Rupali Chauhan,26,Female,65500,D05,4,Yes,1,2023-10-11
E08386,Karan Shukla,54,Male,98500,D03,5,No,10,2014-03-28
E08387,Gaurav Desai,31,Male,41500,D04,3,No,3,2021-05-03
E08388,Megha Tiwari,23,Female,42000,D07,3,No,2,2022-02-27
E08389,Rupali Mishra,36,Female,98000,D05,1,No,12,2012-09-07
E08390,Archana Patil,39,Female,49500,D04,3,No,15,2009-03-11
E08391,Shweta Shenoy,45,Female,,D03,4,Yes,12,2012-02-22
E08392,Sameer Saxena,32,Male,50000,D06,3,No,8,2016-08-28
E08393,Poonam Pawar,48,Female,89500,D02,5,No,15,2009-09-06
E08394,Dinesh Tiwari,45,Male,,D02,4,Yes,14,2010-03-09
E08395,Rakesh Dubey,48,Male,78000,D06,3,No,11,2013-03-18
E08396,Meera Kulkarni,55,Female,130500,D01,5,No,16,2008-06-18
E08397,Reena Reddy,45,Female,55000,D04,3,No,10,2014-06-19
E08398,Archana Nambiar,51,Female,,D01,5,No,15,2009-04-17
E08399,Deepak Nair,54,Male,124500,D01,5,No,0,2024-02-18
E08400,Ashwin Nair,22,Male,35000,D04,3,Yes,1,2023-08-05
E08401,Rajesh Roy,58,Male,135000,D01,5,No,2,2022-08-27
E08402,Poornima Joshi,30,Female,43000,D04,1,No,4,2020-04-19
E08403,Ramesh Malhotra,42,Male,103500,D01,5,No,4,2020-11-26
E08404,Priya Desai,55,Female,97000,D03,5,No,11,2013-10-07
E08405,Lokesh Shah,49,Male,134500,D05,5,No,15,2009-12-03
E08406,Namita Desai,29,Female,72000,D01,2,Yes,4,2020-12-26
E08407,Sudha Desai,50,Female,80500,D06,4,No,2,2022-07-24
E08408,Gaurav Malhotra,49,Male,96500,D07,5,Yes,7,2017-01-19
E08409,Vrinda Rao,22,Female,40000,D03,2,Yes,0,2024-04-03
E08410,Tanvi Chauhan,40,Female,61000,D04,3,No,15,2009-07-13
E08411,Gayatri Bhat,40,Female,77500,D03,4,Yes,1,2023-08-02
E08412,Dinesh Jain,32,Male,71000,D01,2,Yes,2,2022-11-01
E08413,Piyush Chauhan,40,Male,79500,D07,4,No,9,2015-04-13
E08414,Deepika Joshi,40,Female,96500,D01,5,No,16,2008-06-18
E08415,Rakesh Pillai,43,Male,73000,D07,4,No,8,2016-07-06
E08416,Rohit Chauhan,50,Male,115000,D01,5,No,10,2014-04-18
E08417,Riddhi Malhotra,28,Female,60500,D07,4,No,0,2024-10-20
E08418,Rahul Shenoy,47,Male,120500,D05,5,No,16,2008-12-06
E08419,Archana Shah,39,Female,66500,D03,3,No,5,2019-06-07
E08420,Suresh Kaur,42,Male,79500,D02,4,No,13,2011-02-08
E08421,Rajesh Mishra,27,Male,61000,D02,2,No,2,2022-04-23
E08422,Chetana Jain,34,Female,62000,D02,2,No,1,2023-05-27
E08423,Nilesh Singh,53,Male,,D04,4,No,16,2008-04-20
E08424,Sunil Shah,46,Male,114000,D01,3,No,16,2008-05-24
E08425,Jyoti Pillai,25,Female,38000,D06,3,No,4,2020-07-02
E08426,Sanket Mehta,30,Male,81500,D01,2,No,8,2016-05-02
E08427,Bharat Yadav,22,Male,36000,D04,1,No,0,2024-05-08
E08428,Priya Bhatt,34,Female,91000,D01,3,No,2,2022-06-18
E08429,Jyoti Nair,40,Female,96000,D01,4,No,6,2018-12-17
E08430,Meera Shah,53,Female,99000,D03,5,No,11,2013-04-17
E08431,Bharati Nambiar,41,Female,67000,D03,1,Yes,7,2017-02-23
E08432,Sneha Shenoy,23,Female,57000,D01,2,Yes,2,2022-04-22
E08433,Bharati Kumar,56,Female,81000,D06,3,No,1,2023-03-11
E08434,Saurabh Reddy,37,Male,57000,D03,2,No,5,2019-01-14
E08435,Hemant Shenoy,30,Male,44500,D04,2,No,1,2023-05-14
E08436,Dinesh Yadav,55,Male,110000,D02,5,No,12,2012-05-18
E08437,Vandana Pillai,54,Female,136500,D01,4,No,4,2020-10-09
E08438,Trupti Gupta,30,Female,55000,D03,2,No,1,2023-03-10
E08439,Riddhi Roy,27,Female,,D04,2,No,2,2022-01-03
E08440,Manish Rao,23,Male,38000,D06,3,No,2,2022-08-23
E08441,Devendra Singh,49,Male,95000,D07,4,No,14,2010-12-03
E08442,Sanjay Patel,30,Male,78500,D05,2,Yes,9,2015-02-22
E08443,Sonal Pandey,32,Female,51500,D03,3,No,11,2013-09-10
E08444,Harish Menon,26,Male,35000,D04,2,Yes,5,2019-06-02
E08445,Mohit Chauhan,58,Male,90000,D06,5,No,8,2016-02-06
E08446,Sudha Malhotra,25,Female,49000,D03,3,No,1,2023-03-14
E08447,Nandita Singh,29,Female,43000,D04,2,No,6,2018-12-04
E08448,Ritu Joshi,32,Female,75000,D01,1,No,7,2017-11-03
E08449,Shruti Mishra,34,Female,61000,D02,2,Yes,6,2018-08-28
E08450,Sheetal Desai,52,Female,79000,D06,5,No,11,2013-07-17
E08451,Divya Bhosale,53,Female,103500,D07,4,No,3,2021-09-25
E08452,Vrinda Gupta,23,Female,62500,D01,2,No,2,2022-05-18
E08453,Vivek Thakur,47,Male,,D04,4,Yes,13,2011-02-03
E08454,Megha Saxena,33,Female,70000,D02,4,No,2,2022-06-07
E08455,Saurabh Patil,29,Male,58500,D03,3,No,3,2021-01-20
E08456,Piyush Das,26,Male,65500,D05,1,No,3,2021-10-04
E08457,Hemant Patil,53,Male,106500,D02,4,Yes,15,2009-12-05
E08458,Nikhil Saxena,37,Male,,D02,3,No,0,2024-06-02
E08459,Sanket Singh,56,Male,138000,D01,5,No,2,2022-04-16
E08460,Mohit Kumar,50,Male,81500,D03,4,No,4,2020-11-28
E08461,Kavya Singh,28,Female,75500,D01,3,No,2,2022-02-25
E08462,Mohit Gupta,50,Male,123000,D05,4,No,8,2016-03-14
E08463,Tanvi Yadav,34,Female,60500,D03,3,No,7,2017-06-12
E08464,Rupali Malhotra,49,Female,92000,D02,4,No,7,2017-09-27
E08465,Trupti Desai,31,Female,59000,D02,3,No,4,2020-02-28
E08466,Poornima Bhosale,45,Female,88500,D02,2,No,4,2020-02-25
E08467,Jyoti Kumar,25,Female,43500,D04,2,No,4,2020-01-05
E08468,Ajit Chauhan,52,Male,121000,D01,5,No,2,2022-05-16
E08469,Ananya Patel,39,Female,63500,D06,3,No,4,2020-04-26
E08470,Manish Roy,39,Male,71000,D03,3,No,14,2010-06-10
E08471,Jyoti Pillai,46,Female,67500,D04,4,No,13,2011-01-22
E08472,Sudha Shukla,30,Female,56500,D07,1,Yes,6,2018-04-23
E08473,Devendra Shukla,24,Male,57500,D01,2,No,2,2022-04-03
E08474,Mohit Singh,38,Male,71000,D07,3,Yes,4,2020-03-28
E08475,Roshni Nambiar,23,Female,50000,D07,4,No,1,2023-05-02
E08476,Manasi Pillai,55,Female,125000,D01,4,No,6,2018-04-04
E08477,Deepika Singh,51,Female,,D04,4,Yes,14,2010-08-22
E08478,Harish Kaur,53,Male,135500,D05,4,No,10,2014-03-19
E08479,Kartik Shenoy,54,Male,101500,D07,5,No,13,2011-02-28
E08480,Anita Rao,40,Female,95000,D01,3,No,8,2016-11-22
E08481,Smita Shenoy,25,Female,52500,D07,2,No,4,2020-02-25
E08482,Poornima Nair,57,Female,,D05,3,No,14,2010-04-14
E08483,Siddharth Reddy,44,Male,,D05,3,No,7,2017-10-20
E08484,Vinay Bhatt,34,Male,84000,D01,2,No,0,2024-01-19
E08485,Piyush Ghosh,44,Male,,D05,5,No,14,2010-04-26
E08486,Manoj Gupta,22,Male,35000,D04,3,Yes,1,2023-09-25
E08487,Dinesh Jain,29,Male,55500,D07,2,Yes,2,2022-04-09
E08488,Pooja Mishra,42,Female,61000,D06,3,Yes,10,2014-02-11
E08489,Sheetal Shenoy,44,Female,115500,D05,3,No,14,2010-12-03
E08490,Nikhil Mehta,36,Male,94000,D05,3,No,12,2012-02-21
E08491,Vinay Saxena,53,Male,93500,D07,5,Yes,4,2020-12-16
E08492,Mohit Menon,40,Male,98000,D01,4,No,5,2019-08-10
E08493,Pallavi Rao,35,Female,56500,D06,1,No,3,2021-01-20
E08494,Shailesh Rao,25,Male,40000,D03,4,No,0,2024-11-09
E08495,Manish Jain,51,Male,91000,D07,3,No,15,2009-04-01
E08496,Meera Shukla,26,Female,48000,D03,3,No,5,2019-06-07
E08497,Sunita Bhat,37,Female,95500,D01,3,No,9,2015-06-25
E08498,Ritu Shah,22,Female,52500,D02,2,No,1,2023-02-23
E08499,Sunita Mehta,30,Female,39500,D04,3,Yes,2,2022-11-25
E08500,Megha Jain,42,Female,108500,D05,5,No,5,2019-07-07
E08501,Varun Joshi,32,Male,49500,D04,2,Yes,7,2017-05-28
E08502,Riddhi Gupta,58,Female,103500,D07,5,No,10,2014-05-12
E08503,Sameer Tiwari,39,Male,70000,D03,4,No,10,2014-12-03
E08504,Sejal Kaur,37,Female,74000,D02,2,No,7,2017-09-09
E08505,Meera Sharma,25,Female,49500,D06,3,No,2,2022-10-09
E08506,Ananya Nambiar,24,Female,64500,D05,3,No,0,2024-04-03
E08507,Deepika Singh,31,Female,63000,D07,1,No,0,2024-09-06
E08508,Sheetal Ghosh,23,Female,51500,D07,3,No,0,2024-09-17
E08509,Rupali Nambiar,24,Female,38000,D06,2,No,2,2022-09-01
E08510,Devendra Das,49,Male,126500,D05,2,No,15,2009-06-27
E08511,Nilesh Singh,53,Male,64500,D04,4,No,1,2023-08-22
E08512,Ajit Bhosale,36,Male,95500,D05,3,No,1,2023-10-25
E08513,Shweta Chauhan,51,Female,87500,D03,3,No,12,2012-10-07
E08514,Meera Gupta,45,Female,124000,D05,5,No,6,2018-08-18
E08515,Ananya Singh,45,Female,89000,D07,3,No,9,2015-03-12
E08516,Rakesh Mishra,44,Male,107000,D01,3,No,15,2009-09-18
E08517,Poonam Verma,28,Female,68500,D05,3,No,4,2020-10-24
E08518,Varun Gupta,32,Male,50500,D04,3,No,5,2019-03-17
E08519,Archana Malhotra,36,Female,,D01,2,No,14,2010-12-15
E08520,Ajay Gupta,45,Male,58000,D04,2,Yes,8,2016-02-01
E08521,Swati Kumar,35,Female,87500,D05,2,Yes,3,2021-09-04
E08522,Megha Nair,39,Female,80500,D02,4,No,4,2020-09-23
E08523,Megha Rao,56,Female,94500,D03,5,No,5,2019-05-15
E08524,Nisha Dubey,51,Female,99000,D02,5,No,14,2010-02-18
E08525,Megha Patil,30,Female,65000,D02,1,Yes,1,2023-10-12
E08526,Bharati Kulkarni,50,Female,133000,D05,4,No,15,2009-01-17
E08527,Deepa Shukla,22,Female,38000,D06,2,No,0,2024-05-07
E08528,Rohit Verma,56,Male,107000,D02,3,Yes,5,2019-11-28
E08529,Ramesh Agarwal,54,Male,73000,D04,4,No,2,2022-11-04
E08530,Poornima Das,55,Female,100000,D03,5,No,2,2022-05-12
E08531,Sheetal Chauhan,37,Female,62500,D03,3,No,14,2010-09-21
E08532,Lokesh Rao,41,Male,,D07,4,No,15,2009-08-19
E08533,Vinay Malhotra,44,Male,66000,D04,5,No,11,2013-04-02
E08534,Abhijit Singh,53,Male,98500,D03,3,No,15,2009-02-07
E08535,Sudha Nair,48,Female,117500,D01,3,No,4,2020-09-25
E08536,Vikram Malhotra,45,Male,105500,D01,4,No,14,2010-06-15
E08537,Chetana Mehta,38,Female,64000,D07,1,No,15,2009-05-11
E08538,Rakesh Pandey,44,Male,82500,D07,4,No,7,2017-02-28
E08539,Amol Malhotra,42,Male,70500,D07,4,No,12,2012-05-09
E08540,Sonal Desai,34,Female,89500,D05,3,No,12,2012-07-06
E08541,Sudhir Yadav,53,Male,,D03,4,No,11,2013-12-23
E08542,Sonal Shenoy,29,Female,66000,D02,1,No,5,2019-02-20
E08543,Aparna Chauhan,36,Female,88500,D01,2,No,11,2013-12-21
E08544,Mohit Patel,44,Male,103000,D01,3,No,9,2015-11-02
E08545,Nisha Reddy,49,Female,78500,D03,5,No,4,2020-06-24
E08546,Kavya Kulkarni,43,Female,105000,D01,4,No,3,2021-11-23
E08547,Preeti Dubey,52,Female,82500,D06,4,No,12,2012-06-04
E08548,Riddhi Joshi,45,Female,93000,D02,4,No,14,2010-05-22
E08549,Ruchika Malhotra,27,Female,44500,D06,4,No,1,2023-11-15
E08550,Leena Roy,50,Female,101000,D02,3,No,7,2017-01-13
E08551,Pratik Iyer,23,Male,69000,D05,2,Yes,0,2024-09-06
E08552,Pranav Pandey,54,Male,,D04,5,Yes,16,2008-08-01
E08553,Sunita Nambiar,41,Female,104000,D01,4,No,13,2011-02-22
E08554,Sudha Saxena,54,Female,111500,D02,3,No,0,2024-08-09
E08555,Chetana Mishra,38,Female,65500,D06,4,No,4,2020-03-17
E08556,Shruti Nair,49,Female,,D01,4,No,14,2010-02-27
E08557,Manoj Kaur,30,Male,73000,D01,3,No,6,2018-12-05
E08558,Meera Ghosh,45,Female,67500,D04,5,No,15,2009-04-17
E08559,Sunil Bhatt,26,Male,72000,D01,2,No,3,2021-03-04
E08560,Nandita Nair,35,Female,75000,D02,3,Yes,8,2016-04-24
E08561,Sonal Chauhan,46,Female,84000,D07,3,No,15,2009-12-25
E08562,Rahul Das,41,Male,68000,D06,4,Yes,6,2018-09-09
E08563,Nandita Shenoy,28,Female,62500,D02,1,Yes,2,2022-03-22
E08564,Rakesh Menon,58,Male,135000,D01,4,No,4,2020-06-07
E08565,Siddharth Kumar,42,Male,111500,D05,3,No,10,2014-11-24
E08566,Deepak Agarwal,25,Male,44000,D07,1,No,3,2021-07-12
E08567,Sudhir Iyer,55,Male,105000,D02,5,No,5,2019-07-14
E08568,Siddharth Menon,53,Male,133500,D01,4,No,14,2010-08-14
E08569,Sanjay Pandey,48,Male,74000,D06,3,No,1,2023-10-09
E08570,Namita Singh,25,Female,52500,D03,3,No,3,2021-10-14
E08571,Manasi Mehta,46,Female,74000,D06,4,No,4,2020-10-13
E08572,Vinay Nair,56,Male,127500,D01,4,No,16,2008-08-28
E08573,Manish Mishra,47,Male,91500,D07,4,Yes,10,2014-09-18
E08574,Shweta Jain,52,Female,88000,D07,4,No,8,2016-11-04
E08575,Rakesh Pawar,50,Male,61000,D04,5,Yes,12,2012-01-04
E08576,Kavya Bhosale,23,Female,46000,D06,1,No,2,2022-08-02
E08577,Jyoti Sharma,40,Female,60500,D04,5,No,10,2014-08-11
E08578,Roshni Bhat,38,Female,54000,D06,1,No,10,2014-06-15
E08579,Abhijit Dubey,57,Male,100000,D07,4,No,11,2013-11-03
E08580,Deepak Kulkarni,23,Male,45500,D03,2,No,0,2024-01-19
E08581,Sunita Pandey,36,Female,75000,D02,3,No,5,2019-02-16
E08582,Pooja Bhat,48,Female,93500,D07,5,No,3,2021-08-27
E08583,Hemant Reddy,48,Male,72000,D06,4,No,6,2018-12-22
E08584,Sameer Dubey,53,Male,65500,D04,5,No,1,2023-04-20
E08585,Abhijit Joshi,50,Male,81000,D06,5,Yes,11,2013-02-10
E08586,Sheetal Malhotra,55,Female,132000,D01,4,No,16,2008-10-24
E08587,Lakshmi Gupta,50,Female,,D04,4,Yes,8,2016-03-03
E08588,Leena Mishra,50,Female,128500,D05,5,No,5,2019-02-17
E08589,Neha Bhat,24,Female,45000,D02,2,No,3,2021-03-18
E08590,Anita Sharma,53,Female,97500,D03,4,No,14,2010-01-14
E08591,Deepika Das,48,Female,,D02,4,No,9,2015-04-21
E08592,Madhuri Shah,40,Female,105000,D01,4,No,0,2024-09-23
E08593,Amit Thakur,50,Male,89500,D03,4,No,13,2011-10-02
E08594,Pallavi Kulkarni,25,Female,50000,D06,2,Yes,2,2022-09-16
E08595,Meera Bhosale,55,Female,97500,D07,4,No,14,2010-06-24
E08596,Bharat Pillai,26,Male,41500,D03,1,No,0,2024-09-21
E08597,Kartik Shenoy,30,Male,47000,D03,4,No,6,2018-12-28
E08598,Sonal Iyer,50,Female,,D05,5,No,12,2012-07-25
E08599,Rohit Joshi,54,Male,111000,D02,5,Yes,8,2016-05-20
E08600,Rohit Verma,54,Male,110500,D02,5,No,15,2009-01-24
E08601,Girish Pawar,58,Male,90000,D06,5,No,10,2014-02-20
E08602,Pallavi Pandey,40,Female,96000,D01,4,No,8,2016-12-27
E08603,Reena Yadav,25,Female,45000,D02,2,Yes,1,2023-12-17
E08604,Arjun Sharma,28,Male,,D07,2,No,6,2018-10-26
E08605,Gaurav Gupta,57,Male,149000,D05,4,No,7,2017-07-25
E08606,Manasi Iyer,48,Female,,D06,4,No,6,2018-08-28
E08607,Leena Roy,58,Female,115000,D02,5,No,1,2023-04-28
E08608,Abhijit Das,55,Male,111000,D02,3,No,6,2018-11-24
E08609,Sonal Dubey,41,Female,64000,D04,5,No,12,2012-10-22
E08610,Lakshmi Ghosh,25,Female,51500,D03,1,Yes,2,2022-10-27
E08611,Manoj Gupta,36,Male,99000,D05,2,No,1,2023-10-18
E08612,Ashwin Nair,37,Male,72000,D03,4,Yes,9,2015-08-25
E08613,Poornima Roy,53,Female,88000,D06,4,No,5,2019-07-17
E08614,Siddharth Joshi,55,Male,91000,D03,4,No,0,2024-05-10
E08615,Sunita Thakur,32,Female,57000,D02,2,No,3,2021-10-10
E08616,Shailesh Patil,28,Male,53500,D06,3,No,5,2019-05-08
E08617,Bharati Menon,42,Female,79500,D07,5,No,9,2015-06-18
E08618,Lakshmi Patel,40,Female,102500,D05,4,No,14,2010-12-22
E08619,Shruti Verma,33,Female,,D07,1,No,12,2012-05-10
E08620,Preeti Iyer,25,Female,49000,D03,1,Yes,2,2022-09-17
E08621,Girish Shenoy,55,Male,,D07,5,No,9,2015-05-03
E08622,Jyoti Joshi,57,Female,75000,D04,5,No,1,2023-08-09
E08623,Leena Thakur,43,Female,69500,D03,3,No,5,2019-12-18
E08624,Sameer Verma,56,Male,135000,D01,4,No,5,2019-08-28
E08625,Kartik Saxena,33,Male,,D03,2,No,6,2018-03-25
E08626,Rakesh Shah,33,Male,77000,D01,4,No,9,2015-06-28
E08627,Sunita Dubey,53,Female,75000,D04,4,Yes,5,2019-11-21
E08628,Ritu Patil,56,Female,147000,D05,5,No,7,2017-11-09
E08629,Abhijit Jain,22,Male,47500,D02,2,No,1,2023-11-25
E08630,Amit Verma,31,Male,61500,D02,2,No,5,2019-02-12
E08631,Swati Reddy,25,Female,43000,D03,1,No,0,2024-12-09
E08632,Nisha Gupta,47,Female,87000,D03,5,No,2,2022-03-09
E08633,Amol Kumar,29,Male,76500,D01,2,No,2,2022-10-03
E08634,Anil Shukla,39,Male,101500,D01,4,No,2,2022-02-15
E08635,Shruti Verma,36,Female,87000,D05,3,No,0,2024-02-08
E08636,Pooja Kulkarni,25,Female,49500,D02,3,No,1,2023-02-08
E08637,Vivek Nair,55,Male,85500,D06,5,No,3,2021-08-28
E08638,Vandana Chauhan,29,Female,52500,D03,4,No,8,2016-02-12
E08639,Arjun Chauhan,36,Male,72000,D07,3,No,11,2013-06-17
E08640,Anil Nair,27,Male,55000,D02,3,No,6,2018-09-20
E08641,Rajesh Yadav,46,Male,96000,D02,4,No,13,2011-06-26
E08642,Pratik Sharma,35,Male,,D01,2,No,1,2023-09-14
E08643,Piyush Ghosh,46,Male,59500,D04,4,Yes,1,2023-09-12
E08644,Ruchika Pillai,55,Female,93000,D07,4,No,1,2023-10-02
E08645,Tanvi Shenoy,45,Female,116000,D01,4,No,7,2017-08-28
E08646,Namita Kulkarni,27,Female,44000,D03,3,No,0,2024-03-07
E08647,Nandita Kaur,58,Female,99500,D07,5,No,15,2009-05-25
E08648,Hemant Shah,48,Male,91000,D07,5,No,15,2009-09-11
E08649,Priya Pandey,54,Female,71500,D04,4,No,3,2021-08-13
E08650,Anita Gupta,54,Female,101000,D02,4,No,16,2008-05-19
E08651,Piyush Jain,43,Male,118000,D05,5,No,13,2011-04-03
E08652,Sameer Kulkarni,52,Male,,D05,4,No,16,2008-09-21
E08653,Sonal Verma,58,Female,100000,D03,5,Yes,12,2012-01-11
E08654,Dinesh Bhosale,28,Male,,D02,2,Yes,5,2019-02-11
E08655,Ashwin Roy,54,Male,,D03,5,Yes,1,2023-03-17
E08656,Shailesh Shah,24,Male,64500,D05,3,No,1,2023-10-07
E08657,Ananya Agarwal,23,Female,44000,D06,2,No,2,2022-04-27
E08658,Lokesh Gupta,57,Male,105000,D07,5,No,0,2024-09-06
E08659,Shruti Pandey,47,Female,61000,D04,4,Yes,9,2015-11-17
E08660,Megha Ghosh,43,Female,105000,D05,5,No,0,2024-01-21
E08661,Nitin Shenoy,44,Male,118000,D05,3,No,9,2015-02-14
E08662,Anil Pillai,34,Male,84500,D01,2,No,7,2017-04-24
E08663,Deepika Shukla,37,Female,97500,D05,1,No,15,2009-08-23
E08664,Vinay Kaur,43,Male,87500,D02,4,No,1,2023-04-01
E08665,Aparna Thakur,53,Female,97000,D03,5,No,3,2021-05-11
E08666,Nisha Thakur,54,Female,98500,D03,4,No,9,2015-04-10
E08667,Ajay Agarwal,57,Male,106000,D02,4,No,5,2019-05-14
E08668,Gaurav Shenoy,51,Male,75500,D06,4,Yes,10,2014-04-21
E08669,Meera Bhosale,56,Female,94500,D03,4,No,16,2008-08-28
E08670,Poornima Jain,34,Female,62000,D02,2,No,12,2012-02-14
E08671,Karan Pandey,34,Male,54500,D06,3,No,13,2011-01-27
E08672,Vinay Roy,58,Male,105000,D07,4,Yes,1,2023-10-01
E08673,Suresh Thakur,58,Male,105000,D07,4,Yes,16,2008-08-01
E08674,Nandita Patil,35,Female,,D07,4,No,6,2018-09-17
E08675,Shailesh Nambiar,22,Male,35000,D04,2,No,0,2024-07-28
E08676,Varun Pawar,49,Male,102500,D02,5,No,2,2022-02-19
E08677,Sudhir Patil,27,Male,44000,D06,2,No,0,2024-09-18
E08678,Manoj Malhotra,57,Male,69500,D04,4,No,16,2008-06-18
E08679,Padmaja Kaur,44,Female,73000,D07,5,No,6,2018-06-12
E08680,Megha Pillai,32,Female,54000,D03,4,No,7,2017-06-20
E08681,Shruti Dubey,50,Female,118000,D01,2,No,5,2019-03-26
E08682,Pranav Rao,53,Male,89000,D07,3,No,4,2020-05-01
E08683,Sudhir Chauhan,58,Male,150000,D05,5,No,16,2008-06-19
E08684,Jyoti Bhatt,53,Female,99500,D07,3,No,3,2021-05-19
E08685,Aakash Thakur,58,Male,150000,D05,5,No,10,2014-02-01
E08686,Chetana Nair,45,Female,66000,D06,3,Yes,13,2011-05-01
E08687,Rohit Shukla,28,Male,46500,D06,1,Yes,5,2019-10-12
E08688,Karan Dubey,53,Male,94000,D07,4,No,3,2021-08-27
E08689,Karan Malhotra,30,Male,69500,D01,1,No,2,2022-12-25
E08690,Padmaja Nair,56,Female,111500,D02,4,Yes,10,2014-11-20
E08691,Smita Singh,41,Female,106000,D05,4,No,1,2023-05-25
E08692,Sneha Dubey,40,Female,83500,D02,4,Yes,3,2021-07-23
E08693,Padmaja Dubey,50,Female,,D04,5,No,15,2009-06-20
E08694,Lokesh Mehta,51,Male,68000,D04,4,No,8,2016-05-09
E08695,Riddhi Gupta,36,Female,83500,D01,2,Yes,12,2012-12-23
E08696,Suresh Pandey,57,Male,99500,D07,4,No,6,2018-12-02
E08697,Sheetal Iyer,30,Female,40500,D04,2,Yes,9,2015-10-27
E08698,Shweta Kaur,55,Female,96000,D07,4,No,0,2024-02-01
E08699,Pallavi Jain,55,Female,135500,D05,5,No,3,2021-10-06
E08700,Lakshmi Shenoy,32,Female,56500,D07,3,No,0,2024-11-20
E08701,Ritu Jain,26,Female,44500,D03,3,No,1,2023-10-28
E08702,Rajesh Pillai,22,Male,42000,D07,2,No,1,2023-11-01
E08703,Sonal Kaur,54,Female,92500,D03,3,No,10,2014-10-11
E08704,Kavya Desai,23,Female,48000,D07,3,Yes,0,2024-06-09
E08705,Sneha Verma,43,Female,81000,D02,5,No,11,2013-09-25
E08706,Sheetal Roy,47,Female,122500,D05,2,No,2,2022-03-03
E08707,Ashwin Bhosale,50,Male,101000,D02,5,Yes,14,2010-09-07
E08708,Deepa Kulkarni,37,Female,63000,D03,2,Yes,15,2009-04-01
E08709,Sonal Nair,46,Female,79500,D03,3,No,7,2017-09-15
E08710,Meera Malhotra,31,Female,57500,D06,2,No,0,2024-06-02
E08711,Rupali Jain,46,Female,67000,D04,4,Yes,12,2012-03-25
E08712,Deepa Shah,36,Female,70500,D07,3,No,5,2019-07-12
E08713,Rupali Thakur,25,Female,58500,D02,2,No,3,2021-06-06
E08714,Archana Shukla,33,Female,81500,D01,2,Yes,6,2018-08-23
E08715,Pallavi Reddy,49,Female,88500,D03,4,No,3,2021-06-08
E08716,Sameer Shukla,42,Male,60500,D04,3,Yes,16,2008-06-03
E08717,Mohit Das,43,Male,68500,D03,4,No,6,2018-02-27
E08718,Shweta Nambiar,46,Female,118000,D01,4,No,2,2022-04-12
E08719,Namita Pawar,51,Female,83000,D06,5,No,10,2014-01-06
E08720,Ramesh Singh,26,Male,57500,D01,2,Yes,4,2020-02-19
E08721,Jyoti Kaur,36,Female,,D06,3,No,1,2023-09-05
E08722,Sudhir Chauhan,53,Male,143000,D05,4,No,1,2023-09-16
E08723,Saurabh Menon,57,Male,106000,D02,5,No,1,2023-10-07
E08724,Bharati Shah,49,Female,113500,D01,4,No,4,2020-03-15
E08725,Tushar Shenoy,33,Male,,D06,1,No,7,2017-02-27
E08726,Nilesh Shenoy,36,Male,70000,D02,1,No,10,2014-02-05
E08727,Sudhir Patil,36,Male,101500,D05,4,No,6,2018-04-10
E08728,Rajesh Sharma,24,Male,,D07,3,No,0,2024-08-09
E08729,Poornima Patil,57,Female,115000,D02,4,Yes,7,2017-04-13
E08730,Rakesh Dubey,44,Male,79000,D07,5,No,0,2024-06-05
E08731,Chetan Agarwal,53,Male,101000,D07,3,Yes,14,2010-12-04
E08732,Jyoti Dubey,56,Female,75000,D04,5,No,15,2009-11-16
E08733,Archana Singh,30,Female,58500,D03,2,No,8,2016-04-24
E08734,Preeti Bhat,52,Female,64000,D04,4,No,1,2023-08-06
E08735,Leena Reddy,28,Female,60000,D07,3,No,2,2022-11-24
E08736,Ajay Shenoy,46,Male,77000,D07,4,No,14,2010-10-06
E08737,Pranav Menon,30,Male,50000,D03,3,No,4,2020-07-26
E08738,Deepak Shukla,30,Male,42500,D04,2,No,9,2015-02-20
E08739,Rahul Iyer,40,Male,94500,D01,4,No,8,2016-05-19
E08740,Padmaja Shah,47,Female,61000,D04,3,No,12,2012-10-22
E08741,Poonam Shenoy,37,Female,,D07,4,No,0,2024-10-26
E08742,Sunil Tiwari,25,Male,40500,D06,2,No,2,2022-01-27
E08743,Chetana Menon,49,Female,86000,D07,4,No,1,2023-09-12
E08744,Pooja Saxena,45,Female,55000,D04,4,Yes,5,2019-09-04
E08745,Ananya Tiwari,30,Female,43000,D04,2,No,1,2023-07-19
E08746,Amol Pawar,46,Male,65500,D04,5,Yes,7,2017-02-10
E08747,Roshni Gupta,42,Female,73000,D06,4,No,0,2024-12-05
E08748,Padmaja Joshi,23,Female,45000,D02,3,No,2,2022-11-04
E08749,Megha Ghosh,31,Female,40500,D04,2,No,9,2015-07-08
E08750,Poonam Reddy,46,Female,,D02,4,No,13,2011-11-13
E08751,Suresh Shah,52,Male,130500,D01,5,No,15,2009-09-05
E08752,Anita Patil,49,Female,117000,D01,3,No,14,2010-06-05
E08753,Poonam Kumar,33,Female,,D05,2,No,10,2014-03-12
E08754,Devendra Iyer,54,Male,,D04,5,No,8,2016-03-21
E08755,Leena Saxena,26,Female,49500,D07,2,Yes,1,2023-11-19
E08756,Anita Roy,35,Female,85500,D05,3,Yes,7,2017-04-28
E08757,Chetana Chauhan,56,Female,74000,D04,3,No,15,2009-01-09
E08758,Pratik Yadav,38,Male,70500,D02,3,No,2,2022-06-23
E08759,Vinay Iyer,52,Male,96000,D02,4,No,15,2009-04-24
E08760,Tushar Reddy,40,Male,102500,D05,4,No,13,2011-08-11
E08761,Sameer Singh,52,Male,91500,D03,4,No,7,2017-08-12
E08762,Nilesh Das,45,Male,73500,D03,4,No,2,2022-07-13
E08763,Dinesh Jain,56,Male,95000,D03,5,No,13,2011-12-28
E08764,Pooja Nambiar,31,Female,55500,D02,4,No,2,2022-05-17
E08765,Tejas Iyer,24,Male,52500,D02,3,No,3,2021-03-24
E08766,Nitin Iyer,42,Male,70000,D03,3,No,16,2008-04-04
E08767,Vinay Reddy,24,Male,,D07,2,No,0,2024-08-20
E08768,Namita Singh,57,Female,94500,D03,4,No,2,2022-03-27
E08769,Ajit Singh,28,Male,,D03,2,No,6,2018-04-04
E08770,Dinesh Reddy,54,Male,134500,D05,5,No,0,2024-12-10
E08771,Ritu Patel,27,Female,61000,D01,2,Yes,3,2021-10-23
E08772,Siddharth Pawar,52,Male,89000,D06,4,No,4,2020-10-16
E08773,Manasi Thakur,50,Female,105000,D02,4,Yes,4,2020-10-10
E08774,Ruchika Iyer,46,Female,74000,D06,4,No,7,2017-04-17
E08775,Reena Chauhan,25,Female,44000,D04,1,No,1,2023-08-20
E08776,Sanket Patel,46,Male,120000,D05,4,No,11,2013-01-15
E08777,Namita Shenoy,29,Female,43500,D06,3,No,5,2019-05-13
E08778,Manoj Yadav,51,Male,95000,D03,5,No,7,2017-12-08
E08779,Deepa Kumar,25,Female,57500,D02,3,No,2,2022-07-22
E08780,Aparna Bhatt,58,Female,150000,D05,4,No,14,2010-02-10
E08781,Bharati Pillai,30,Female,43500,D04,3,No,5,2019-05-01
E08782,Deepak Desai,57,Male,90500,D03,4,No,6,2018-07-26
E08783,Pallavi Desai,52,Female,140500,D05,5,Yes,4,2020-09-24
E08784,Madhuri Yadav,55,Female,127500,D01,5,No,2,2022-02-23
E08785,Tejas Dubey,32,Male,61000,D07,2,No,5,2019-08-22
E08786,Sneha Dubey,44,Female,72500,D06,5,Yes,4,2020-06-13
E08787,Vikram Gupta,37,Male,,D06,3,No,3,2021-01-25
E08788,Poonam Singh,22,Female,44000,D07,1,No,0,2024-01-08
E08789,Amol Shukla,41,Male,78000,D07,4,No,9,2015-08-09
E08790,Archana Ghosh,40,Female,97500,D01,4,No,12,2012-04-18
E08791,Rajesh Pandey,45,Male,83000,D03,4,Yes,9,2015-08-01
E08792,Ashwin Saxena,22,Male,35000,D04,3,No,0,2024-10-17
E08793,Suresh Patel,53,Male,82000,D06,5,No,4,2020-02-11
E08794,Tanvi Gupta,36,Female,54500,D06,2,No,3,2021-06-05
E08795,Preeti Iyer,31,Female,77500,D01,1,No,10,2014-11-03
E08796,Nandita Dubey,37,Female,91000,D05,4,No,1,2023-01-24
E08797,Sudhir Jain,25,Male,42000,D07,2,No,3,2021-03-28
E08798,Vrinda Yadav,45,Female,94000,D02,4,No,12,2012-09-27
E08799,Sanket Menon,47,Male,93000,D07,5,No,16,2008-02-26
E08800,Kartik Patel,48,Male,132000,D05,5,No,16,2008-09-02
E08801,Amol Shenoy,26,Male,45000,D04,1,No,0,2024-11-01
E08802,Padmaja Sharma,50,Female,91000,D03,5,No,8,2016-04-21
E08803,Aakash Bhosale,35,Male,97500,D05,2,Yes,9,2015-02-10
E08804,Poonam Menon,23,Female,45000,D02,4,Yes,1,2023-07-10
E08805,Reena Thakur,31,Female,48500,D06,1,No,2,2022-11-19
E08806,Sameer Yadav,22,Male,40000,D03,3,No,1,2023-09-23
E08807,Sanjay Chauhan,57,Male,137500,D01,4,No,15,2009-03-05
E08808,Shweta Pillai,33,Female,47500,D04,3,No,8,2016-12-24
E08809,Sunil Sharma,49,Male,130500,D05,5,No,15,2009-06-17
E08810,Mohit Dubey,31,Male,56000,D07,2,No,9,2015-09-16
E08811,Deepak Bhat,58,Male,71000,D04,4,No,13,2011-10-01
E08812,Shailesh Patil,50,Male,114500,D01,5,No,9,2015-02-11
E08813,Riddhi Mehta,50,Female,73500,D04,5,No,10,2014-08-28
E08814,Ashwin Das,50,Male,,D04,3,No,5,2019-07-20
E08815,Neha Menon,36,Female,,D04,4,No,5,2019-06-07
E08816,Deepa Mehta,35,Female,67500,D07,3,No,14,2010-12-04
E08817,Madhuri Singh,37,Female,77000,D02,4,No,4,2020-04-04
E08818,Sunita Yadav,26,Female,56500,D07,2,Yes,3,2021-01-11
E08819,Tushar Shah,40,Male,72500,D07,4,No,1,2023-02-02
E08820,Sheetal Kumar,27,Female,38500,D06,2,Yes,6,2018-04-19
E08821,Rohit Singh,45,Male,76000,D07,4,No,12,2012-09-03
E08822,Rahul Malhotra,46,Male,76000,D03,3,No,4,2020-07-27
E08823,Sameer Nair,38,Male,57500,D06,1,No,5,2019-10-11
E08824,Nisha Gupta,33,Female,,D03,1,No,9,2015-08-11
E08825,Manasi Thakur,39,Female,,D06,3,No,6,2018-02-04
E08826,Neha Malhotra,52,Female,83000,D03,3,No,2,2022-10-25
E08827,Gaurav Gupta,41,Male,70500,D07,4,No,7,2017-12-01
E08828,Sunil Verma,39,Male,55000,D04,3,No,4,2020-08-16
E08829,Shailesh Agarwal,49,Male,74000,D06,4,No,4,2020-12-14
E08830,Varun Patel,29,Male,42000,D04,2,Yes,3,2021-08-27
E08831,Ramesh Bhosale,53,Male,102000,D02,4,No,10,2014-08-27
E08832,Megha Shukla,46,Female,68500,D04,4,No,1,2023-09-25
E08833,Priya Kumar,57,Female,92000,D03,5,No,9,2015-10-14
E08834,Tanvi Ghosh,27,Female,74500,D05,3,No,5,2019-02-24
E08835,Shailesh Ghosh,52,Male,,D03,5,No,0,2024-11-07
E08836,Pratik Pillai,55,Male,100500,D07,4,No,16,2008-03-20
E08837,Shweta Bhat,53,Female,139000,D05,3,No,16,2008-09-25
E08838,Gaurav Reddy,28,Male,44000,D03,3,No,1,2023-02-22
E08839,Priya Jain,38,Female,,D03,4,Yes,9,2015-01-28
E08840,Amit Mehta,33,Male,60000,D03,2,No,6,2018-07-26
E08841,Nisha Mehta,35,Female,87500,D05,1,No,11,2013-06-08
E08842,Tejas Kaur,43,Male,112500,D05,4,No,11,2013-08-16
E08843,Vandana Ghosh,28,Female,56000,D02,4,No,6,2018-06-04
E08844,Sonal Shah,22,Female,60000,D01,1,No,1,2023-10-02
E08845,Sameer Patil,48,Male,,D04,4,No,4,2020-01-14
E08846,Deepak Gupta,27,Male,70500,D01,1,No,3,2021-05-12
E08847,Rajesh Malhotra,51,Male,,D02,4,No,1,2023-02-03
E08848,Amit Kulkarni,43,Male,112500,D05,4,No,7,2017-08-02
E08849,Namita Mehta,45,Female,105000,D01,3,No,4,2020-03-21
E08850,Amol Roy,23,Male,57000,D01,1,No,2,2022-12-24
E08851,Nandita Gupta,39,Female,,D03,3,No,8,2016-08-04
E08852,Vikram Jain,44,Male,75000,D06,3,No,3,2021-06-17
E08853,Ruchika Bhatt,54,Female,82500,D06,5,No,12,2012-10-16
E08854,Harish Malhotra,54,Male,147500,D05,5,No,3,2021-02-15
E08855,Sameer Kulkarni,43,Male,99500,D01,2,No,0,2024-06-09
E08856,Bharati Bhosale,49,Female,90000,D07,3,No,4,2020-06-10
E08857,Rohit Agarwal,49,Male,126500,D01,5,No,15,2009-08-18
E08858,Megha Dubey,36,Female,101000,D05,4,No,11,2013-11-15
E08859,Namita Sharma,43,Female,75000,D03,4,No,12,2012-08-09
E08860,Sudhir Nambiar,52,Male,129000,D05,5,No,6,2018-07-06
E08861,Sonal Nair,34,Female,63000,D07,2,Yes,10,2014-05-02
E08862,Saurabh Thakur,52,Male,87500,D06,5,No,7,2017-03-05
E08863,Dinesh Iyer,23,Male,44000,D06,2,No,0,2024-03-18
E08864,Sanjay Nambiar,33,Male,49500,D04,2,Yes,5,2019-07-05
E08865,Ritu Dubey,36,Female,71500,D02,2,Yes,14,2010-05-23
E08866,Anil Verma,52,Male,,D03,4,No,16,2008-12-04
E08867,Anil Verma,27,Male,,D06,1,Yes,1,2023-05-24
E08868,Priya Roy,31,Female,45500,D04,3,No,1,2023-06-26
E08869,Reena Shenoy,52,Female,,D03,5,Yes,11,2013-11-06
E08870,Suresh Shukla,36,Male,96500,D05,2,No,12,2012-04-12
E08871,Madhuri Nambiar,33,Female,47500,D04,3,No,5,2019-01-08
E08872,Anita Shenoy,46,Female,65500,D06,4,No,3,2021-01-03
E08873,Karan Saxena,32,Male,80500,D01,3,No,9,2015-11-18
E08874,Aparna Gupta,53,Female,,D02,4,No,3,2021-03-12
E08875,Swati Gupta,46,Female,85500,D02,3,No,8,2016-01-05
E08876,Devendra Agarwal,30,Male,81000,D01,1,Yes,7,2017-02-22
E08877,Sanket Agarwal,27,Male,58500,D07,3,No,2,2022-11-27
E08878,Sonal Mishra,58,Female,100000,D07,4,No,11,2013-04-25
E08879,Anita Malhotra,44,Female,112500,D05,3,No,15,2009-07-06
E08880,Trupti Shah,55,Female,69000,D04,5,No,5,2019-09-18
E08881,Ananya Menon,49,Female,94000,D02,3,No,10,2014-09-12
E08882,Aakash Bhatt,50,Male,92500,D02,4,No,7,2017-12-18
E08883,Pooja Verma,55,Female,,D04,5,No,5,2019-07-26
E08884,Priya Nambiar,49,Female,133000,D05,5,No,8,2016-03-11
E08885,Kartik Malhotra,43,Male,76500,D03,3,No,7,2017-04-18
E08886,Amol Das,44,Male,73000,D06,4,No,3,2021-06-12
E08887,Sejal Bhatt,58,Female,89500,D06,5,No,11,2013-11-08
E08888,Sudha Menon,53,Female,82000,D06,5,No,13,2011-02-04
E08889,Sejal Mehta,43,Female,75000,D06,4,No,16,2008-12-14
E08890,Deepa Shenoy,50,Female,106500,D02,3,Yes,16,2008-11-10
E08891,Sonal Bhat,39,Female,74000,D07,2,No,11,2013-11-09
E08892,Karan Kumar,55,Male,67000,D04,4,No,4,2020-09-27
E08893,Sameer Dubey,25,Male,49500,D03,2,Yes,1,2023-09-01
E08894,Ramesh Pillai,31,Male,58500,D03,2,Yes,0,2024-04-01
E08895,Poonam Jain,33,Female,74000,D02,2,No,10,2014-05-25
E08896,Sejal Patil,54,Female,137500,D05,5,No,13,2011-01-17
E08897,Nilesh Bhat,43,Male,82500,D03,4,Yes,15,2009-08-09
E08898,Chetan Jain,34,Male,96500,D05,3,No,11,2013-10-02
E08899,Siddharth Kulkarni,53,Male,85500,D03,5,No,8,2016-07-01
E08900,Rahul Shukla,45,Male,86000,D07,2,No,16,2008-11-10
E08901,Shailesh Yadav,45,Male,76500,D06,5,No,8,2016-01-04
E08902,Sneha Pillai,42,Female,69500,D03,3,Yes,4,2020-06-28
E08903,Sanjay Tiwari,45,Male,,D01,4,No,5,2019-11-14
E08904,Chetan Malhotra,44,Male,79000,D03,3,No,12,2012-09-27
E08905,Preeti Verma,49,Female,60000,D04,2,No,16,2008-08-11
E08906,Poonam Pillai,46,Female,96000,D02,4,No,3,2021-09-10
E08907,Ruchika Tiwari,55,Female,100000,D03,4,No,3,2021-02-14
E08908,Sheetal Iyer,33,Female,54500,D07,2,Yes,9,2015-10-03
E08909,Rakesh Yadav,50,Male,,D01,5,No,15,2009-02-21
E08910,Devendra Reddy,40,Male,100000,D05,4,No,11,2013-01-20
E08911,Arjun Rao,54,Male,65500,D04,5,No,3,2021-09-20
E08912,Ananya Singh,51,Female,138500,D05,5,No,4,2020-07-28
E08913,Pranav Desai,28,Male,80000,D05,1,No,1,2023-01-21
E08914,Reena Shah,48,Female,91000,D02,4,No,8,2016-06-07
E08915,Ashwin Thakur,56,Male,90000,D06,5,Yes,3,2021-02-20
E08916,Karan Mishra,31,Male,57000,D07,2,Yes,0,2024-04-09
E08917,Riddhi Singh,41,Female,82500,D02,4,No,0,2024-08-12
E08918,Varun Thakur,42,Male,108000,D05,3,No,9,2015-05-11
E08919,Divya Reddy,27,Female,53500,D07,3,No,1,2023-05-04
E08920,Anita Roy,36,Female,69500,D03,4,No,15,2009-06-08
E08921,Manoj Shah,25,Male,56000,D02,4,No,3,2021-03-08
E08922,Pooja Kaur,37,Female,82500,D01,3,No,4,2020-01-15
E08923,Amol Tiwari,55,Male,,D01,4,Yes,3,2021-12-16
E08924,Ramesh Bhosale,32,Male,48500,D06,3,No,0,2024-12-18
E08925,Divya Shukla,54,Female,132000,D01,4,No,14,2010-09-17
E08926,Mohit Patel,52,Male,,D04,4,Yes,10,2014-01-08
E08927,Arjun Mishra,29,Male,58000,D02,1,No,1,2023-10-17
E08928,Sunita Nambiar,42,Female,71000,D07,4,Yes,9,2015-11-27
E08929,Mohit Reddy,25,Male,40000,D03,2,No,3,2021-04-05
E08930,Reena Patel,22,Female,45000,D02,4,No,0,2024-05-24
E08931,Leena Shukla,58,Female,100000,D03,5,No,16,2008-02-23
E08932,Pranav Verma,55,Male,109500,D02,4,No,5,2019-02-03
E08933,Piyush Thakur,38,Male,93500,D01,4,No,7,2017-11-21
E08934,Sameer Nambiar,35,Male,85500,D01,3,Yes,10,2014-07-21
E08935,Manish Saxena,26,Male,58000,D01,3,No,0,2024-10-10
E08936,Hemant Pandey,48,Male,,D04,4,No,10,2014-09-14
E08937,Kavya Roy,41,Female,79000,D07,4,No,1,2023-05-06
E08938,Tejas Jain,25,Male,61000,D01,3,No,3,2021-04-07
E08939,Preeti Bhat,26,Female,47500,D04,2,No,4,2020-09-10
E08940,Ashwin Roy,53,Male,94500,D03,4,No,8,2016-09-11
E08941,Girish Thakur,28,Male,59000,D07,4,No,6,2018-05-25
E08942,Bharati Verma,40,Female,58500,D04,5,Yes,9,2015-12-01
E08943,Reena Patel,34,Female,68500,D02,2,No,0,2024-10-21
E08944,Ritu Mehta,46,Female,80000,D07,4,No,2,2022-06-15
E08945,Shweta Mishra,42,Female,,D06,3,No,7,2017-07-09
E08946,Lokesh Shukla,40,Male,62000,D06,5,No,4,2020-10-24
E08947,Bharati Patil,40,Female,,D06,4,No,1,2023-02-10
E08948,Pranav Ghosh,53,Male,93500,D07,5,No,4,2020-09-20
E08949,Mohit Nambiar,37,Male,70500,D07,3,No,13,2011-05-07
E08950,Sejal Dubey,49,Female,79000,D06,5,Yes,15,2009-08-21
E08951,Gayatri Gupta,48,Female,69000,D04,5,Yes,0,2024-01-25
E08952,Arjun Nair,41,Male,75000,D02,3,No,2,2022-01-01
E08953,Aparna Reddy,35,Female,57500,D03,3,No,6,2018-06-28
E08954,Chetan Mehta,48,Male,98500,D02,5,No,7,2017-07-11
E08955,Meera Jain,49,Female,132000,D05,5,No,11,2013-08-09
E08956,Sunil Singh,56,Male,,D07,5,No,7,2017-04-21
E08957,Pranav Bhosale,34,Male,57500,D03,2,Yes,8,2016-08-19
E08958,Swati Pandey,48,Female,131000,D05,4,No,6,2018-11-23
E08959,Kartik Das,39,Male,55000,D06,2,No,11,2013-06-07
E08960,Hemant Kumar,35,Male,67000,D03,4,No,0,2024-04-23
E08961,Devendra Pawar,51,Male,121000,D01,4,No,1,2023-07-03
E08962,Nandita Gupta,25,Female,54000,D07,3,No,1,2023-09-17
E08963,Nilesh Singh,40,Male,94500,D01,4,Yes,15,2009-10-10
E08964,Harish Rao,48,Male,78000,D03,3,No,6,2018-10-07
E08965,Komal Malhotra,38,Female,64500,D03,3,No,5,2019-06-21
E08966,Padmaja Iyer,23,Female,,D03,2,No,0,2024-10-07
E08967,Nisha Yadav,39,Female,61000,D04,4,No,15,2009-09-15
E08968,Ajay Kulkarni,45,Male,74000,D03,4,No,6,2018-07-13
E08969,Pratik Patil,32,Male,59500,D06,2,No,0,2024-10-13
E08970,Anil Menon,42,Male,66000,D06,4,No,10,2014-08-18
E08971,Priya Shenoy,25,Female,70000,D05,2,No,3,2021-02-02
E08972,Swati Das,38,Female,56500,D04,4,No,2,2022-06-19
E08973,Siddharth Patel,22,Male,35000,D04,2,No,1,2023-11-17
E08974,Neha Kulkarni,30,Female,59000,D02,3,No,5,2019-06-22
E08975,Tejas Shah,30,Male,82500,D05,3,No,9,2015-04-04
E08976,Hemant Verma,43,Male,103500,D01,3,No,13,2011-11-12
E08977,Rohit Yadav,39,Male,,D04,3,No,14,2010-05-20
E08978,Chetana Das,41,Female,81000,D07,4,No,12,2012-03-09
E08979,Preeti Pandey,49,Female,114500,D01,5,No,8,2016-02-03
E08980,Sejal Jain,28,Female,,D02,2,No,0,2024-11-20
E08981,Megha Jain,25,Female,38000,D06,2,No,4,2020-05-14
E08982,Aakash Saxena,42,Male,55500,D04,3,Yes,6,2018-04-19
E08983,Riddhi Bhatt,23,Female,41500,D04,3,Yes,1,2023-09-01
E08984,Poonam Mishra,34,Female,47500,D06,1,No,7,2017-12-26
E08985,Ruchika Nair,26,Female,46000,D03,1,No,1,2023-12-08
E08986,Bharati Pandey,45,Female,80000,D07,5,No,13,2011-09-09
E08987,Manoj Shenoy,57,Male,71500,D04,5,Yes,12,2012-10-23
E08988,Riddhi Bhat,30,Female,81500,D01,3,No,2,2022-09-21
E08989,Gayatri Chauhan,43,Female,66000,D04,5,No,13,2011-08-07
E08990,Kavya Bhosale,28,Female,,D07,2,No,7,2017-10-26
E08991,Abhijit Bhat,45,Male,107500,D01,4,No,4,2020-01-28
E08992,Deepak Bhat,55,Male,64000,D04,3,No,13,2011-08-17
E08993,Manish Patil,45,Male,77500,D06,5,No,16,2008-11-21
E08994,Chetana Sharma,23,Female,38000,D06,1,No,2,2022-09-26
E08995,Bharat Tiwari,23,Male,35000,D04,2,Yes,0,2024-05-18
E08996,Siddharth Kaur,43,Male,,D01,3,Yes,14,2010-08-09
E08997,Deepa Menon,23,Female,43000,D04,4,Yes,0,2024-05-17
E08998,Preeti Desai,27,Female,53000,D03,2,No,1,2023-02-07
E08999,Devendra Malhotra,29,Male,,D03,3,No,8,2016-06-24
E09000,Ruchika Bhat,55,Female,93000,D03,5,No,12,2012-02-14
E09001,Riddhi Rao,57,Female,150000,D05,5,No,6,2018-12-08
E09002,Sheetal Yadav,56,Female,,D01,5,No,16,2008-12-20
E09003,Tejas Das,47,Male,58500,D04,2,No,14,2010-10-13
E09004,Madhuri Gupta,40,Female,106500,D05,3,No,1,2023-04-07
E09005,Preeti Shah,33,Female,68000,D07,4,No,10,2014-06-21
E09006,Roshni Dubey,55,Female,112000,D02,4,No,13,2011-08-22
E09007,Trupti Singh,55,Female,91000,D03,4,Yes,4,2020-05-02
E09008,Preeti Patel,45,Female,73000,D03,4,No,2,2022-03-12
E09009,Deepa Iyer,38,Female,70500,D03,5,No,11,2013-03-02
E09010,Chetan Thakur,40,Male,98000,D05,1,No,11,2013-11-01
E09011,Pooja Bhatt,54,Female,85500,D03,5,No,10,2014-03-25
E09012,Arjun Bhosale,36,Male,55500,D04,4,Yes,4,2020-01-17
E09013,Gayatri Tiwari,39,Female,58500,D06,1,No,16,2008-01-14
E09014,Komal Bhat,54,Female,125000,D01,4,No,7,2017-05-01
E09015,Sonal Joshi,49,Female,112500,D01,2,Yes,16,2008-09-25
E09016,Bharat Tiwari,22,Male,44000,D07,3,Yes,1,2023-01-15
E09017,Bharat Yadav,40,Male,63500,D03,3,No,2,2022-02-13
E09018,Bharati Kaur,39,Female,63500,D06,4,No,15,2009-11-02
E09019,Sunita Thakur,25,Female,68000,D01,3,Yes,0,2024-11-22
E09020,Aakash Pandey,35,Male,62500,D03,3,No,4,2020-03-19
E09021,Jyoti Kaur,53,Female,133000,D05,5,No,0,2024-10-01
E09022,Amol Verma,33,Male,58000,D06,3,No,8,2016-01-27
E09023,Tushar Kulkarni,22,Male,60000,D05,1,No,0,2024-10-26
E09024,Vrinda Reddy,44,Female,86500,D07,3,No,13,2011-12-16
E09025,Ruchika Nambiar,57,Female,106500,D02,3,No,0,2024-07-20
E09026,Sanjay Roy,53,Male,87000,D03,4,No,11,2013-10-13
E09027,Gayatri Malhotra,44,Female,76000,D07,4,No,6,2018-08-16
E09028,Ananya Tiwari,50,Female,125000,D05,5,Yes,14,2010-07-27
E09029,Smita Nair,54,Female,123000,D01,4,No,4,2020-05-26
E09030,Jyoti Sharma,38,Female,,D07,4,No,16,2008-05-27
E09031,Smita Kaur,47,Female,85500,D07,4,No,4,2020-12-17
E09032,Gayatri Bhosale,55,Female,141000,D05,4,No,6,2018-03-24
E09033,Namita Pawar,33,Female,67500,D07,3,No,4,2020-05-09
E09034,Sunita Iyer,27,Female,50000,D03,3,No,2,2022-01-10
E09035,Trupti Nambiar,40,Female,72500,D03,3,No,3,2021-06-27
E09036,Madhuri Tiwari,34,Female,67500,D02,3,No,6,2018-03-12
E09037,Vandana Patel,49,Female,131000,D05,4,No,9,2015-05-09
E09038,Sudha Nambiar,37,Female,65000,D03,1,No,16,2008-05-13
E09039,Tanvi Patel,34,Female,70500,D07,3,No,12,2012-01-24
E09040,Ajay Verma,35,Male,61000,D06,2,Yes,11,2013-12-22
E09041,Divya Mishra,23,Female,42000,D07,1,Yes,1,2023-06-21
E09042,Ritu Kumar,25,Female,41000,D04,2,Yes,3,2021-05-13
E09043,Abhijit Ghosh,23,Male,39500,D04,1,Yes,2,2022-05-05
E09044,Devendra Mishra,56,Male,143000,D05,5,No,4,2020-11-08
E09045,Sudha Malhotra,58,Female,,D05,4,No,9,2015-08-21
E09046,Madhuri Mehta,36,Female,91500,D01,2,No,2,2022-01-08
E09047,Sonal Dubey,32,Female,71500,D02,3,No,6,2018-02-04
E09048,Padmaja Bhosale,35,Female,81500,D01,3,Yes,10,2014-04-09
E09049,Harish Bhosale,30,Male,84000,D05,2,No,3,2021-06-24
E09050,Jyoti Chauhan,26,Female,42000,D04,1,No,3,2021-06-25
E09051,Amol Kaur,29,Male,51000,D02,3,No,6,2018-11-03
E09052,Manoj Reddy,51,Male,85000,D06,5,Yes,14,2010-06-06
E09053,Gayatri Mishra,44,Female,111000,D01,3,No,10,2014-02-19
E09054,Nisha Sharma,48,Female,61500,D04,5,No,16,2008-06-17
E09055,Swati Tiwari,56,Female,132000,D01,5,No,3,2021-10-25
E09056,Gaurav Das,29,Male,56000,D02,2,Yes,5,2019-05-06
E09057,Ritu Bhatt,30,Female,70500,D01,3,No,7,2017-02-24
E09058,Sudhir Gupta,38,Male,71500,D07,4,No,9,2015-12-15
E09059,Karan Ghosh,47,Male,61500,D04,4,Yes,1,2023-05-11
E09060,Sonal Yadav,30,Female,67500,D02,1,No,8,2016-03-25
E09061,Siddharth Roy,25,Male,52000,D02,3,No,4,2020-05-14
E09062,Varun Rao,52,Male,95000,D07,5,No,9,2015-01-19
E09063,Amol Roy,46,Male,83500,D03,3,No,16,2008-07-26
E09064,Ashwin Menon,37,Male,95500,D05,3,No,15,2009-12-04
E09065,Hemant Pawar,22,Male,62500,D01,3,No,0,2024-10-05
E09066,Girish Reddy,36,Male,70500,D02,3,Yes,1,2023-02-27
E09067,Vinay Bhatt,52,Male,100500,D07,3,No,0,2024-04-04
E09068,Ramesh Kulkarni,24,Male,65500,D05,2,No,1,2023-01-28
E09069,Abhijit Pawar,43,Male,79000,D02,4,No,4,2020-09-09
E09070,Aakash Thakur,31,Male,75000,D01,2,No,6,2018-05-22
E09071,Sameer Bhosale,38,Male,,D02,4,No,2,2022-08-17
E09072,Poornima Mishra,32,Female,57000,D07,2,No,7,2017-06-22
E09073,Chetan Dubey,47,Male,,D07,4,No,2,2022-01-28
E09074,Chetana Menon,28,Female,81000,D05,2,No,2,2022-07-23
E09075,Sanket Menon,29,Male,71500,D05,2,No,0,2024-09-18
E09076,Trupti Rao,33,Female,86500,D01,2,No,4,2020-08-10
E09077,Kavya Sharma,53,Female,81000,D06,5,No,16,2008-08-24
E09078,Poonam Kaur,55,Female,73000,D04,4,Yes,12,2012-01-18
E09079,Ashwin Jain,32,Male,53000,D04,2,No,6,2018-03-20
E09080,Ananya Pawar,50,Female,104500,D02,5,No,7,2017-11-02
E09081,Roshni Kaur,40,Female,96500,D01,3,No,5,2019-01-08
E09082,Preeti Shah,41,Female,70500,D07,4,No,0,2024-06-20
E09083,Ashwin Verma,37,Male,58500,D03,3,Yes,16,2008-04-17
E09084,Arjun Shenoy,28,Male,79500,D05,1,No,2,2022-03-21
E09085,Rahul Bhat,42,Male,71500,D03,3,No,9,2015-03-09
E09086,Divya Patil,58,Female,68500,D04,5,Yes,4,2020-05-06
E09087,Nisha Bhat,50,Female,95500,D02,4,No,12,2012-07-02
E09088,Sunita Tiwari,32,Female,58500,D03,2,Yes,10,2014-01-21
E09089,Vivek Menon,35,Male,43000,D04,4,No,5,2019-04-12
E09090,Sonal Pandey,45,Female,122500,D05,3,No,4,2020-09-21
E09091,Ramesh Tiwari,41,Male,61500,D04,3,No,7,2017-07-12
E09092,Ruchika Nair,22,Female,45000,D02,1,Yes,1,2023-07-03
E09093,Vinay Shah,35,Male,59000,D07,2,No,2,2022-06-21
E09094,Karan Shah,25,Male,59000,D01,2,Yes,2,2022-05-16
E09095,Abhijit Desai,54,Male,105000,D07,5,No,4,2020-11-13
E09096,Aparna Shah,57,Female,89000,D06,5,No,2,2022-09-27
E09097,Harish Desai,50,Male,,D01,3,No,6,2018-02-21
E09098,Bharat Singh,28,Male,,D06,1,No,2,2022-02-09
E09099,Amol Patel,42,Male,,D03,2,No,5,2019-03-25
E09100,Lakshmi Sharma,41,Female,,D07,4,Yes,13,2011-04-07
E09101,Anil Das,35,Male,92000,D05,2,No,13,2011-01-01
E09102,Sanket Mehta,22,Male,62500,D01,4,Yes,0,2024-07-03
E09103,Ananya Bhat,41,Female,61500,D04,4,Yes,11,2013-07-24
E09104,Meera Patel,25,Female,46000,D04,3,No,3,2021-11-25
E09105,Bharat Gupta,37,Male,45500,D04,2,Yes,16,2008-05-02
E09106,Anita Bhatt,24,Female,,D07,2,No,0,2024-02-17
E09107,Arjun Malhotra,53,Male,77500,D06,4,No,12,2012-12-03
E09108,Rakesh Patil,29,Male,45000,D06,3,No,7,2017-07-17
E09109,Bharat Roy,48,Male,82000,D06,3,No,6,2018-11-01
E09110,Aparna Sharma,32,Female,61500,D03,2,Yes,2,2022-09-09
E09111,Anita Rao,29,Female,64000,D02,1,No,0,2024-04-12
E09112,Lakshmi Pillai,58,Female,132000,D01,5,No,12,2012-08-06
E09113,Bharat Desai,33,Male,62500,D02,1,Yes,10,2014-02-21
E09114,Mohit Joshi,29,Male,42000,D04,1,No,7,2017-10-16
E09115,Smita Menon,30,Female,71500,D01,3,No,9,2015-12-16
E09116,Trupti Thakur,42,Female,68000,D03,2,No,15,2009-12-08
E09117,Shailesh Sharma,54,Male,133000,D01,5,No,16,2008-04-06
E09118,Lakshmi Bhatt,50,Female,90000,D07,5,No,16,2008-08-25
E09119,Varun Dubey,27,Male,39500,D06,3,No,5,2019-08-19
E09120,Rajesh Bhatt,34,Male,,D03,3,No,10,2014-06-23
E09121,Namita Ghosh,42,Female,77000,D07,3,No,12,2012-09-01
E09122,Anil Das,56,Male,90000,D06,4,No,16,2008-06-03
E09123,Padmaja Shenoy,26,Female,42000,D04,2,Yes,4,2020-02-25
E09124,Rajesh Verma,38,Male,90000,D01,3,Yes,7,2017-06-10
E09125,Anil Das,33,Male,88500,D01,1,No,0,2024-06-18
E09126,Sheetal Agarwal,26,Female,63500,D05,3,No,2,2022-07-19
E09127,Tushar Kumar,41,Male,105000,D01,4,No,11,2013-09-02
E09128,Rohit Shah,57,Male,75000,D04,5,No,4,2020-09-23
E09129,Archana Singh,34,Female,58500,D03,2,No,5,2019-02-03
E09130,Girish Pawar,55,Male,,D07,4,No,9,2015-01-08
E09131,Komal Patil,33,Female,62000,D03,2,Yes,0,2024-09-22
E09132,Padmaja Nair,49,Female,126500,D05,4,No,12,2012-09-05
E09133,Anita Ghosh,33,Female,60500,D03,1,No,7,2017-07-19
E09134,Deepa Reddy,43,Female,84500,D02,3,Yes,4,2020-02-06
E09135,Neha Chauhan,29,Female,,D01,3,No,3,2021-02-26
E09136,Rajesh Gupta,57,Male,136500,D01,4,No,6,2018-08-13
E09137,Dinesh Thakur,27,Male,49500,D02,3,No,4,2020-04-04
E09138,Bharat Shenoy,37,Male,91000,D01,2,No,12,2012-12-08
E09139,Anil Pawar,53,Male,127500,D01,5,No,8,2016-02-09
E09140,Aakash Saxena,39,Male,61500,D06,5,No,5,2019-11-22
E09141,Sneha Patel,56,Female,138000,D01,5,No,15,2009-10-09
E09142,Sameer Nambiar,44,Male,113000,D05,4,No,7,2017-05-25
E09143,Tanvi Kumar,35,Female,,D05,1,Yes,0,2024-02-07
E09144,Amit Rao,32,Male,56000,D03,1,Yes,2,2022-08-23
E09145,Shruti Rao,41,Female,104000,D05,4,No,2,2022-09-10
E09146,Sunil Sharma,31,Male,88500,D05,1,No,10,2014-06-01
E09147,Megha Mishra,35,Female,55500,D06,2,No,13,2011-12-26
E09148,Meera Malhotra,24,Female,,D02,3,No,3,2021-08-25
E09149,Arjun Malhotra,32,Male,64500,D07,2,No,4,2020-09-07
E09150,Poornima Sharma,28,Female,65000,D01,4,No,7,2017-08-11
E09151,Reena Jain,47,Female,66000,D04,5,No,6,2018-09-27
E09152,Suresh Kaur,50,Male,,D04,4,Yes,8,2016-06-27
E09153,Nitin Jain,43,Male,62000,D04,3,Yes,1,2023-01-05
E09154,Gayatri Das,23,Female,40000,D03,2,Yes,0,2024-11-19
E09155,Deepika Malhotra,52,Female,79500,D06,5,No,3,2021-03-14
E09156,Aparna Sharma,22,Female,55000,D01,3,No,0,2024-08-27
E09157,Pooja Malhotra,26,Female,59000,D02,2,No,3,2021-05-09
E09158,Anil Desai,58,Male,150000,D05,4,Yes,11,2013-02-05
E09159,Namita Dubey,42,Female,,D06,4,No,5,2019-04-03
E09160,Lakshmi Thakur,46,Female,107000,D01,4,No,11,2013-02-24
E09161,Pratik Shah,54,Male,96000,D03,5,Yes,16,2008-07-01
E09162,Mohit Kulkarni,45,Male,78500,D03,3,Yes,15,2009-05-28
E09163,Amit Singh,54,Male,101500,D07,5,No,3,2021-05-02
E09164,Lakshmi Saxena,58,Female,93000,D03,5,No,5,2019-08-11
E09165,Abhijit Mehta,41,Male,59000,D06,3,No,14,2010-05-16
E09166,Komal Desai,51,Female,108500,D02,3,Yes,6,2018-07-13
E09167,Vrinda Sharma,32,Female,,D07,2,No,9,2015-11-22
E09168,Meera Shah,28,Female,36500,D04,3,No,4,2020-08-22
E09169,Rajesh Nambiar,44,Male,92000,D02,4,No,8,2016-07-03
E09170,Rahul Patel,30,Male,68500,D01,3,No,9,2015-09-19
E09171,Abhijit Iyer,47,Male,70500,D04,4,No,7,2017-02-22
E09172,Leena Menon,27,Female,66500,D01,4,No,2,2022-06-21
E09173,Amit Nambiar,52,Male,87500,D07,3,No,9,2015-01-13
E09174,Rohit Malhotra,57,Male,70000,D04,5,Yes,14,2010-02-28
E09175,Amit Sharma,58,Male,105000,D07,3,Yes,12,2012-08-18
E09176,Sanjay Gupta,34,Male,,D03,2,No,9,2015-01-06
E09177,Kartik Reddy,25,Male,65000,D01,1,No,2,2022-05-25
E09178,Nitin Yadav,42,Male,108000,D05,3,No,3,2021-10-16
E09179,Sheetal Malhotra,48,Female,127500,D05,3,No,0,2024-10-09
E09180,Vinay Thakur,58,Male,136000,D01,5,No,10,2014-08-25
E09181,Mohit Shenoy,26,Male,59000,D02,2,No,4,2020-11-05
E09182,Ritu Pawar,48,Female,,D03,2,No,3,2021-12-10
E09183,Amit Pawar,34,Male,85500,D01,2,No,0,2024-07-22
E09184,Roshni Patil,58,Female,99000,D07,4,No,14,2010-02-01
E09185,Vikram Bhat,30,Male,78500,D05,3,No,4,2020-08-21
E09186,Pooja Shah,38,Female,,D04,3,Yes,16,2008-09-05
E09187,Roshni Jain,30,Female,40500,D04,2,Yes,3,2021-10-22
E09188,Siddharth Mehta,26,Male,35000,D04,2,No,1,2023-02-27
E09189,Amit Yadav,43,Male,82000,D03,3,No,3,2021-05-13
E09190,Ramesh Reddy,53,Male,90000,D07,4,No,6,2018-03-28
E09191,Deepika Thakur,37,Female,89500,D01,2,Yes,9,2015-12-24
E09192,Piyush Bhatt,38,Male,66000,D07,1,No,13,2011-10-01
E09193,Bharati Mishra,24,Female,50500,D02,2,Yes,3,2021-02-24
E09194,Padmaja Joshi,37,Female,65500,D07,2,No,5,2019-12-09
E09195,Pratik Bhat,36,Male,85000,D01,2,Yes,4,2020-10-03
E09196,Manish Nair,41,Male,83500,D02,3,No,1,2023-11-17
E09197,Harish Jain,57,Male,90000,D06,5,No,6,2018-11-04
E09198,Lakshmi Yadav,47,Female,124500,D05,5,No,9,2015-06-16
E09199,Divya Bhat,23,Female,35000,D04,3,No,2,2022-08-27
E09200,Ritu Shenoy,42,Female,105500,D01,2,No,6,2018-03-20
E09201,Kavya Patil,50,Female,81000,D06,4,No,6,2018-09-18
E09202,Rakesh Desai,37,Male,72500,D03,4,No,9,2015-10-16
E09203,Leena Yadav,27,Female,52000,D02,2,No,2,2022-01-19
E09204,Piyush Chauhan,46,Male,77500,D03,4,No,13,2011-09-28
E09205,Jyoti Thakur,50,Female,,D04,5,Yes,16,2008-12-13
E09206,Deepak Shukla,24,Male,67500,D05,3,No,3,2021-01-24
E09207,Gaurav Nair,51,Male,104500,D02,4,Yes,11,2013-10-25
E09208,Neha Saxena,24,Female,55000,D01,3,No,3,2021-12-14
E09209,Abhijit Pillai,52,Male,129000,D01,4,No,14,2010-12-22
E09210,Chetana Gupta,23,Female,38000,D06,4,No,2,2022-09-02
E09211,Sudha Gupta,40,Female,,D02,4,No,2,2022-11-13
E09212,Preeti Mishra,53,Female,64000,D04,4,No,0,2024-09-19
E09213,Nitin Patel,49,Male,83000,D03,3,No,12,2012-10-22
E09214,Rohit Bhat,27,Male,74000,D01,2,No,6,2018-10-19
E09215,Mohit Joshi,50,Male,83500,D06,5,Yes,2,2022-12-02
E09216,Smita Patil,52,Female,,D07,4,No,9,2015-03-06
E09217,Anil Menon,47,Male,82000,D07,4,Yes,8,2016-04-08
E09218,Namita Chauhan,38,Female,65500,D06,3,No,4,2020-07-25
E09219,Arjun Joshi,34,Male,41000,D04,2,No,3,2021-02-14
E09220,Namita Kumar,53,Female,111000,D02,5,No,4,2020-11-02
E09221,Poonam Bhosale,27,Female,73500,D05,2,No,4,2020-08-09
E09222,Manish Kulkarni,29,Male,68000,D01,2,Yes,0,2024-11-22
E09223,Nilesh Kaur,50,Male,91000,D03,4,No,13,2011-12-17
E09224,Mohit Mishra,49,Male,134500,D05,5,No,14,2010-07-07
E09225,Sunita Bhosale,30,Female,56000,D02,3,No,0,2024-04-01
E09226,Ananya Mishra,49,Female,64000,D04,4,Yes,16,2008-01-06
E09227,Ajay Patil,27,Male,49500,D02,2,Yes,3,2021-09-02
E09228,Vandana Singh,34,Female,56500,D03,4,No,4,2020-09-21
E09229,Preeti Das,36,Female,63500,D07,2,Yes,11,2013-04-13
E09230,Vandana Bhat,54,Female,79500,D06,4,No,0,2024-06-02
E09231,Manasi Pawar,46,Female,78500,D03,2,No,8,2016-01-13
E09232,Arjun Patil,51,Male,95000,D03,5,No,1,2023-12-01
E09233,Pratik Joshi,39,Male,99000,D05,4,No,8,2016-01-08
E09234,Tushar Bhosale,39,Male,79000,D02,4,No,8,2016-03-26
E09235,Smita Bhatt,43,Female,64000,D04,4,No,10,2014-09-17
E09236,Lokesh Pandey,38,Male,75000,D07,4,Yes,13,2011-04-13
E09237,Padmaja Dubey,43,Female,104000,D01,3,No,1,2023-07-21
E09238,Gayatri Patel,46,Female,77500,D03,5,No,7,2017-03-24
E09239,Sunita Iyer,49,Female,82000,D06,5,No,10,2014-02-19
E09240,Piyush Nambiar,37,Male,57000,D03,2,No,10,2014-08-01
E09241,Deepika Pawar,48,Female,66000,D04,5,Yes,6,2018-05-06
E09242,Siddharth Bhatt,32,Male,50000,D04,1,No,11,2013-04-16
E09243,Rahul Bhat,22,Male,40000,D03,2,No,1,2023-01-20
E09244,Devendra Singh,26,Male,42500,D07,4,No,1,2023-05-18
E09245,Nikhil Roy,50,Male,134500,D05,5,No,6,2018-05-17
E09246,Nisha Saxena,47,Female,95500,D02,2,No,15,2009-01-20
E09247,Sonal Menon,58,Female,75000,D04,4,Yes,1,2023-10-13
E09248,Neha Reddy,55,Female,81000,D06,4,No,5,2019-10-23
E09249,Manish Patil,28,Male,79500,D05,2,No,3,2021-04-13
E09250,Saurabh Das,37,Male,,D05,2,No,13,2011-05-12
E09251,Chetan Singh,27,Male,,D02,4,No,2,2022-03-12
E09252,Nisha Saxena,30,Female,64500,D02,1,No,7,2017-06-10
E09253,Tanvi Nambiar,54,Female,,D03,4,No,9,2015-03-01
E09254,Archana Jain,39,Female,75000,D02,2,Yes,16,2008-06-28
E09255,Sneha Yadav,53,Female,133500,D05,5,No,16,2008-04-17
E09256,Hemant Das,26,Male,58500,D01,2,No,5,2019-04-21
E09257,Sudhir Kulkarni,51,Male,,D04,5,No,15,2009-04-04
E09258,Poornima Desai,37,Female,81500,D02,4,No,10,2014-01-27
E09259,Madhuri Das,47,Female,85500,D02,3,No,8,2016-01-15
E09260,Shruti Patil,28,Female,56500,D07,2,No,3,2021-07-16
E09261,Ajay Agarwal,39,Male,53500,D04,5,No,1,2023-03-26
E09262,Sameer Nambiar,52,Male,122000,D01,4,No,1,2023-04-18
E09263,Anil Shukla,23,Male,42000,D07,2,No,1,2023-12-12
E09264,Karan Shukla,22,Male,36000,D04,4,No,0,2024-03-06
E09265,Hemant Nair,49,Male,90500,D02,5,No,0,2024-02-28
E09266,Chetan Nambiar,32,Male,87500,D05,3,No,11,2013-12-13
E09267,Vinay Shah,32,Male,63000,D02,2,Yes,6,2018-08-12
E09268,Poonam Reddy,42,Female,59000,D04,5,No,16,2008-08-22
E09269,Rupali Shukla,37,Female,91000,D05,4,No,10,2014-03-04
E09270,Sudha Tiwari,58,Female,,D02,5,No,13,2011-10-07
E09271,Chetan Thakur,38,Male,56500,D04,4,No,4,2020-09-19
E09272,Manish Mehta,39,Male,60000,D06,1,No,16,2008-06-13
E09273,Bharat Shenoy,28,Male,52500,D07,1,No,0,2024-03-19
E09274,Rajesh Gupta,51,Male,87500,D06,5,No,4,2020-10-09
E09275,Manoj Kumar,22,Male,61500,D01,3,No,1,2023-11-01
E09276,Neha Pawar,52,Female,109000,D02,5,No,6,2018-10-25
E09277,Ananya Kaur,47,Female,115500,D01,4,No,16,2008-05-08
E09278,Sanjay Menon,45,Male,75000,D03,3,No,1,2023-09-27
E09279,Vandana Chauhan,49,Female,73000,D06,3,No,3,2021-02-22
E09280,Shruti Thakur,28,Female,56000,D07,2,No,3,2021-01-14
E09281,Chetan Desai,36,Male,55000,D06,1,No,12,2012-04-22
E09282,Pranav Saxena,24,Male,40500,D04,2,No,1,2023-10-22
E09283,Deepa Jain,53,Female,89000,D06,4,Yes,15,2009-08-19
E09284,Sudhir Joshi,56,Male,84000,D06,5,No,3,2021-09-21
E09285,Jyoti Jain,53,Female,123500,D01,4,No,12,2012-11-17
E09286,Harish Kulkarni,26,Male,38000,D06,1,Yes,3,2021-04-22
E09287,Varun Nambiar,33,Male,54500,D04,3,Yes,8,2016-12-07
E09288,Pratik Dubey,32,Male,,D04,3,No,7,2017-07-21
E09289,Rahul Kumar,55,Male,87500,D03,4,No,14,2010-11-16
E09290,Padmaja Mehta,38,Female,78500,D02,3,No,13,2011-10-24
E09291,Nikhil Singh,40,Male,52000,D04,1,Yes,9,2015-05-13
E09292,Pallavi Nambiar,47,Female,,D05,4,No,7,2017-05-23
E09293,Aparna Bhosale,42,Female,76000,D02,2,No,14,2010-03-25
E09294,Hemant Kumar,37,Male,60500,D03,1,Yes,7,2017-11-18
E09295,Sneha Chauhan,46,Female,90000,D02,3,No,10,2014-01-14
E09296,Tejas Nambiar,56,Male,88500,D03,4,No,12,2012-10-15
E09297,Devendra Kumar,30,Male,66500,D01,2,No,7,2017-03-25
E09298,Lakshmi Tiwari,26,Female,35000,D04,2,No,5,2019-10-27
E09299,Tanvi Reddy,44,Female,72500,D03,5,No,8,2016-07-20
E09300,Sunil Pawar,26,Male,63500,D05,4,No,4,2020-08-17
E09301,Amol Chauhan,47,Male,88500,D02,3,No,4,2020-04-15
E09302,Bharat Nair,36,Male,,D06,4,Yes,10,2014-05-10
E09303,Neha Joshi,55,Female,103000,D02,4,No,13,2011-09-25
E09304,Tushar Sharma,54,Male,75000,D04,4,No,11,2013-01-24
E09305,Sudhir Gupta,46,Male,113000,D01,4,No,7,2017-11-03
E09306,Girish Desai,40,Male,111000,D05,4,No,3,2021-07-24
E09307,Deepika Agarwal,32,Female,41000,D04,1,Yes,11,2013-06-24
E09308,Smita Bhat,44,Female,58500,D04,5,No,3,2021-01-18
E09309,Roshni Yadav,25,Female,60000,D05,2,No,3,2021-10-12
E09310,Sanjay Tiwari,31,Male,62000,D03,2,No,2,2022-07-03
E09311,Ajit Singh,42,Male,,D06,2,No,13,2011-03-11
E09312,Deepa Menon,48,Female,77500,D03,4,No,12,2012-04-11
E09313,Tejas Agarwal,33,Male,63000,D07,4,No,0,2024-01-01
E09314,Archana Desai,42,Female,115000,D05,2,No,5,2019-07-17
E09315,Vikram Yadav,24,Male,67500,D05,3,No,2,2022-03-07
E09316,Ruchika Jain,48,Female,,D01,3,No,5,2019-03-23
E09317,Vrinda Tiwari,53,Female,68500,D04,5,No,2,2022-07-09
E09318,Divya Mehta,22,Female,57500,D01,1,No,0,2024-07-28
E09319,Ramesh Thakur,55,Male,67000,D04,5,No,12,2012-04-24
E09320,Devendra Jain,55,Male,105000,D07,5,No,1,2023-05-09
E09321,Gayatri Jain,45,Female,53500,D04,4,No,4,2020-12-26
E09322,Dinesh Das,22,Male,40000,D03,1,Yes,1,2023-05-04
E09323,Deepa Thakur,46,Female,68000,D06,4,No,11,2013-04-25
E09324,Lakshmi Reddy,47,Female,88000,D02,5,No,16,2008-09-05
E09325,Kavya Rao,42,Female,76500,D07,5,No,12,2012-07-20
E09326,Nandita Mishra,28,Female,48500,D07,2,Yes,4,2020-08-11
E09327,Leena Shenoy,52,Female,77000,D06,4,No,14,2010-02-22
E09328,Karan Singh,49,Male,,D02,5,No,15,2009-08-05
E09329,Sunil Bhat,39,Male,,D07,4,No,2,2022-03-14
E09330,Ajay Mehta,38,Male,92500,D01,4,Yes,8,2016-10-25
E09331,Anil Nair,24,Male,52000,D02,2,No,0,2024-12-06
E09332,Kavya Menon,23,Female,63500,D05,1,No,1,2023-09-07
E09333,Vivek Thakur,34,Male,49000,D04,1,No,13,2011-06-23
E09334,Meera Roy,49,Female,86500,D07,4,No,15,2009-03-08
E09335,Vrinda Tiwari,25,Female,71500,D05,4,No,4,2020-12-04
E09336,Tanvi Tiwari,41,Female,68500,D06,4,No,0,2024-05-16
E09337,Siddharth Bhatt,44,Male,89500,D02,3,No,10,2014-03-13
E09338,Ritu Verma,51,Female,,D03,3,Yes,15,2009-07-13
E09339,Poonam Sharma,28,Female,72000,D05,1,No,6,2018-08-16
E09340,Ramesh Nair,39,Male,54500,D04,4,No,6,2018-01-13
E09341,Nilesh Pandey,45,Male,81000,D03,3,No,6,2018-09-03
E09342,Kartik Jain,35,Male,65500,D07,3,Yes,0,2024-01-06
E09343,Tejas Pandey,41,Male,79000,D02,4,No,11,2013-11-28
E09344,Sanjay Joshi,46,Male,77000,D03,4,No,15,2009-04-26
E09345,Poonam Agarwal,55,Female,,D07,4,No,13,2011-11-23
E09346,Smita Menon,50,Female,137500,D05,4,No,6,2018-07-13
E09347,Manish Singh,36,Male,51500,D06,4,No,14,2010-11-09
E09348,Pooja Kulkarni,51,Female,79000,D06,3,No,12,2012-04-26
E09349,Ruchika Kaur,51,Female,97000,D02,4,No,16,2008-02-10
E09350,Preeti Reddy,44,Female,63000,D06,4,No,2,2022-06-12
E09351,Padmaja Dubey,32,Female,,D06,2,No,8,2016-11-23
E09352,Pranav Bhatt,46,Male,87500,D03,5,No,16,2008-03-24
E09353,Deepak Jain,40,Male,75500,D07,4,No,6,2018-03-18
E09354,Manoj Singh,43,Male,90000,D02,4,No,6,2018-08-24
E09355,Pranav Nair,33,Male,55500,D06,2,Yes,5,2019-11-20
E09356,Deepa Sharma,45,Female,66500,D04,5,No,3,2021-05-03
E09357,Jyoti Das,46,Female,121500,D05,3,No,12,2012-06-15
E09358,Sonal Pawar,33,Female,89000,D05,2,Yes,6,2018-04-01
E09359,Kartik Bhatt,50,Male,86000,D06,4,No,7,2017-11-20
E09360,Megha Chauhan,50,Female,99500,D02,5,No,6,2018-01-26
E09361,Devendra Pawar,24,Male,,D05,4,No,0,2024-08-13
E09362,Meera Verma,30,Female,46500,D04,3,No,7,2017-10-18
E09363,Pooja Shukla,34,Female,60500,D06,1,No,8,2016-02-25
E09364,Nitin Bhosale,48,Male,79000,D06,3,No,3,2021-03-24
E09365,Sudha Pawar,23,Female,,D05,2,No,0,2024-03-04
E09366,Shweta Dubey,52,Female,,D06,5,No,1,2023-02-16
E09367,Lakshmi Iyer,37,Female,60000,D03,2,Yes,2,2022-06-10
E09368,Hemant Yadav,30,Male,,D02,3,No,5,2019-12-15
E09369,Jyoti Pandey,49,Female,,D06,4,No,5,2019-03-14
E09370,Ashwin Jain,24,Male,56000,D01,2,No,3,2021-02-05
E09371,Varun Pillai,48,Male,94500,D02,4,No,2,2022-08-16
E09372,Manoj Kaur,25,Male,66000,D05,2,No,4,2020-06-19
E09373,Vinay Nair,41,Male,97000,D01,3,No,1,2023-12-15
E09374,Shruti Patel,27,Female,75000,D05,3,Yes,6,2018-08-24
E09375,Archana Kaur,26,Female,55000,D07,2,No,0,2024-06-27
E09376,Sudha Shukla,50,Female,98000,D02,4,No,9,2015-04-26
E09377,Amit Mehta,32,Male,67000,D07,3,No,9,2015-06-01
E09378,Gayatri Patel,22,Female,60000,D05,2,No,1,2023-06-02
E09379,Siddharth Sharma,41,Male,72500,D07,3,Yes,5,2019-02-17
E09380,Devendra Ghosh,31,Male,42500,D04,2,Yes,3,2021-04-13
E09381,Poonam Iyer,22,Female,35000,D04,2,Yes,1,2023-03-28
E09382,Nilesh Joshi,39,Male,92500,D01,4,Yes,12,2012-09-18
E09383,Swati Shenoy,43,Female,50500,D04,2,No,0,2024-08-08
E09384,Chetan Sharma,43,Male,96500,D01,4,Yes,11,2013-02-23
E09385,Aakash Agarwal,42,Male,99500,D01,4,No,3,2021-02-21
E09386,Sunil Das,44,Male,63000,D04,4,No,14,2010-01-06
E09387,Amol Thakur,48,Male,114000,D01,4,No,4,2020-09-27
E09388,Swati Pandey,42,Female,67500,D06,5,No,2,2022-12-25
E09389,Pooja Roy,57,Female,130500,D01,5,No,14,2010-03-09
E09390,Tanvi Nair,28,Female,62500,D02,2,No,2,2022-02-28
E09391,Trupti Desai,23,Female,40000,D03,3,No,2,2022-07-17
E09392,Tanvi Bhatt,32,Female,48500,D04,3,No,1,2023-05-06
E09393,Nisha Sharma,46,Female,85500,D07,4,No,15,2009-07-26
E09394,Suresh Patel,25,Male,73000,D05,2,No,0,2024-03-07
E09395,Tejas Ghosh,40,Male,61500,D06,4,No,2,2022-11-04
E09396,Abhijit Bhatt,22,Male,64000,D05,2,No,0,2024-08-20
E09397,Vivek Singh,34,Male,,D01,1,No,3,2021-06-13
E09398,Priya Bhat,38,Female,60500,D04,4,No,4,2020-11-01
E09399,Shruti Sharma,26,Female,,D06,1,No,1,2023-12-24
E09400,Leena Patel,45,Female,111000,D01,3,No,11,2013-10-08
E09401,Vivek Roy,49,Male,85000,D07,4,Yes,14,2010-06-10
E09402,Poornima Pillai,29,Female,56500,D02,3,Yes,7,2017-04-08
E09403,Ajay Yadav,22,Male,45000,D07,3,No,0,2024-07-11
E09404,Vinay Patil,52,Male,111000,D02,4,No,1,2023-01-04
E09405,Vrinda Joshi,31,Female,81500,D01,3,No,1,2023-01-21
E09406,Sudhir Rao,27,Male,60000,D01,3,No,0,2024-04-20
E09407,Roshni Agarwal,49,Female,,D06,5,No,9,2015-08-23
E09408,Swati Verma,48,Female,108500,D01,3,No,5,2019-09-26
E09409,Bharati Shah,46,Female,,D06,3,No,6,2018-02-06
E09410,Sonal Das,52,Female,141000,D05,5,No,3,2021-11-21
E09411,Lakshmi Pawar,24,Female,43000,D04,2,Yes,0,2024-03-05
E09412,Bharat Iyer,38,Male,67500,D03,3,No,13,2011-05-03
E09413,Rohit Pillai,56,Male,98500,D07,5,No,5,2019-09-15
E09414,Padmaja Reddy,51,Female,91000,D07,4,No,6,2018-05-16
E09415,Harish Pillai,22,Male,45500,D03,3,Yes,1,2023-11-10
E09416,Manoj Reddy,43,Male,81000,D07,3,No,8,2016-07-03
E09417,Mohit Singh,37,Male,72500,D02,3,Yes,15,2009-07-19
E09418,Sudha Shah,23,Female,60000,D01,2,No,0,2024-04-04
E09419,Piyush Iyer,24,Male,45000,D04,2,Yes,0,2024-10-24
E09420,Pooja Agarwal,34,Female,63000,D06,4,No,1,2023-07-12
E09421,Chetana Malhotra,44,Female,83500,D03,5,No,8,2016-09-04
E09422,Pooja Pawar,32,Female,46000,D06,1,No,5,2019-07-14
E09423,Anita Shukla,34,Female,80000,D01,3,No,0,2024-11-14
E09424,Meera Sharma,31,Female,49000,D04,2,No,0,2024-05-20
E09425,Nisha Shah,52,Female,71000,D04,4,Yes,8,2016-05-20
E09426,Nitin Gupta,51,Male,89500,D03,5,No,3,2021-02-26
E09427,Rohit Nair,56,Male,113500,D02,4,No,14,2010-01-05
E09428,Ajit Roy,36,Male,64500,D07,1,Yes,12,2012-03-21
E09429,Deepa Singh,43,Female,68000,D03,3,No,7,2017-02-13
E09430,Harish Gupta,44,Male,,D01,3,No,4,2020-03-22
E09431,Harish Verma,25,Male,54500,D07,3,No,2,2022-07-13
E09432,Neha Kumar,26,Female,45000,D03,4,No,4,2020-08-04
E09433,Ritu Nambiar,53,Female,131500,D05,5,No,2,2022-05-12
E09434,Tanvi Gupta,32,Female,40000,D04,2,No,10,2014-06-17
E09435,Dinesh Malhotra,26,Male,38000,D04,1,No,5,2019-02-22
E09436,Leena Agarwal,38,Female,71500,D07,3,No,11,2013-10-16
E09437,Namita Kaur,29,Female,,D07,2,No,7,2017-10-20
E09438,Devendra Reddy,56,Male,145500,D05,5,No,7,2017-05-01
E09439,Divya Nambiar,35,Female,85000,D05,1,No,8,2016-07-20
E09440,Rakesh Kulkarni,51,Male,101000,D02,5,No,14,2010-05-06
E09441,Roshni Saxena,54,Female,130500,D01,3,No,16,2008-10-09
E09442,Varun Bhosale,46,Male,76000,D03,3,No,14,2010-04-07
E09443,Anita Jain,30,Female,79500,D05,2,No,2,2022-03-27
E09444,Rahul Jain,22,Male,57500,D01,3,No,1,2023-02-06
E09445,Varun Verma,41,Male,105500,D05,3,No,6,2018-07-21
E09446,Ananya Reddy,32,Female,74000,D01,1,No,6,2018-11-24
E09447,Vinay Roy,37,Male,75500,D07,3,No,16,2008-05-23
E09448,Chetan Dubey,44,Male,84000,D03,5,No,2,2022-04-12
E09449,Arjun Shenoy,44,Male,,D01,5,No,1,2023-01-24
E09450,Shruti Pandey,51,Female,129500,D05,4,No,3,2021-01-26
E09451,Ramesh Patel,29,Male,47500,D06,4,No,0,2024-09-16
E09452,Sudhir Pandey,43,Male,80500,D03,4,No,15,2009-07-21
E09453,Ananya Ghosh,34,Female,56000,D03,2,Yes,7,2017-01-19
E09454,Deepa Chauhan,47,Female,59500,D04,2,Yes,9,2015-05-04
E09455,Sudhir Saxena,26,Male,38000,D06,3,No,1,2023-03-02
E09456,Padmaja Reddy,56,Female,84000,D06,3,No,4,2020-10-24
E09457,Harish Joshi,37,Male,91500,D05,3,No,16,2008-03-10
E09458,Komal Gupta,48,Female,92000,D07,3,No,11,2013-04-10
E09459,Vrinda Reddy,28,Female,41000,D04,1,No,5,2019-01-10
E09460,Neha Kumar,50,Female,76500,D06,4,No,8,2016-03-08
E09461,Nilesh Shenoy,53,Male,133500,D01,5,No,10,2014-12-06
E09462,Siddharth Kulkarni,51,Male,123000,D01,4,No,2,2022-11-22
E09463,Amol Kulkarni,32,Male,,D05,3,No,1,2023-11-01
E09464,Bharati Shah,44,Female,110500,D05,5,No,16,2008-06-02
E09465,Reena Ghosh,58,Female,71500,D04,5,Yes,11,2013-04-08
E09466,Sonal Desai,36,Female,67500,D02,2,Yes,9,2015-04-26
E09467,Sameer Thakur,28,Male,49000,D07,2,No,6,2018-12-23
E09468,Poonam Das,37,Female,94000,D01,2,No,4,2020-11-05
E09469,Pallavi Rao,40,Female,83500,D02,4,Yes,11,2013-09-13
E09470,Sanket Jain,27,Male,46500,D06,2,No,6,2018-01-24
E09471,Vinay Shenoy,56,Male,75000,D04,4,No,11,2013-10-17
E09472,Gaurav Pillai,40,Male,,D06,2,No,10,2014-02-07
E09473,Poonam Tiwari,48,Female,76500,D03,5,No,14,2010-04-21
E09474,Piyush Nair,24,Male,43000,D06,3,No,3,2021-02-19
E09475,Madhuri Thakur,32,Female,83000,D01,2,No,5,2019-09-25
E09476,Sanket Pandey,40,Male,77500,D07,3,No,2,2022-11-05
E09477,Megha Singh,23,Female,44500,D06,1,No,2,2022-06-23
E09478,Sunil Pillai,33,Male,55500,D03,2,No,4,2020-10-05
E09479,Nandita Bhosale,57,Female,75000,D04,5,Yes,3,2021-03-18
E09480,Amit Menon,32,Male,55000,D03,3,No,2,2022-05-13
E09481,Shruti Nambiar,36,Female,84000,D01,1,No,2,2022-08-22
E09482,Sonal Jain,32,Female,77500,D01,2,No,11,2013-11-19
E09483,Rahul Sharma,41,Male,103500,D01,4,No,6,2018-10-07
E09484,Sejal Joshi,47,Female,114500,D01,4,No,10,2014-12-11
E09485,Kavya Gupta,35,Female,64000,D03,2,No,5,2019-09-09
E09486,Neha Agarwal,29,Female,40000,D04,1,Yes,0,2024-05-16
E09487,Nikhil Mehta,37,Male,,D07,5,No,11,2013-09-18
E09488,Megha Nair,24,Female,,D05,3,No,2,2022-07-17
E09489,Tanvi Bhatt,52,Female,99500,D07,4,No,6,2018-04-24
E09490,Ananya Chauhan,28,Female,56000,D07,1,No,7,2017-06-23
E09491,Chetan Dubey,43,Male,99000,D01,4,No,0,2024-01-27
E09492,Anita Menon,47,Female,68500,D06,4,Yes,9,2015-11-11
E09493,Meera Tiwari,40,Female,89500,D01,3,Yes,3,2021-03-17
E09494,Kavya Roy,33,Female,56000,D03,1,No,3,2021-09-17
E09495,Pranav Saxena,34,Male,69500,D02,2,No,0,2024-07-19
E09496,Vivek Shah,23,Male,42000,D07,1,No,0,2024-12-11
E09497,Nilesh Malhotra,25,Male,57500,D01,2,Yes,0,2024-03-06
E09498,Suresh Bhat,47,Male,97500,D02,5,Yes,4,2020-05-03
E09499,Poornima Shenoy,41,Female,73000,D06,3,No,2,2022-06-05
E09500,Nilesh Pillai,26,Male,57000,D02,2,Yes,2,2022-04-17
E09501,Manish Agarwal,23,Male,46500,D02,3,No,2,2022-05-20
E09502,Tejas Chauhan,32,Male,64500,D07,2,No,9,2015-08-10
E09503,Nilesh Bhatt,31,Male,63000,D07,3,Yes,9,2015-05-05
E09504,Manasi Reddy,36,Female,93500,D01,5,No,2,2022-02-06
E09505,Vandana Yadav,55,Female,,D03,5,No,14,2010-08-18
E09506,Saurabh Reddy,58,Male,75000,D04,5,No,13,2011-05-11
E09507,Komal Verma,45,Female,85500,D07,5,No,3,2021-09-01
E09508,Vivek Patel,45,Male,112000,D01,4,No,1,2023-07-06
E09509,Pallavi Kumar,32,Female,50500,D04,3,Yes,11,2013-09-05
E09510,Vivek Menon,31,Male,46500,D06,2,No,0,2024-10-21
E09511,Lokesh Shenoy,30,Male,49500,D07,1,Yes,3,2021-04-09
E09512,Ramesh Nambiar,31,Male,,D07,2,Yes,2,2022-04-19
E09513,Roshni Nair,39,Female,82500,D02,5,No,15,2009-11-06
E09514,Bharat Bhatt,32,Male,54500,D06,3,Yes,0,2024-08-11
E09515,Madhuri Das,55,Female,65500,D04,4,Yes,9,2015-04-23
E09516,Leena Dubey,52,Female,121000,D01,4,Yes,4,2020-09-18
E09517,Smita Bhatt,43,Female,116000,D05,3,No,9,2015-09-21
E09518,Reena Joshi,25,Female,69500,D05,1,Yes,2,2022-06-13
E09519,Tushar Pandey,52,Male,96000,D07,5,No,2,2022-11-18
E09520,Deepa Patel,36,Female,65500,D07,1,No,7,2017-06-08
E09521,Namita Menon,32,Female,61500,D07,2,No,7,2017-09-06
E09522,Riddhi Dubey,39,Female,97500,D05,3,No,15,2009-02-25
E09523,Rohit Rao,36,Male,93000,D05,1,Yes,3,2021-07-14
E09524,Bharat Mehta,34,Male,,D03,3,No,13,2011-08-27
E09525,Poornima Tiwari,35,Female,57000,D03,3,No,3,2021-08-10
E09526,Sejal Tiwari,45,Female,,D07,3,No,0,2024-10-12
E09527,Chetan Sharma,25,Male,40500,D06,2,No,3,2021-04-09
E09528,Sanket Nair,57,Male,89000,D06,5,No,4,2020-06-19
E09529,Tanvi Verma,41,Female,82500,D07,4,No,3,2021-06-18
E09530,Mohit Das,25,Male,35000,D04,3,No,3,2021-08-27
E09531,Vandana Desai,36,Female,89000,D05,1,No,6,2018-02-18
E09532,Dinesh Bhat,56,Male,,D06,5,No,1,2023-09-23
E09533,Preeti Desai,53,Female,92500,D07,5,No,15,2009-10-25
E09534,Deepika Bhatt,31,Female,,D03,3,Yes,8,2016-04-03
E09535,Kavya Jain,52,Female,102500,D02,5,No,1,2023-04-25
E09536,Sunil Pillai,36,Male,45000,D04,2,Yes,4,2020-10-14
E09537,Poonam Shukla,35,Female,71000,D07,3,No,2,2022-12-21
E09538,Kavya Roy,41,Female,72000,D03,4,No,12,2012-03-07
E09539,Pallavi Patil,38,Female,67000,D06,4,No,3,2021-11-09
E09540,Rohit Bhatt,41,Male,66500,D03,1,No,15,2009-04-12
E09541,Rohit Rao,35,Male,65500,D03,2,Yes,11,2013-04-24
E09542,Sudha Agarwal,38,Female,59500,D03,1,No,0,2024-05-01
E09543,Leena Thakur,30,Female,66000,D01,3,No,3,2021-05-19
E09544,Ramesh Mehta,42,Male,86000,D02,3,No,5,2019-07-10
E09545,Shailesh Roy,46,Male,83500,D07,4,Yes,4,2020-05-01
E09546,Roshni Thakur,57,Female,88500,D06,4,No,16,2008-08-26
E09547,Deepika Tiwari,27,Female,68500,D05,2,No,6,2018-12-05
E09548,Abhijit Reddy,26,Male,43000,D07,2,No,5,2019-03-20
E09549,Sudhir Sharma,39,Male,94000,D01,4,No,6,2018-08-14
E09550,Pranav Yadav,44,Male,63500,D04,3,Yes,15,2009-06-18
E09551,Vandana Agarwal,37,Female,46000,D04,2,No,15,2009-02-27
E09552,Lakshmi Nair,31,Female,78500,D05,4,No,0,2024-05-17
E09553,Manoj Das,43,Male,86000,D02,4,No,7,2017-09-21
E09554,Lakshmi Patil,40,Female,56000,D06,2,No,5,2019-02-13
E09555,Nisha Shukla,37,Female,71000,D03,4,No,4,2020-10-18
E09556,Gaurav Yadav,38,Male,70500,D02,2,Yes,5,2019-12-28
E09557,Ritu Reddy,44,Female,70000,D06,5,No,16,2008-02-10
E09558,Gaurav Gupta,45,Male,78000,D06,5,No,9,2015-01-11
E09559,Mohit Sharma,38,Male,97000,D01,3,No,13,2011-12-19
E09560,Bharat Verma,23,Male,40000,D03,2,Yes,1,2023-03-27
E09561,Deepa Bhat,53,Female,132500,D05,5,No,13,2011-09-18
E09562,Madhuri Sharma,58,Female,75000,D04,5,No,13,2011-04-01
E09563,Tanvi Singh,34,Female,56500,D04,4,No,12,2012-07-22
E09564,Deepika Kaur,29,Female,54500,D02,2,Yes,0,2024-01-16
E09565,Manish Singh,43,Male,71000,D07,4,No,13,2011-11-24
E09566,Vrinda Ghosh,47,Female,100000,D02,5,No,3,2021-07-03
E09567,Poonam Singh,45,Female,90000,D07,4,Yes,7,2017-08-14
E09568,Kavya Sharma,47,Female,121000,D01,4,No,5,2019-11-22
E09569,Sunil Malhotra,36,Male,68500,D03,3,No,3,2021-12-06
E09570,Pooja Jain,43,Female,79000,D07,3,No,10,2014-07-02
E09571,Padmaja Patel,29,Female,78500,D05,3,No,2,2022-11-09
E09572,Gaurav Thakur,37,Male,68500,D02,1,No,0,2024-07-21
E09573,Saurabh Rao,52,Male,,D07,4,No,3,2021-05-21
E09574,Pranav Gupta,32,Male,82000,D01,3,No,0,2024-12-05
E09575,Deepika Nambiar,34,Female,61500,D06,5,No,10,2014-06-11
E09576,Komal Tiwari,38,Female,,D02,4,No,14,2010-03-20
E09577,Sunil Iyer,28,Male,40000,D06,4,No,1,2023-12-23
E09578,Piyush Bhat,45,Male,70500,D03,5,No,16,2008-01-02
E09579,Lakshmi Nambiar,55,Female,88500,D03,4,No,13,2011-12-01
E09580,Pratik Sharma,45,Male,122000,D05,3,No,8,2016-09-25
E09581,Manasi Tiwari,48,Female,91000,D03,4,Yes,13,2011-07-13
E09582,Pranav Pandey,38,Male,76000,D02,2,No,6,2018-02-28
E09583,Kavya Saxena,47,Female,89500,D03,5,No,12,2012-01-23
E09584,Vikram Jain,56,Male,115000,D02,5,No,16,2008-01-03
E09585,Nandita Bhat,47,Female,92500,D02,4,No,9,2015-09-19
E09586,Suresh Iyer,35,Male,58000,D07,3,No,13,2011-12-20
E09587,Gayatri Menon,47,Female,122500,D05,4,No,10,2014-06-07
E09588,Poonam Joshi,29,Female,55500,D07,3,No,7,2017-07-12
E09589,Nilesh Shenoy,29,Male,54000,D06,3,Yes,2,2022-06-04
E09590,Poornima Iyer,53,Female,129500,D01,5,No,8,2016-02-13
E09591,Chetana Kumar,45,Female,63500,D04,4,Yes,6,2018-07-08
E09592,Anil Nair,56,Male,,D02,4,No,12,2012-01-02
E09593,Shailesh Rao,28,Male,57500,D03,3,No,1,2023-04-21
E09594,Anil Mehta,31,Male,41500,D04,2,No,0,2024-05-02
E09595,Sameer Bhatt,34,Male,62000,D02,2,No,5,2019-11-02
E09596,Anita Menon,22,Female,38000,D06,1,Yes,0,2024-03-03
E09597,Kavya Menon,50,Female,121500,D01,5,No,7,2017-10-15
E09598,Deepak Saxena,54,Male,64000,D04,4,No,6,2018-05-27
E09599,Namita Bhosale,27,Female,58500,D02,2,Yes,2,2022-10-25
E09600,Vrinda Bhatt,42,Female,108500,D01,3,No,1,2023-12-15
E09601,Vivek Jain,51,Male,130000,D01,5,No,1,2023-06-15
E09602,Hemant Iyer,27,Male,43000,D06,2,No,2,2022-05-02
E09603,Nitin Mehta,54,Male,132000,D05,5,No,10,2014-03-14
E09604,Jyoti Kulkarni,51,Female,115500,D01,4,No,13,2011-10-11
E09605,Dinesh Bhat,44,Male,81000,D07,5,No,5,2019-11-13
E09606,Saurabh Chauhan,51,Male,74000,D06,2,No,16,2008-02-08
E09607,Nitin Das,37,Male,59500,D03,1,No,6,2018-12-25
E09608,Vikram Mishra,54,Male,75000,D04,5,No,9,2015-12-19
E09609,Suresh Shah,23,Male,54500,D02,2,No,2,2022-01-07
E09610,Pallavi Mehta,57,Female,113500,D02,4,No,14,2010-08-25
E09611,Rupali Kumar,26,Female,70000,D01,2,No,1,2023-03-27
E09612,Bharati Shenoy,33,Female,73500,D01,1,No,6,2018-03-14
E09613,Sneha Das,32,Female,50500,D06,3,No,0,2024-03-27
E09614,Bharat Shukla,56,Male,,D07,5,No,15,2009-03-10
E09615,Megha Sharma,31,Female,78500,D01,3,No,3,2021-04-03
E09616,Sudhir Mishra,23,Male,42000,D07,3,No,1,2023-10-16
E09617,Deepak Thakur,53,Male,85500,D03,5,No,8,2016-12-01
E09618,Girish Bhat,25,Male,50000,D07,2,No,0,2024-07-16
E09619,Rahul Ghosh,47,Male,79500,D03,3,Yes,13,2011-03-03
E09620,Pallavi Verma,37,Female,80500,D02,4,No,8,2016-09-15
E09621,Vikram Gupta,51,Male,117000,D01,5,No,13,2011-12-19
E09622,Chetan Malhotra,54,Male,75000,D04,5,No,2,2022-11-23
E09623,Bharat Bhatt,22,Male,,D01,2,No,1,2023-08-12
E09624,Poonam Patil,22,Female,43500,D06,1,Yes,0,2024-08-25
E09625,Manoj Mishra,30,Male,51500,D04,2,No,7,2017-11-05
E09626,Deepika Thakur,43,Female,108500,D01,3,No,4,2020-12-24
E09627,Deepa Kaur,35,Female,60500,D03,3,No,7,2017-05-21
E09628,Nandita Sharma,34,Female,,D06,2,No,6,2018-11-08
E09629,Komal Verma,39,Female,77500,D02,3,Yes,14,2010-08-25
E09630,Lokesh Mehta,34,Male,81500,D01,2,No,8,2016-09-21
E09631,Manish Malhotra,54,Male,90500,D03,4,Yes,13,2011-07-11
E09632,Sameer Menon,24,Male,72500,D05,3,No,0,2024-04-08
E09633,Sheetal Yadav,49,Female,126500,D01,4,No,3,2021-12-07
E09634,Piyush Kulkarni,28,Male,79500,D05,2,No,0,2024-10-18
E09635,Sudha Nambiar,50,Female,127500,D01,3,No,8,2016-08-27
E09636,Tushar Singh,24,Male,60000,D05,3,No,0,2024-02-14
E09637,Ruchika Agarwal,48,Female,96500,D02,3,No,9,2015-01-13
E09638,Vinay Nambiar,53,Male,75000,D04,5,Yes,11,2013-11-27
E09639,Sunita Verma,51,Female,73500,D06,4,Yes,9,2015-10-23
E09640,Anil Menon,27,Male,55000,D03,2,No,1,2023-10-26
E09641,Dinesh Kumar,22,Male,42500,D03,1,No,1,2023-09-15
E09642,Harish Iyer,22,Male,48500,D07,4,Yes,1,2023-07-23
E09643,Shruti Pandey,22,Female,43000,D03,2,No,1,2023-08-13
E09644,Deepa Pandey,51,Female,97000,D02,5,No,12,2012-11-10
E09645,Vinay Sharma,52,Male,93500,D07,4,No,15,2009-02-23
E09646,Sunil Shah,29,Male,55000,D06,3,Yes,8,2016-03-21
E09647,Ruchika Roy,29,Female,82000,D05,3,No,5,2019-11-28
E09648,Ajay Kumar,44,Male,111000,D01,4,No,14,2010-07-16
E09649,Smita Kumar,36,Female,,D03,2,Yes,5,2019-08-12
E09650,Ananya Rao,54,Female,132500,D01,5,No,15,2009-09-15
E09651,Neha Das,57,Female,93500,D03,4,No,16,2008-04-17
E09652,Sameer Kaur,54,Male,97000,D07,4,No,7,2017-07-28
E09653,Poonam Yadav,43,Female,66500,D06,3,No,8,2016-03-05
E09654,Sanket Kumar,51,Male,95500,D02,5,No,11,2013-09-02
E09655,Tushar Das,29,Male,76000,D05,2,No,2,2022-04-22
E09656,Abhijit Tiwari,52,Male,95000,D07,3,No,8,2016-12-02
E09657,Harish Singh,49,Male,93000,D07,5,No,6,2018-04-13
E09658,Tushar Pandey,39,Male,75500,D07,3,No,11,2013-05-26
E09659,Reena Shenoy,23,Female,42000,D07,3,No,0,2024-01-27
E09660,Nandita Tiwari,52,Female,82500,D06,3,No,14,2010-03-07
E09661,Karan Mishra,28,Male,,D06,1,No,2,2022-01-13
E09662,Siddharth Dubey,33,Male,81500,D01,3,No,1,2023-07-20
E09663,Deepak Thakur,50,Male,85000,D03,5,No,8,2016-02-12
E09664,Sudhir Ghosh,46,Male,85000,D02,4,No,13,2011-12-10
E09665,Archana Rao,43,Female,84500,D02,4,No,3,2021-01-08
E09666,Sunita Saxena,44,Female,62500,D04,5,Yes,0,2024-03-28
E09667,Manish Bhatt,40,Male,101000,D01,4,No,1,2023-08-27
E09668,Bharat Yadav,50,Male,64000,D04,4,No,2,2022-10-01
E09669,Manoj Pillai,51,Male,132000,D05,5,No,16,2008-06-16
E09670,Deepa Malhotra,58,Female,74500,D04,5,No,1,2023-01-10
E09671,Komal Ghosh,45,Female,121000,D05,4,No,10,2014-04-24
E09672,Riddhi Agarwal,41,Female,75000,D02,4,No,6,2018-11-06
E09673,Aakash Kulkarni,39,Male,96000,D01,3,No,12,2012-12-10
E09674,Sneha Mishra,35,Female,62500,D06,4,No,13,2011-11-28
E09675,Dinesh Das,53,Male,,D03,4,No,16,2008-03-20
E09676,Riddhi Patil,40,Female,84500,D02,3,No,13,2011-08-05
E09677,Sudhir Iyer,57,Male,87000,D06,3,No,12,2012-04-22
E09678,Kartik Sharma,28,Male,54500,D03,3,Yes,4,2020-05-27
E09679,Varun Joshi,42,Male,60000,D06,3,Yes,6,2018-01-27
E09680,Gayatri Desai,28,Female,47500,D04,2,No,3,2021-02-22
E09681,Vandana Pandey,46,Female,,D04,4,Yes,5,2019-12-13
E09682,Bharat Kumar,38,Male,70000,D03,4,No,2,2022-08-10
E09683,Preeti Mishra,27,Female,63500,D01,1,Yes,5,2019-12-01
E09684,Megha Shukla,37,Female,86000,D01,1,No,10,2014-06-15
E09685,Neha Nambiar,43,Female,70500,D03,4,No,4,2020-04-05
E09686,Manoj Sharma,33,Male,64000,D03,1,No,0,2024-11-28
E09687,Smita Nair,56,Female,90000,D06,5,Yes,5,2019-07-10
E09688,Harish Desai,35,Male,90000,D01,3,No,10,2014-05-19
E09689,Bharati Agarwal,27,Female,40500,D06,4,No,1,2023-03-24
E09690,Vikram Roy,38,Male,74000,D02,2,Yes,12,2012-06-18
E09691,Siddharth Dubey,25,Male,46500,D07,2,Yes,0,2024-10-05
E09692,Divya Bhat,41,Female,104000,D05,4,Yes,14,2010-12-25
E09693,Mohit Shah,25,Male,69500,D05,2,No,4,2020-11-16
E09694,Chetan Das,41,Male,66500,D03,3,No,8,2016-04-10
E09695,Piyush Das,22,Male,55000,D01,2,No,0,2024-09-07
E09696,Vikram Jain,22,Male,68000,D05,1,No,1,2023-04-06
E09697,Bharat Bhat,45,Male,76500,D03,4,No,0,2024-08-13
E09698,Riddhi Thakur,50,Female,,D04,5,Yes,3,2021-01-05
E09699,Shruti Jain,56,Female,100000,D03,5,No,2,2022-04-28
E09700,Tushar Shukla,37,Male,81000,D02,3,Yes,11,2013-09-13
E09701,Padmaja Gupta,29,Female,45500,D04,2,Yes,3,2021-10-10
E09702,Aakash Joshi,30,Male,,D04,3,No,7,2017-04-03
E09703,Suresh Mishra,30,Male,49500,D06,1,No,3,2021-12-18
E09704,Sejal Saxena,45,Female,64500,D04,3,Yes,3,2021-08-12
E09705,Gaurav Gupta,50,Male,130000,D05,4,No,5,2019-08-27
E09706,Abhijit Verma,44,Male,84000,D02,4,No,5,2019-01-26
E09707,Bharati Shukla,46,Female,76500,D07,4,No,15,2009-01-27
E09708,Bharati Patel,32,Female,83000,D01,2,Yes,0,2024-04-04
E09709,Kavya Mishra,37,Female,69500,D07,1,Yes,1,2023-09-07
E09710,Riddhi Chauhan,48,Female,,D03,4,Yes,6,2018-10-22
E09711,Vivek Malhotra,29,Male,,D04,2,Yes,0,2024-04-12
E09712,Manish Shukla,47,Male,,D07,2,Yes,1,2023-08-13
E09713,Sejal Rao,55,Female,98500,D03,5,No,5,2019-09-14
E09714,Ajit Chauhan,23,Male,,D03,2,No,2,2022-02-15
E09715,Nikhil Reddy,28,Male,,D01,2,No,3,2021-09-27
E09716,Nilesh Yadav,45,Male,67500,D04,4,No,10,2014-12-13
E09717,Rakesh Kumar,33,Male,49000,D06,3,No,6,2018-09-19
E09718,Roshni Kaur,55,Female,141000,D05,3,No,9,2015-08-24
E09719,Anita Bhat,58,Female,84500,D06,5,No,7,2017-08-25
E09720,Aakash Pawar,41,Male,78500,D02,4,No,7,2017-04-16
E09721,Saurabh Nair,35,Male,89500,D01,3,No,2,2022-03-17
E09722,Rahul Desai,32,Male,,D03,1,Yes,3,2021-05-10
E09723,Vandana Kaur,23,Female,60000,D05,2,No,1,2023-10-07
E09724,Piyush Roy,31,Male,82000,D05,3,No,0,2024-01-28
E09725,Lakshmi Shah,39,Female,,D05,3,No,12,2012-02-28
E09726,Poonam Das,48,Female,75500,D06,4,No,10,2014-07-24
E09727,Ajay Patel,37,Male,70000,D02,2,Yes,5,2019-11-10
E09728,Girish Patil,30,Male,,D07,1,No,8,2016-03-28
E09729,Aparna Singh,49,Female,63000,D04,3,No,5,2019-01-27
E09730,Devendra Nair,29,Male,48500,D03,2,No,6,2018-06-09
E09731,Reena Gupta,47,Female,76500,D03,3,No,5,2019-08-06
E09732,Bharat Patel,31,Male,73000,D01,2,No,5,2019-06-14
E09733,Trupti Bhosale,31,Female,68500,D01,2,No,8,2016-01-27
E09734,Namita Roy,44,Female,71000,D03,3,No,16,2008-06-06
E09735,Rakesh Joshi,31,Male,61000,D03,2,Yes,2,2022-09-09
E09736,Meera Nambiar,23,Female,63500,D01,2,No,0,2024-08-20
E09737,Sunita Shukla,27,Female,,D03,2,No,3,2021-10-24
E09738,Poornima Iyer,28,Female,,D07,3,No,7,2017-09-25
E09739,Nilesh Ghosh,47,Male,79000,D06,4,No,15,2009-11-13
E09740,Sudhir Gupta,42,Male,89500,D02,3,No,6,2018-05-07
E09741,Tushar Nambiar,54,Male,134000,D05,5,No,11,2013-01-25
E09742,Pranav Dubey,25,Male,37500,D04,1,No,3,2021-06-18
E09743,Girish Patil,45,Male,116500,D05,4,Yes,14,2010-05-05
E09744,Sudha Shah,43,Female,110500,D01,4,No,6,2018-01-19
E09745,Sanket Patil,53,Male,130000,D05,4,No,1,2023-01-05
E09746,Abhijit Kaur,36,Male,66500,D03,1,Yes,9,2015-05-22
E09747,Reena Jain,28,Female,69500,D05,1,No,2,2022-09-19
E09748,Komal Gupta,33,Female,54500,D04,4,Yes,4,2020-12-23
E09749,Piyush Malhotra,55,Male,109000,D02,4,No,1,2023-04-20
E09750,Sonal Nambiar,51,Female,118500,D01,3,No,4,2020-04-15
E09751,Sameer Singh,51,Male,80500,D03,3,No,11,2013-12-16
E09752,Tushar Yadav,24,Male,51000,D02,3,Yes,0,2024-08-18
E09753,Piyush Verma,41,Male,79000,D07,4,No,1,2023-02-26
E09754,Ruchika Singh,24,Female,56500,D02,2,Yes,0,2024-06-13
E09755,Padmaja Shah,29,Female,56000,D02,2,No,1,2023-04-19
E09756,Girish Desai,46,Male,113500,D05,3,No,13,2011-03-01
E09757,Saurabh Patel,44,Male,64500,D04,4,Yes,2,2022-05-01
E09758,Kavya Mehta,31,Female,60000,D02,2,Yes,1,2023-08-08
E09759,Sejal Agarwal,34,Female,,D07,4,No,6,2018-11-07
E09760,Bharati Mishra,49,Female,116000,D01,3,No,2,2022-08-13
E09761,Saurabh Chauhan,50,Male,87500,D03,4,No,4,2020-04-04
E09762,Leena Gupta,33,Female,39500,D04,1,Yes,1,2023-07-18
E09763,Nitin Kaur,40,Male,77000,D07,4,No,12,2012-09-02
E09764,Varun Jain,27,Male,44500,D03,3,No,0,2024-06-07
E09765,Divya Thakur,35,Female,58500,D06,3,No,10,2014-03-23
E09766,Archana Bhatt,55,Female,88500,D03,4,No,4,2020-07-25
E09767,Reena Desai,36,Female,59000,D06,1,Yes,6,2018-08-09
E09768,Deepak Roy,39,Male,55000,D06,2,No,1,2023-04-21
E09769,Tanvi Malhotra,48,Female,125500,D05,3,No,7,2017-04-11
E09770,Manoj Bhatt,47,Male,58000,D04,5,No,14,2010-09-18
E09771,Padmaja Shah,51,Female,127500,D01,5,No,6,2018-03-01
E09772,Nilesh Nambiar,53,Male,96000,D07,5,No,5,2019-03-16
E09773,Tejas Menon,58,Male,,D07,5,No,0,2024-08-11
E09774,Vinay Mishra,42,Male,76500,D07,3,No,14,2010-05-28
E09775,Amit Shukla,24,Male,58500,D01,3,No,1,2023-02-01
E09776,Amol Nair,40,Male,81000,D07,3,No,11,2013-01-01
E09777,Manoj Yadav,36,Male,54000,D04,5,Yes,3,2021-07-26
E09778,Vikram Iyer,47,Male,113000,D01,3,No,13,2011-10-12
E09779,Deepa Ghosh,38,Female,45000,D04,2,Yes,0,2024-02-28
E09780,Tushar Iyer,56,Male,148000,D05,5,No,12,2012-06-17
E09781,Anil Nambiar,41,Male,79500,D07,2,No,2,2022-07-12
E09782,Shruti Chauhan,37,Female,105500,D05,3,No,11,2013-08-12
E09783,Divya Menon,41,Female,,D01,4,No,8,2016-12-22
E09784,Sameer Tiwari,35,Male,98000,D05,1,No,0,2024-05-02
E09785,Chetan Mehta,51,Male,74500,D04,5,Yes,7,2017-06-02
E09786,Karan Bhat,42,Male,109000,D05,4,No,16,2008-11-21
E09787,Girish Dubey,31,Male,75000,D01,2,No,3,2021-09-01
E09788,Swati Dubey,24,Female,58000,D01,3,No,2,2022-04-22
E09789,Swati Kulkarni,31,Female,64000,D02,1,No,6,2018-04-19
E09790,Sneha Tiwari,30,Female,42500,D04,4,Yes,8,2016-04-15
E09791,Shruti Yadav,28,Female,55000,D03,4,No,2,2022-06-26
E09792,Namita Dubey,31,Female,61000,D07,2,No,8,2016-06-22
E09793,Shruti Tiwari,52,Female,91000,D03,5,No,4,2020-05-01
E09794,Jyoti Reddy,34,Female,47000,D04,3,Yes,0,2024-06-12
E09795,Vinay Shah,42,Male,108000,D05,3,No,0,2024-08-24
E09796,Sheetal Pawar,39,Female,79500,D02,5,No,1,2023-06-16
E09797,Poonam Kulkarni,38,Female,84000,D02,4,No,10,2014-03-10
E09798,Pooja Dubey,28,Female,47500,D07,2,No,3,2021-09-01
E09799,Vivek Tiwari,23,Male,40000,D03,3,No,1,2023-09-25
E09800,Deepika Pillai,43,Female,97500,D01,4,No,1,2023-12-07
E09801,Saurabh Thakur,47,Male,,D02,5,No,11,2013-07-18
E09802,Siddharth Mishra,49,Male,74000,D06,4,No,5,2019-10-05
E09803,Sanjay Bhat,57,Male,140000,D01,4,No,7,2017-02-09
E09804,Archana Rao,51,Female,97500,D07,5,No,13,2011-09-09
E09805,Archana Verma,24,Female,58000,D01,1,No,0,2024-11-28
E09806,Reena Shenoy,35,Female,71000,D07,4,No,12,2012-02-23
E09807,Tanvi Ghosh,49,Female,,D02,4,No,5,2019-09-06
E09808,Pallavi Ghosh,43,Female,88500,D02,5,No,0,2024-02-20
E09809,Sneha Saxena,50,Female,86500,D06,3,Yes,14,2010-12-12
E09810,Gayatri Iyer,57,Female,,D05,5,No,4,2020-06-08
E09811,Preeti Roy,22,Female,46500,D03,3,No,1,2023-07-15
E09812,Amol Singh,27,Male,68000,D05,3,Yes,5,2019-09-10
E09813,Suresh Singh,34,Male,52000,D06,1,No,9,2015-01-06
E09814,Amit Bhat,26,Male,49500,D07,3,Yes,4,2020-12-16
E09815,Poonam Rao,25,Female,46500,D02,2,Yes,3,2021-08-19
E09816,Lokesh Nambiar,27,Male,53000,D02,3,Yes,6,2018-11-17
E09817,Devendra Saxena,58,Male,90000,D06,5,No,6,2018-12-05
E09818,Tanvi Bhosale,40,Female,67000,D03,2,No,10,2014-11-14
E09819,Meera Singh,34,Female,72500,D02,2,No,6,2018-08-18
E09820,Vandana Nambiar,29,Female,,D01,2,No,0,2024-02-26
E09821,Dinesh Shenoy,48,Male,,D05,4,No,0,2024-07-08
E09822,Sunita Kulkarni,25,Female,,D04,4,Yes,4,2020-04-15
E09823,Rakesh Shah,25,Male,49000,D03,3,No,3,2021-02-14
E09824,Vinay Patel,55,Male,103500,D07,4,No,10,2014-07-18
E09825,Padmaja Pandey,55,Female,75000,D04,4,Yes,4,2020-02-17
E09826,Sejal Tiwari,53,Female,132000,D01,4,No,4,2020-03-10
E09827,Ajay Sharma,44,Male,,D05,4,No,15,2009-07-04
E09828,Trupti Thakur,29,Female,,D02,1,No,4,2020-02-06
E09829,Rakesh Reddy,37,Male,57500,D04,4,No,15,2009-08-22
E09830,Pallavi Bhatt,52,Female,107500,D02,5,Yes,16,2008-10-14
E09831,Vikram Ghosh,47,Male,87000,D02,5,No,15,2009-11-15
E09832,Dinesh Agarwal,30,Male,,D03,3,No,1,2023-07-14
E09833,Divya Dubey,54,Female,99500,D07,5,No,11,2013-06-07
E09834,Bharat Kulkarni,33,Male,48000,D06,2,No,7,2017-08-28
E09835,Bharati Rao,34,Female,63500,D02,4,No,6,2018-03-09
E09836,Rahul Verma,28,Male,67500,D05,3,No,3,2021-09-16
E09837,Sameer Saxena,51,Male,109000,D02,5,Yes,6,2018-03-28
E09838,Sameer Rao,58,Male,148000,D05,3,No,7,2017-05-04
E09839,Sonal Mishra,44,Female,,D06,3,No,11,2013-01-04
E09840,Trupti Reddy,25,Female,57000,D01,1,No,1,2023-10-01
E09841,Tanvi Thakur,45,Female,114000,D01,5,No,9,2015-05-24
E09842,Rahul Pillai,47,Male,,D05,3,No,10,2014-08-23
E09843,Amol Kaur,28,Male,51500,D06,1,No,2,2022-11-01
E09844,Gaurav Bhat,39,Male,54500,D06,2,No,2,2022-12-04
E09845,Saurabh Yadav,37,Male,52500,D06,4,No,2,2022-11-12
E09846,Nisha Patil,25,Female,,D05,3,Yes,4,2020-12-24
E09847,Roshni Yadav,32,Female,82000,D01,3,No,9,2015-10-26
E09848,Rupali Sharma,22,Female,44500,D07,3,No,1,2023-03-11
E09849,Shailesh Kulkarni,58,Male,72000,D04,4,Yes,13,2011-10-13
E09850,Kavya Patil,38,Female,108000,D05,3,No,4,2020-06-12
E09851,Chetan Shukla,31,Male,75500,D01,3,No,7,2017-03-05
E09852,Chetan Bhosale,45,Male,55500,D04,4,No,13,2011-04-26
E09853,Shweta Joshi,39,Female,76000,D07,4,No,12,2012-07-18
E09854,Tejas Nambiar,27,Male,36500,D04,2,Yes,3,2021-10-23
E09855,Sunil Bhatt,54,Male,75000,D04,5,Yes,9,2015-12-05
E09856,Arjun Agarwal,34,Male,76500,D01,1,No,10,2014-12-08
E09857,Siddharth Thakur,24,Male,55000,D01,2,Yes,3,2021-11-25
E09858,Manasi Jain,26,Female,70000,D05,2,No,2,2022-03-20
E09859,Lokesh Jain,24,Male,37500,D04,3,No,2,2022-09-01
E09860,Neha Saxena,45,Female,123500,D05,4,No,15,2009-10-12
E09861,Dinesh Chauhan,26,Male,71500,D01,3,No,2,2022-07-05
E09862,Sanket Singh,51,Male,81500,D06,4,No,9,2015-09-26
E09863,Rahul Bhat,49,Male,58500,D04,3,No,5,2019-09-26
E09864,Ajit Verma,58,Male,90000,D06,5,No,12,2012-04-28
E09865,Riddhi Yadav,31,Female,,D07,3,No,2,2022-10-11
E09866,Vinay Dubey,57,Male,105000,D07,4,No,0,2024-06-21
E09867,Sheetal Mehta,33,Female,73000,D02,2,No,12,2012-10-03
E09868,Pratik Patel,56,Male,101000,D07,5,No,16,2008-08-11
E09869,Chetana Nambiar,33,Female,,D02,1,No,6,2018-02-02
E09870,Ajit Saxena,41,Male,60000,D06,1,No,11,2013-12-04
E09871,Vikram Dubey,22,Male,42000,D07,4,Yes,1,2023-04-21
E09872,Chetana Mehta,52,Female,107000,D02,4,Yes,5,2019-09-17
E09873,Deepak Pawar,40,Male,,D04,2,No,5,2019-03-01
E09874,Meera Chauhan,42,Female,66500,D06,3,No,12,2012-03-17
E09875,Gayatri Bhat,36,Female,57500,D06,3,No,12,2012-04-24
E09876,Sunita Bhosale,31,Female,62000,D07,2,Yes,4,2020-01-03
E09877,Rahul Shenoy,43,Male,62500,D04,3,No,16,2008-07-04
E09878,Sunil Kumar,37,Male,68000,D03,4,No,5,2019-01-15
E09879,Deepika Desai,30,Female,62500,D07,4,No,7,2017-06-24
E09880,Riddhi Bhat,30,Female,57500,D02,3,No,4,2020-10-13
E09881,Gayatri Patel,55,Female,,D06,3,No,0,2024-06-16
E09882,Tejas Saxena,34,Male,60000,D07,2,Yes,2,2022-10-14
E09883,Kavya Kulkarni,31,Female,,D01,3,Yes,10,2014-07-09
E09884,Kartik Roy,50,Male,81500,D06,4,No,12,2012-10-15
E09885,Padmaja Kulkarni,29,Female,58500,D07,1,No,0,2024-02-28
E09886,Rajesh Kulkarni,38,Male,51500,D04,3,Yes,15,2009-12-07
E09887,Vrinda Shukla,22,Female,60000,D05,3,No,1,2023-03-23
E09888,Vinay Mehta,34,Male,57500,D06,1,No,3,2021-11-22
E09889,Nilesh Yadav,26,Male,,D03,4,No,3,2021-08-08
E09890,Rahul Kaur,47,Male,,D02,4,No,11,2013-10-21
E09891,Vandana Kaur,28,Female,54500,D06,2,No,5,2019-07-08
E09892,Ruchika Shah,47,Female,110000,D01,3,No,12,2012-10-25
E09893,Sanket Iyer,29,Male,79000,D01,1,No,3,2021-06-20
E09894,Vrinda Sharma,42,Female,78500,D07,3,No,9,2015-12-18
E09895,Leena Shenoy,34,Female,52000,D03,2,No,1,2023-07-19
E09896,Nisha Tiwari,58,Female,140000,D01,5,No,14,2010-03-14
E09897,Meera Nambiar,30,Female,55500,D06,2,No,5,2019-07-05
E09898,Lokesh Thakur,51,Male,89500,D07,4,No,11,2013-09-01
E09899,Shailesh Joshi,28,Male,62500,D01,2,Yes,2,2022-04-24
E09900,Sudha Shah,29,Female,51500,D03,1,No,2,2022-07-11
E09901,Ajit Reddy,49,Male,88000,D03,4,No,5,2019-12-09
E09902,Roshni Roy,38,Female,53500,D06,3,No,1,2023-07-25
E09903,Meera Pandey,54,Female,98000,D03,5,No,7,2017-06-18
E09904,Rakesh Das,55,Male,80000,D06,5,No,9,2015-04-14
E09905,Aparna Shenoy,24,Female,66000,D01,1,No,3,2021-07-06
E09906,Rahul Menon,25,Male,,D06,1,No,2,2022-04-23
E09907,Archana Gupta,29,Female,,D07,2,Yes,1,2023-07-28
E09908,Deepak Pandey,26,Male,35000,D04,2,No,5,2019-09-21
E09909,Harish Chauhan,56,Male,114000,D02,5,No,3,2021-02-13
E09910,Vinay Menon,32,Male,,D01,3,Yes,0,2024-04-06
E09911,Rakesh Shah,30,Male,74500,D01,4,No,7,2017-09-24
E09912,Tushar Sharma,33,Male,82500,D01,2,No,4,2020-06-11
E09913,Deepak Agarwal,37,Male,55500,D06,2,Yes,3,2021-11-14
E09914,Divya Malhotra,43,Female,80000,D02,3,No,1,2023-07-21
E09915,Nilesh Bhosale,28,Male,,D02,3,Yes,7,2017-11-09
E09916,Smita Patil,28,Female,67000,D01,2,No,7,2017-05-20
E09917,Sheetal Pillai,28,Female,51500,D02,2,Yes,6,2018-02-10
E09918,Priya Kulkarni,36,Female,70000,D03,4,No,11,2013-02-05
E09919,Ananya Dubey,43,Female,85000,D02,4,No,6,2018-07-25
E09920,Jyoti Tiwari,35,Female,91500,D05,1,No,3,2021-06-01
E09921,Rakesh Pandey,43,Male,64000,D04,5,No,0,2024-11-17
E09922,Manasi Tiwari,30,Female,78500,D05,2,No,8,2016-04-22
E09923,Poornima Bhatt,27,Female,,D01,2,Yes,1,2023-05-08
E09924,Chetana Jain,40,Female,60000,D06,3,Yes,13,2011-09-22
E09925,Pratik Tiwari,42,Male,86000,D02,4,No,0,2024-08-03
E09926,Megha Iyer,26,Female,42000,D04,1,No,0,2024-10-04
E09927,Komal Agarwal,47,Female,85500,D03,5,No,12,2012-12-11
E09928,Nandita Nair,26,Female,41000,D06,2,Yes,3,2021-06-18
E09929,Sneha Yadav,32,Female,42500,D04,2,No,10,2014-04-28
E09930,Madhuri Tiwari,43,Female,73500,D07,3,No,11,2013-02-14
E09931,Sheetal Verma,27,Female,42500,D04,4,No,5,2019-06-12
E09932,Rajesh Pillai,52,Male,120500,D01,4,No,9,2015-02-02
E09933,Sonal Patil,34,Female,76000,D01,2,No,12,2012-04-28
E09934,Meera Desai,52,Female,69500,D04,3,No,0,2024-10-13
E09935,Siddharth Shenoy,28,Male,47500,D07,2,No,7,2017-01-10
E09936,Nikhil Verma,23,Male,42000,D07,2,No,2,2022-05-05
E09937,Neha Iyer,47,Female,,D01,4,No,16,2008-05-15
E09938,Girish Shah,32,Male,79500,D01,3,No,3,2021-06-26
E09939,Gaurav Malhotra,36,Male,80500,D01,2,No,13,2011-12-07
E09940,Manoj Sharma,39,Male,109500,D05,4,No,13,2011-04-16
E09941,Arjun Iyer,29,Male,,D07,4,No,0,2024-01-22
E09942,Lokesh Menon,49,Male,69500,D04,5,No,10,2014-07-27
E09943,Priya Pillai,56,Female,,D05,4,No,11,2013-04-14
E09944,Tanvi Reddy,39,Female,49500,D04,1,Yes,16,2008-04-12
E09945,Manoj Gupta,38,Male,66000,D06,4,Yes,14,2010-02-17
E09946,Vikram Shah,27,Male,55500,D07,2,Yes,6,2018-03-15
E09947,Hemant Dubey,55,Male,97500,D03,4,No,12,2012-08-02
E09948,Shruti Agarwal,52,Female,139500,D05,5,No,14,2010-07-04
E09949,Manasi Joshi,44,Female,101500,D01,3,No,16,2008-05-25
E09950,Neha Das,26,Female,38500,D06,3,No,2,2022-04-18
E09951,Nisha Sharma,24,Female,68500,D05,1,No,2,2022-08-17
E09952,Ajit Shukla,52,Male,65500,D04,5,No,7,2017-01-22
E09953,Aakash Pandey,44,Male,,D01,4,No,6,2018-10-21
E09954,Nitin Shenoy,31,Male,77000,D01,3,No,7,2017-05-02
E09955,Shailesh Menon,24,Male,,D04,2,No,2,2022-11-21
E09956,Kartik Desai,58,Male,100000,D03,5,No,11,2013-02-07
E09957,Trupti Kulkarni,41,Female,,D07,4,No,15,2009-11-23
E09958,Meera Pawar,37,Female,,D07,2,Yes,5,2019-02-12
E09959,Komal Chauhan,47,Female,83500,D03,4,No,16,2008-05-12
E09960,Devendra Tiwari,32,Male,77500,D01,1,No,8,2016-02-28
E09961,Nisha Pillai,57,Female,102500,D07,5,No,7,2017-11-24
E09962,Ajit Patel,23,Male,38000,D06,2,No,2,2022-04-10
E09963,Hemant Yadav,25,Male,42000,D07,3,Yes,1,2023-09-18
E09964,Saurabh Joshi,58,Male,150000,D05,4,No,3,2021-09-16
E09965,Karan Kulkarni,27,Male,56500,D07,1,No,5,2019-05-09
E09966,Nitin Yadav,39,Male,97500,D05,1,No,15,2009-03-22
E09967,Bharat Bhat,33,Male,52000,D04,3,Yes,7,2017-02-09
E09968,Chetana Patil,36,Female,88000,D01,2,Yes,4,2020-08-21
E09969,Roshni Yadav,46,Female,55000,D04,5,No,9,2015-07-20
E09970,Rakesh Bhat,48,Male,79500,D06,4,No,1,2023-06-08
E09971,Vivek Sharma,23,Male,,D05,2,No,2,2022-09-20
E09972,Vrinda Saxena,40,Female,84000,D02,4,No,8,2016-03-18
E09973,Sudhir Saxena,47,Male,,D07,5,No,5,2019-10-17
E09974,Girish Joshi,33,Male,54500,D06,3,No,7,2017-02-24
E09975,Jyoti Dubey,56,Female,,D07,4,No,7,2017-11-16
E09976,Siddharth Reddy,43,Male,88000,D02,4,No,13,2011-06-25
E09977,Rupali Nambiar,43,Female,76000,D06,3,No,13,2011-01-16
E09978,Sameer Kumar,36,Male,63000,D07,2,No,13,2011-10-17
E09979,Smita Pillai,55,Female,138000,D05,5,No,3,2021-11-26
E09980,Amit Kaur,43,Male,60500,D04,4,Yes,2,2022-05-18
E09981,Pratik Jain,34,Male,61500,D03,3,No,3,2021-09-24
E09982,Pallavi Patil,58,Female,137500,D01,4,No,6,2018-11-27
E09983,Roshni Saxena,42,Female,55000,D04,4,No,5,2019-12-14
E09984,Tejas Shenoy,52,Male,96500,D07,3,Yes,12,2012-01-05
E09985,Deepak Singh,29,Male,50000,D06,3,No,1,2023-12-26
E09986,Manish Iyer,26,Male,38000,D06,3,No,4,2020-04-21
E09987,Nilesh Shukla,25,Male,41000,D06,2,Yes,4,2020-03-19
E09988,Chetana Shukla,22,Female,,D05,4,No,0,2024-09-20
E09989,Kartik Kumar,37,Male,62500,D07,3,Yes,11,2013-04-03
E09990,Ajit Desai,51,Male,74500,D06,2,No,14,2010-12-01
E09991,Deepak Das,44,Male,102000,D01,5,No,5,2019-06-22
E09992,Vivek Desai,47,Male,82000,D03,4,No,10,2014-06-12
E09993,Shweta Bhatt,24,Female,,D03,2,No,0,2024-01-08
E09994,Riddhi Singh,25,Female,47500,D03,4,No,2,2022-02-05
E09995,Jyoti Jain,41,Female,61000,D06,3,Yes,15,2009-12-13
E09996,Riddhi Yadav,39,Female,66500,D03,2,No,5,2019-09-26
E09997,Mohit Kulkarni,55,Male,136000,D01,5,No,6,2018-05-26
E09998,Pratik Joshi,27,Male,53500,D02,3,No,4,2020-05-16
E09999,Vikram Gupta,50,Male,131000,D05,4,No,11,2013-02-19
E10000,Mohit Patil,49,Male,122000,D05,4,No,15,2009-02-15
